,prob0,prob1,pred_class,class
0,0.4028509991673342,0.5971490008326656,1,1
1,0.2282760876742471,0.7717239123257528,1,1
2,0.3394181869179776,0.6605818130820225,1,1
3,0.5430285382977459,0.4569714617022541,0,1
4,0.5262051397447993,0.4737948602552007,0,1
5,0.5060537909150834,0.4939462090849166,0,1
6,0.6592776304597486,0.3407223695402513,0,1
7,0.440385849077346,0.559614150922654,1,1
8,0.4272860888005745,0.5727139111994256,1,1
9,0.7753669877969203,0.2246330122030796,0,1
10,0.4447796141036124,0.5552203858963874,1,1
11,0.4904285987098676,0.5095714012901323,1,1
12,0.1920886721262811,0.8079113278737188,1,1
13,0.4798111573082902,0.5201888426917097,1,1
14,0.6050868662245361,0.3949131337754639,0,1
15,0.1478306841517495,0.8521693158482504,1,1
16,0.6555613163841993,0.3444386836158007,0,0
17,0.3694315095356398,0.6305684904643603,1,1
18,0.3269046967038727,0.6730953032961272,1,1
19,0.2942543582390058,0.7057456417609942,1,1
20,0.5755082530333085,0.4244917469666914,0,1
21,0.3205453818872755,0.6794546181127246,1,1
22,0.482322807384033,0.5176771926159671,1,1
23,0.4470038369476389,0.552996163052361,1,1
24,0.5034300165197249,0.4965699834802751,0,1
25,0.394442417309638,0.605557582690362,1,1
26,0.4819907123827433,0.5180092876172566,1,1
27,0.3394028483456746,0.6605971516543253,1,1
28,0.6600977560688177,0.3399022439311823,0,1
29,0.4026013196209351,0.5973986803790647,1,1
30,0.570745172806468,0.429254827193532,0,1
31,0.548198736384516,0.4518012636154839,0,1
32,0.6304322635104244,0.3695677364895756,0,1
33,0.6369537355936535,0.3630462644063464,0,1
34,0.3672916811602059,0.6327083188397941,1,1
35,0.6387213653252605,0.3612786346747395,0,1
36,0.5116142164795624,0.4883857835204376,0,1
37,0.2575506453927563,0.7424493546072436,1,1
38,0.1228647130679723,0.8771352869320278,1,1
39,0.4467061635724501,0.5532938364275499,1,1
40,0.4634240868200185,0.5365759131799814,1,1
41,0.6629984331767396,0.3370015668232604,0,1
42,0.6126885646585525,0.3873114353414476,0,1
43,0.7329365208642618,0.2670634791357383,0,1
44,0.0895698761972608,0.9104301238027392,1,1
45,0.7594222633193833,0.2405777366806166,0,1
46,0.634876404004207,0.3651235959957929,0,1
47,0.571509224019405,0.4284907759805949,0,1
48,0.2234534388390196,0.7765465611609803,1,1
49,0.1780722929979212,0.821927707002079,1,1
50,0.5741609947671518,0.4258390052328482,0,1
51,0.618619651922951,0.3813803480770489,0,1
52,0.5792736398269481,0.4207263601730518,0,1
53,0.1244079932778169,0.875592006722183,1,1
54,0.180691880611243,0.8193081193887568,1,1
55,0.4306741829428169,0.5693258170571831,1,1
56,0.239588896523741,0.7604111034762591,1,1
57,0.6385930510143802,0.3614069489856198,0,1
58,0.465226738964775,0.5347732610352248,1,1
59,0.4701495511085024,0.5298504488914976,1,1
60,0.0810702494347026,0.9189297505652974,1,1
61,0.6638623752920456,0.3361376247079543,0,0
62,0.4385003328127873,0.5614996671872128,1,1
63,0.4278588895290829,0.5721411104709171,1,1
64,0.4555080935583887,0.5444919064416113,1,1
65,0.4167919863416545,0.5832080136583456,1,1
66,0.5301149286827991,0.4698850713172008,0,1
67,0.5899957566563645,0.4100042433436354,0,1
68,0.4232214057197129,0.5767785942802871,1,1
69,0.1313473972290752,0.8686526027709247,1,1
70,0.5129523141414319,0.4870476858585681,0,1
71,0.5121638260114221,0.487836173988578,0,1
72,0.1383025687294007,0.8616974312705992,1,1
73,0.2581137141926671,0.7418862858073328,1,1
74,0.5560250841962131,0.4439749158037869,0,1
75,0.3539626392186144,0.6460373607813856,1,1
76,0.7011613103977126,0.2988386896022875,0,1
77,0.77343936301594,0.22656063698406,0,1
78,0.5882883948653413,0.4117116051346586,0,1
79,0.4644650622573878,0.5355349377426123,1,1
80,0.4778878747742184,0.5221121252257815,1,1
81,0.2036466413878556,0.7963533586121444,1,1
82,0.2223480086366203,0.7776519913633797,1,1
83,0.3943346349509245,0.6056653650490755,1,1
84,0.0944266973417325,0.9055733026582674,1,1
85,0.3714612930096386,0.6285387069903613,1,1
86,0.096407719588893,0.9035922804111072,1,1
87,0.4059247163014455,0.5940752836985546,1,1
88,0.1613775333316059,0.838622466668394,1,1
89,0.2530661038427229,0.746933896157277,1,1
90,0.2334420237587697,0.7665579762412303,1,1
91,0.5024182216368354,0.4975817783631646,0,1
92,0.4181032047067932,0.5818967952932068,1,1
93,0.6279900255416129,0.372009974458387,0,1
94,0.5387281694733328,0.4612718305266671,0,1
95,0.1805226470408716,0.8194773529591284,1,1
96,0.7107852539072537,0.2892147460927463,0,1
97,0.4989401756890979,0.5010598243109021,1,1
98,0.4419280974960343,0.5580719025039657,1,1
99,0.370499073876921,0.6295009261230791,1,1
100,0.185429849483445,0.8145701505165551,1,1
101,0.6633294978379661,0.3366705021620338,0,1
102,0.6289511667136893,0.3710488332863106,0,1
103,0.3545880063721076,0.6454119936278924,1,1
104,0.6576712988916154,0.3423287011083846,0,1
105,0.2416576343557115,0.7583423656442885,1,1
106,0.4386323628894237,0.5613676371105762,1,1
107,0.4538809679861769,0.5461190320138231,1,1
108,0.6362472229648624,0.3637527770351376,0,1
109,0.7074009425795269,0.2925990574204731,0,1
110,0.4787537209386114,0.5212462790613887,1,1
111,0.0949404700340665,0.9050595299659336,1,1
112,0.4171782467124739,0.5828217532875261,1,1
113,0.3555656588920687,0.6444343411079313,1,1
114,0.3972943258920702,0.6027056741079297,1,1
115,0.3473675297392684,0.6526324702607316,1,1
116,0.4486925784159847,0.5513074215840152,1,1
117,0.4022546747516989,0.597745325248301,1,1
118,0.0960165607000172,0.9039834392999828,1,1
119,0.5025514841676776,0.4974485158323224,0,1
120,0.4487375449995657,0.5512624550004342,1,1
121,0.4606310384999604,0.5393689615000395,1,1
122,0.1448469080754733,0.8551530919245266,1,1
123,0.3240864488851188,0.6759135511148813,1,1
124,0.3542723304152724,0.6457276695847275,1,1
125,0.3576268218885818,0.6423731781114181,1,1
126,0.7597180207162929,0.240281979283707,0,1
127,0.5962532803748136,0.4037467196251865,0,1
128,0.1680827928128858,0.8319172071871141,1,1
129,0.1856518965340748,0.8143481034659251,1,1
130,0.4026155162677726,0.5973844837322273,1,1
131,0.3971630423938075,0.6028369576061925,1,1
132,0.536225547231109,0.463774452768891,0,1
133,0.7528129540731354,0.2471870459268645,0,1
134,0.30180479899659,0.6981952010034099,1,1
135,0.3413994535169594,0.6586005464830406,1,1
136,0.3194231528622143,0.6805768471377858,1,1
137,0.7597301815093239,0.2402698184906761,0,1
138,0.0921678583430715,0.9078321416569284,1,1
139,0.720527546095137,0.279472453904863,0,1
140,0.5279516353730527,0.4720483646269473,0,1
141,0.4896826941291236,0.5103173058708764,1,1
142,0.3116403586263344,0.6883596413736657,1,1
143,0.4247628964659709,0.5752371035340291,1,1
144,0.5893148921236092,0.4106851078763908,0,1
145,0.2957479770321904,0.7042520229678095,1,1
146,0.4983245494224038,0.5016754505775962,1,1
147,0.3835660601103289,0.6164339398896711,1,1
148,0.661367497383683,0.338632502616317,0,1
149,0.3175682046515459,0.6824317953484541,1,1
150,0.4432604051429971,0.5567395948570029,1,1
151,0.6790020776581684,0.3209979223418316,0,1
152,0.4392031342909829,0.5607968657090171,1,1
153,0.472185934463073,0.527814065536927,1,1
154,0.229808639256845,0.7701913607431551,1,1
155,0.1460246399272424,0.8539753600727575,1,1
156,0.3820015558277454,0.6179984441722547,1,1
157,0.5949649122468805,0.4050350877531193,0,1
158,0.1321977168163401,0.8678022831836598,1,1
159,0.4407312301015764,0.5592687698984236,1,1
160,0.256823014935609,0.743176985064391,1,1
161,0.6809714025166826,0.3190285974833173,0,1
162,0.1642610753948383,0.8357389246051617,1,1
163,0.1341125581732567,0.8658874418267434,1,1
164,0.5631692543819493,0.4368307456180506,0,1
165,0.2721837049633132,0.7278162950366867,1,1
166,0.3039352668139802,0.6960647331860198,1,1
167,0.5004974520785319,0.499502547921468,0,1
168,0.5312451048692107,0.4687548951307893,0,1
169,0.4859805657502217,0.5140194342497783,1,1
170,0.0767335056740546,0.9232664943259454,1,1
171,0.6420431358813765,0.3579568641186235,0,1
172,0.5683735395469764,0.4316264604530236,0,1
173,0.1789787814212947,0.8210212185787054,1,1
174,0.136138346237415,0.8638616537625848,1,1
175,0.3189531756737885,0.6810468243262114,1,1
176,0.4150449406854884,0.5849550593145116,1,1
177,0.2826146792490978,0.7173853207509021,1,1
178,0.7006621130586779,0.2993378869413222,0,1
179,0.4352847800146288,0.5647152199853712,1,1
180,0.3862466785784312,0.6137533214215687,1,1
181,0.7062435127938338,0.2937564872061661,0,1
182,0.2487501523562886,0.7512498476437114,1,1
183,0.5505731140553749,0.449426885944625,0,1
184,0.5106829051833974,0.4893170948166025,0,1
185,0.2063767118084879,0.7936232881915121,1,1
186,0.4031178071201812,0.5968821928798188,1,1
187,0.7017018386326969,0.2982981613673031,0,1
188,0.2401440439151982,0.7598559560848018,1,1
189,0.2091691558426536,0.7908308441573464,1,1
190,0.3744166704614874,0.6255833295385126,1,1
191,0.2734888101456816,0.7265111898543184,1,1
192,0.4768443668008378,0.5231556331991623,1,1
193,0.6957548692739915,0.3042451307260085,0,1
194,0.599048498391254,0.4009515016087461,0,1
195,0.4861607381676987,0.5138392618323013,1,1
196,0.3196953778847649,0.680304622115235,1,1
197,0.5320415559855711,0.467958444014429,0,1
198,0.1168587494364847,0.8831412505635152,1,1
199,0.4453733525451531,0.5546266474548468,1,1
200,0.2346731862849609,0.7653268137150391,1,1
201,0.1645757634693569,0.8354242365306431,1,1
202,0.3260810244530735,0.6739189755469265,1,1
203,0.3231551117652672,0.6768448882347327,1,1
204,0.4879504617308486,0.5120495382691513,1,1
205,0.4268009978311743,0.5731990021688257,1,1
206,0.0319264893560601,0.9680735106439398,1,1
207,0.7254490687705675,0.2745509312294326,0,1
208,0.008072706939465,0.9919272930605352,1,1
209,0.6077774966051848,0.3922225033948152,0,1
210,0.0159054669330328,0.9840945330669671,1,1
211,0.3101072833704921,0.6898927166295079,1,1
212,0.3791029955502873,0.6208970044497126,1,1
213,0.1575693365861301,0.8424306634138699,1,1
214,0.3757202822111209,0.624279717788879,1,1
215,0.1642645029477743,0.8357354970522257,1,1
216,0.5045699022539182,0.4954300977460818,0,1
217,0.251261480308545,0.748738519691455,1,1
218,0.6597102155335375,0.3402897844664626,0,1
219,0.0394994181884957,0.9605005818115042,1,1
220,0.5916515165007411,0.4083484834992588,0,1
221,0.581376027235723,0.418623972764277,0,1
222,0.4342542533484212,0.5657457466515788,1,1
223,0.3125733372662068,0.6874266627337932,1,1
224,0.01240016338617,0.98759983661383,1,1
225,0.5058022283278211,0.4941977716721789,0,1
226,0.0092763655501163,0.9907236344498838,1,1
227,0.4031514619354631,0.596848538064537,1,1
228,0.5296565224171171,0.4703434775828828,0,1
229,0.3094156965101428,0.6905843034898572,1,1
230,0.6171292204771635,0.3828707795228365,0,1
231,0.8073003656724858,0.1926996343275142,0,1
232,0.5058231426863962,0.4941768573136038,0,1
233,0.7987736098422941,0.2012263901577058,0,1
234,0.7460876698509936,0.2539123301490064,0,1
235,0.4802235140973555,0.5197764859026445,1,1
236,0.2507341017382817,0.7492658982617183,1,1
237,0.0278850109465084,0.9721149890534916,1,1
238,0.3739103170924705,0.6260896829075295,1,1
239,0.5476367317655402,0.4523632682344597,0,1
240,0.477414348068266,0.5225856519317339,1,1
241,0.3451280380802517,0.6548719619197483,1,1
242,0.267484763004492,0.732515236995508,1,1
243,0.7593389429196649,0.2406610570803352,0,1
244,0.6821924760634039,0.3178075239365961,0,1
245,0.170798138120172,0.829201861879828,1,1
246,0.6445729417102539,0.355427058289746,0,1
247,0.4996531475900113,0.5003468524099886,1,1
248,0.4269636320616508,0.5730363679383492,1,1
249,0.690097412553215,0.309902587446785,0,1
250,0.3252901368825778,0.6747098631174221,1,1
251,0.2760912613972618,0.7239087386027381,1,0
252,0.0067967663779559,0.993203233622044,1,1
253,0.4967732268289088,0.5032267731710912,1,1
254,0.1208482289282898,0.8791517710717102,1,1
255,0.0089216726579274,0.9910783273420728,1,1
256,0.4244654769248659,0.5755345230751341,1,1
257,0.6582100240727162,0.3417899759272836,0,1
258,0.3670307400928224,0.6329692599071775,1,1
259,0.3090875633885638,0.6909124366114361,1,1
260,0.6627274656012698,0.3372725343987301,0,1
261,0.7640264241897133,0.2359735758102867,0,1
262,0.4430849906066182,0.5569150093933818,1,1
263,0.1600125604390501,0.8399874395609498,1,1
264,0.5120390459393338,0.4879609540606661,0,1
265,0.7731601535838173,0.2268398464161825,0,1
266,0.1454193981197855,0.8545806018802145,1,1
267,0.307646577702832,0.6923534222971679,1,1
268,0.4968541117481829,0.5031458882518169,1,1
269,0.0743039826672441,0.925696017332756,1,1
270,0.4192230954128259,0.580776904587174,1,1
271,0.4385006489098689,0.561499351090131,1,1
272,0.6189450901629369,0.3810549098370631,0,1
273,0.760966875257262,0.2390331247427379,0,1
274,0.4663457485996999,0.5336542514003001,1,1
275,0.5830297526224351,0.416970247377565,0,1
276,0.2572934712901116,0.7427065287098884,1,1
277,0.4850087478542688,0.514991252145731,1,1
278,0.6409333946723256,0.3590666053276743,0,1
279,0.275307355297575,0.724692644702425,1,1
280,0.70333072891487,0.2966692710851299,0,1
281,0.5700794498222033,0.4299205501777967,0,1
282,0.0942953421067979,0.905704657893202,1,1
283,0.4741416382225064,0.5258583617774936,1,1
284,0.0153723841305351,0.9846276158694648,1,1
285,0.1048552405655505,0.8951447594344494,1,1
286,0.2675757114912866,0.7324242885087133,1,1
287,0.366602287911847,0.6333977120881531,1,1
288,0.6560449197441838,0.3439550802558162,0,1
289,0.2825030664205915,0.7174969335794085,1,1
290,0.181413070454258,0.8185869295457419,1,1
291,0.7149755142636842,0.2850244857363157,0,1
292,0.2590363632816997,0.7409636367183003,1,0
293,0.4911344139923742,0.5088655860076257,1,1
294,0.5725280328935444,0.4274719671064555,0,1
295,0.3317850311831619,0.6682149688168382,1,1
296,0.0631943286563991,0.9368056713436008,1,1
297,0.3663565080556765,0.6336434919443235,1,1
298,0.8097348248541374,0.1902651751458625,0,1
299,0.3459428876404907,0.6540571123595094,1,1
300,0.4155881324023793,0.5844118675976206,1,1
301,0.3215905856193809,0.6784094143806191,1,1
302,0.2342566062145131,0.7657433937854868,1,1
303,0.1516205208667027,0.8483794791332973,1,1
304,0.1134812483143591,0.8865187516856409,1,1
305,0.2965549788559357,0.7034450211440643,1,1
306,0.6696425687765124,0.3303574312234875,0,1
307,0.6910938947296901,0.3089061052703098,0,1
308,0.4333310947382206,0.5666689052617794,1,1
309,0.011324896636411,0.9886751033635888,1,0
310,0.389489939088228,0.610510060911772,1,1
311,0.7618488158922503,0.2381511841077497,0,0
312,0.5134876180225567,0.4865123819774432,0,1
313,0.6819585116581859,0.3180414883418141,0,1
314,0.1589943375089223,0.8410056624910777,1,1
315,0.7307689358411618,0.2692310641588381,0,1
316,0.5181463323319662,0.4818536676680338,0,0
317,0.2208765861664729,0.779123413833527,1,1
318,0.2305478010558898,0.7694521989441101,1,1
319,0.1754999580892141,0.8245000419107859,1,1
320,0.1427517084611458,0.8572482915388541,1,1
321,0.1857528685601324,0.8142471314398676,1,1
322,0.2465093124374974,0.7534906875625025,1,1
323,0.3681766131116987,0.6318233868883013,1,1
324,0.2075922763666843,0.7924077236333158,1,1
325,0.3836143193041849,0.6163856806958151,1,1
326,0.4556311816615331,0.544368818338467,1,1
327,0.3431343308354747,0.6568656691645254,1,1
328,0.1055528535592554,0.8944471464407446,1,1
329,0.129133663137836,0.8708663368621641,1,1
330,0.0345819249347493,0.9654180750652506,1,1
331,0.033924631734408,0.966075368265592,1,1
332,0.4751065946008286,0.5248934053991713,1,1
333,0.3114267307375965,0.6885732692624034,1,1
334,0.5172621134571316,0.4827378865428685,0,1
335,0.571969260083652,0.428030739916348,0,1
336,0.1831855984216033,0.8168144015783966,1,1
337,0.4418825676613275,0.5581174323386724,1,1
338,0.2064263446592506,0.7935736553407493,1,1
339,0.0411813481929185,0.9588186518070816,1,1
340,0.2611097287963632,0.7388902712036367,1,1
341,0.3476070060662689,0.6523929939337311,1,1
342,0.6392604323353221,0.3607395676646778,0,1
343,0.4204383109663538,0.5795616890336461,1,1
344,0.281332602997088,0.718667397002912,1,1
345,0.2166893212093952,0.7833106787906048,1,1
346,0.4926072434278306,0.5073927565721693,1,1
347,0.3406714016234863,0.6593285983765137,1,1
348,0.0061848433062554,0.9938151566937444,1,1
349,0.1819431774145593,0.8180568225854407,1,1
350,0.4581826266426508,0.5418173733573491,1,1
351,0.4168321374919655,0.5831678625080344,1,1
352,0.5348707448897555,0.4651292551102445,0,1
353,0.3735609205358542,0.6264390794641457,1,1
354,0.3986365163451192,0.6013634836548807,1,1
355,0.4828924742211867,0.5171075257788132,1,1
356,0.4263069624816967,0.5736930375183033,1,1
357,0.6166542662449849,0.3833457337550152,0,1
358,0.6250689481161613,0.3749310518838387,0,1
359,0.4127321142212518,0.5872678857787481,1,1
360,0.3789793066718812,0.6210206933281188,1,1
361,0.2571754292305366,0.7428245707694635,1,1
362,0.7418565306267286,0.2581434693732714,0,1
363,0.4465916537874791,0.5534083462125208,1,1
364,0.4279859415398351,0.572014058460165,1,1
365,0.1659863334461885,0.8340136665538115,1,1
366,0.7190688863092011,0.2809311136907989,0,1
367,0.6768611375358597,0.3231388624641401,0,1
368,0.5189584081479458,0.4810415918520541,0,1
369,0.2500819431180486,0.7499180568819512,1,1
370,0.5776620166953199,0.4223379833046802,0,1
371,0.0286462031481839,0.971353796851816,1,1
372,0.5550983707899413,0.4449016292100586,0,1
373,0.0667169319925213,0.9332830680074788,1,1
374,0.6343944155213135,0.3656055844786866,0,1
375,0.4518549186921334,0.5481450813078665,1,1
376,0.6792538129339006,0.3207461870660993,0,1
377,0.3888316985378644,0.6111683014621355,1,0
378,0.3531194702861743,0.6468805297138257,1,1
379,0.6416583520485124,0.3583416479514876,0,1
380,0.254355835887342,0.745644164112658,1,1
381,0.4558118361112561,0.5441881638887439,1,1
382,0.5680045327489889,0.431995467251011,0,1
383,0.0878206292399534,0.9121793707600464,1,1
384,0.0408992469104714,0.9591007530895286,1,1
385,0.1629935357653102,0.8370064642346897,1,1
386,0.2804175382968527,0.7195824617031473,1,1
387,0.5863409260132453,0.4136590739867546,0,1
388,0.3007031677348936,0.6992968322651064,1,1
389,0.3840171310605562,0.6159828689394438,1,1
390,0.1937514256488952,0.8062485743511048,1,1
391,0.5315821585229763,0.4684178414770237,0,1
392,0.0855617273481335,0.9144382726518664,1,1
393,0.0705887672072906,0.9294112327927097,1,0
394,0.0231495927353586,0.9768504072646412,1,1
395,0.2200335317986863,0.7799664682013137,1,1
396,0.0634821347860734,0.9365178652139268,1,1
397,0.2294119391243975,0.7705880608756025,1,1
398,0.4046424699523565,0.5953575300476435,1,1
399,0.2181289493327815,0.7818710506672184,1,1
400,0.7750996604970154,0.2249003395029846,0,1
401,0.2481174161389388,0.7518825838610611,1,1
402,0.2446189867100365,0.7553810132899634,1,1
403,0.1718001845900123,0.8281998154099875,1,1
404,0.810242516235219,0.1897574837647808,0,1
405,0.0093013775209935,0.9906986224790064,1,1
406,0.1519705894396608,0.8480294105603392,1,1
407,0.8641025488552894,0.1358974511447105,0,1
408,0.0288580795171006,0.9711419204828994,1,1
409,0.7705595071224396,0.2294404928775604,0,1
410,0.4579904828147201,0.5420095171852798,1,1
411,0.7982112200844242,0.2017887799155756,0,1
412,0.0850320343766295,0.9149679656233703,1,1
413,0.0381340541099531,0.9618659458900468,1,1
414,0.5048589511993272,0.4951410488006728,0,1
415,0.4719355961347453,0.5280644038652548,1,1
416,0.2786887331888565,0.7213112668111435,1,1
417,0.0136908632670799,0.98630913673292,1,1
418,0.7372470764593813,0.2627529235406188,0,1
419,0.2449863591956274,0.7550136408043727,1,1
420,0.1261631765332829,0.8738368234667171,1,1
421,0.217941821235491,0.7820581787645089,1,1
422,0.2620107667477814,0.7379892332522185,1,1
423,0.5648397398007714,0.4351602601992286,0,1
424,0.0287594977199308,0.9712405022800692,1,1
425,0.8925770369938579,0.107422963006142,0,1
426,0.7504294674740757,0.2495705325259242,0,1
427,0.3043684599311425,0.6956315400688575,1,1
428,0.4473077036590812,0.5526922963409188,1,1
429,0.0171367535088078,0.9828632464911922,1,1
430,0.6492428369441863,0.3507571630558138,0,1
431,0.2609682755477188,0.739031724452281,1,1
432,0.5582545531141602,0.4417454468858399,0,1
433,0.685991990969041,0.314008009030959,0,1
434,0.0786576915248407,0.9213423084751592,1,1
435,0.0604094801418846,0.9395905198581151,1,1
436,0.0697809273480735,0.9302190726519264,1,1
437,0.5473711397835356,0.4526288602164644,0,1
438,0.6918929984707629,0.3081070015292371,0,1
439,0.1690465869545814,0.8309534130454186,1,1
440,0.6505119807537371,0.3494880192462629,0,1
441,0.6790449073937556,0.3209550926062444,0,1
442,0.0408782994696,0.9591217005304,1,1
443,0.8469847427153712,0.1530152572846289,0,1
444,0.0109521268242387,0.9890478731757611,1,1
445,0.1258116343319074,0.8741883656680927,1,1
446,0.107454030317469,0.8925459696825311,1,1
447,0.0253576207206255,0.9746423792793744,1,1
448,0.1447669497727578,0.8552330502272423,1,1
449,0.4834596722609532,0.5165403277390468,1,1
450,0.3071845258409484,0.6928154741590515,1,1
451,0.6331465879230332,0.3668534120769667,0,1
452,0.7449123097266372,0.2550876902733627,0,1
453,0.7366667603090888,0.2633332396909112,0,1
454,0.3045996294526786,0.6954003705473215,1,1
455,0.3695979828633828,0.6304020171366171,1,1
456,0.0080036814127523,0.9919963185872476,1,1
457,0.1775427815854593,0.8224572184145407,1,1
458,0.3408522560124931,0.659147743987507,1,1
459,0.7973238136128111,0.2026761863871888,0,1
460,0.5540277274439248,0.4459722725560752,0,1
461,0.0031848396319826,0.9968151603680172,1,1
462,0.1243506870181047,0.8756493129818953,1,1
463,0.0834265696635087,0.9165734303364914,1,1
464,0.5739911703614299,0.42600882963857,0,1
465,0.7995649166861704,0.2004350833138296,0,1
466,0.5953420421983865,0.4046579578016135,0,1
467,0.3153616099376282,0.6846383900623717,1,1
468,0.168436663938145,0.8315633360618551,1,1
469,0.1781873449008009,0.8218126550991991,1,1
470,0.0341674367786869,0.965832563221313,1,1
471,0.5292124948455493,0.4707875051544506,0,1
472,0.0197419464623464,0.9802580535376536,1,1
473,0.1646365232616831,0.8353634767383168,1,1
474,0.8006475812594115,0.1993524187405886,0,1
475,0.5833787208706646,0.4166212791293354,0,1
476,0.0161073682596243,0.9838926317403756,1,1
477,0.6341612764673936,0.3658387235326065,0,1
478,0.8702245053586763,0.1297754946413236,0,1
479,0.080279293598593,0.9197207064014068,1,1
480,0.0825365022709035,0.9174634977290964,1,1
481,0.4390918735184465,0.5609081264815534,1,1
482,0.0758266778146976,0.9241733221853023,1,1
483,0.1955234931629542,0.8044765068370457,1,1
484,0.9107213977611848,0.089278602238815,0,1
485,0.1500749104998996,0.8499250895001003,1,1
486,0.3289709494731919,0.6710290505268081,1,1
487,0.0240863566792861,0.9759136433207136,1,1
488,0.8182535530959564,0.1817464469040435,0,1
489,0.279443806651977,0.7205561933480231,1,1
490,0.4752844354995026,0.5247155645004974,1,1
491,0.1891958948870719,0.810804105112928,1,1
492,0.1624474341244414,0.8375525658755585,1,1
493,0.3836483461659572,0.6163516538340427,1,1
494,0.4953940202653152,0.5046059797346847,1,1
495,0.0232791793839176,0.9767208206160825,1,1
496,0.3721942715426203,0.6278057284573797,1,1
497,0.3654828264414156,0.6345171735585844,1,1
498,0.5526676503942837,0.4473323496057163,0,1
499,0.1947204185129477,0.8052795814870521,1,1
500,0.4931209566974416,0.5068790433025583,1,1
501,0.1322121130506058,0.8677878869493941,1,1
502,0.5289331323474131,0.4710668676525868,0,1
503,0.1655931602819227,0.8344068397180772,1,1
504,0.5665422798883629,0.4334577201116371,0,1
505,0.7949266007992245,0.2050733992007754,0,1
506,0.029952432405504,0.970047567594496,1,1
507,0.3813272874665385,0.6186727125334615,1,1
508,0.0233477192015621,0.976652280798438,1,1
509,0.0874031004418755,0.9125968995581244,1,1
510,0.4836292704652677,0.5163707295347322,1,1
511,0.5840125426869566,0.4159874573130434,0,1
512,0.366529279655243,0.6334707203447569,1,1
513,0.0237810514194127,0.9762189485805872,1,1
514,0.1688735631031316,0.8311264368968685,1,1
515,0.150604875288115,0.849395124711885,1,1
516,0.0827652635211684,0.9172347364788316,1,1
517,0.5809202189682047,0.4190797810317953,0,1
518,0.0418860618384709,0.9581139381615292,1,0
519,0.2508532202675717,0.7491467797324283,1,1
520,0.7774224064596724,0.2225775935403275,0,1
521,0.1024980101404664,0.8975019898595334,1,1
522,0.2782525640610073,0.7217474359389926,1,1
523,0.1928413248054865,0.8071586751945133,1,1
524,0.0733085911097549,0.9266914088902448,1,1
525,0.1527320002318459,0.847267999768154,1,1
526,0.2455940662016194,0.7544059337983805,1,1
527,0.1080070830632054,0.8919929169367945,1,1
528,0.4984994690621841,0.5015005309378159,1,1
529,0.020386503328497,0.9796134966715028,1,1
530,0.386469756843358,0.6135302431566421,1,1
531,0.7000157699638248,0.2999842300361752,0,1
532,0.1250649956755998,0.8749350043244002,1,1
533,0.0258349898334042,0.9741650101665956,1,1
534,0.3544342361245219,0.6455657638754781,1,1
535,0.2542565471754378,0.7457434528245622,1,1
536,0.1060735031069628,0.893926496893037,1,1
537,0.0652178155475376,0.9347821844524622,1,1
538,0.2371278508226647,0.7628721491773351,1,1
539,0.4601413462911948,0.5398586537088053,1,1
540,0.3571921283878669,0.642807871612133,1,1
541,0.299539078397334,0.7004609216026658,1,1
542,0.1117312419418167,0.8882687580581832,1,1
543,0.1527738008272872,0.8472261991727127,1,1
544,0.6993183468459849,0.3006816531540149,0,1
545,0.5139201887469846,0.4860798112530154,0,1
546,0.2252520056546343,0.7747479943453658,1,1
547,0.6897627141535855,0.3102372858464145,0,1
548,0.7999894131111581,0.2000105868888418,0,1
549,0.2402260051319083,0.7597739948680916,1,1
550,0.3182106956215332,0.6817893043784669,1,1
551,0.0111931699544144,0.9888068300455856,1,1
552,0.1225338527082497,0.8774661472917502,1,1
553,0.375078466199318,0.624921533800682,1,1
554,0.4150386426655562,0.5849613573344438,1,1
555,0.6165566050901603,0.3834433949098397,0,1
556,0.1029418975956392,0.8970581024043607,1,1
557,0.0334383989020838,0.966561601097916,1,1
558,0.1209285795959071,0.8790714204040928,1,1
559,0.6099511527209898,0.3900488472790102,0,1
560,0.424036719381127,0.575963280618873,1,1
561,0.1041752077995548,0.8958247922004452,1,1
562,0.5666292747543265,0.4333707252456736,0,1
563,0.5327825472688221,0.4672174527311778,0,1
564,0.2772435299844608,0.7227564700155391,1,1
565,0.0833347743440639,0.916665225655936,1,1
566,0.0347960259662959,0.965203974033704,1,1
567,0.13585512468968,0.86414487531032,1,1
568,0.0186719063310395,0.9813280936689605,1,1
569,0.5234289100943059,0.4765710899056942,0,1
570,0.0069025563916069,0.9930974436083928,1,1
571,0.7632549971148468,0.2367450028851532,0,1
572,0.2545924061164605,0.7454075938835395,1,1
573,0.1764643824178491,0.823535617582151,1,1
574,0.476720743520629,0.5232792564793709,1,1
575,0.6577756502374422,0.3422243497625578,0,1
576,0.1672846182117373,0.8327153817882627,1,1
577,0.0138863022025309,0.9861136977974692,1,1
578,0.2744596668483754,0.7255403331516245,1,1
579,0.1747032722003366,0.8252967277996633,1,1
580,0.5999558770149384,0.4000441229850616,0,1
581,0.1766349335250023,0.8233650664749976,1,1
582,0.4145079829184611,0.585492017081539,1,1
583,0.4634034973314319,0.5365965026685681,1,1
584,0.4103991405665143,0.5896008594334857,1,1
585,0.3991215996776068,0.6008784003223931,1,1
586,0.4872350140175381,0.5127649859824619,1,1
587,0.6864234349896547,0.3135765650103452,0,1
588,0.5701203358938953,0.4298796641061047,0,1
589,0.4492429954070532,0.5507570045929467,1,1
590,0.1662459714178615,0.8337540285821385,1,1
591,0.6586513420348961,0.3413486579651038,0,1
592,0.413538467571499,0.586461532428501,1,1
593,0.0390949199825548,0.9609050800174452,1,1
594,0.42104170315867,0.57895829684133,1,1
595,0.3503953511879208,0.6496046488120791,1,1
596,0.6954764194956278,0.3045235805043721,0,1
597,0.586291203931364,0.4137087960686359,0,1
598,0.0154657815724397,0.9845342184275602,1,1
599,0.4184141892743012,0.5815858107256988,1,1
600,0.8182570607865737,0.1817429392134263,0,1
601,0.507216650478506,0.492783349521494,0,1
602,0.7063156572357041,0.2936843427642958,0,1
603,0.7848483851885485,0.2151516148114515,0,1
604,0.3120350978040839,0.687964902195916,1,1
605,0.2699644810113723,0.7300355189886277,1,1
606,0.2648696342155067,0.7351303657844934,1,1
607,0.0850703325012729,0.9149296674987272,1,1
608,0.8041851050144464,0.1958148949855535,0,1
609,0.650539627563755,0.3494603724362449,0,1
610,0.5447406728811955,0.4552593271188045,0,1
611,0.4531053096290046,0.5468946903709954,1,1
612,0.7531633253071612,0.2468366746928386,0,1
613,0.4466795201360263,0.5533204798639737,1,1
614,0.630139875712412,0.3698601242875879,0,1
615,0.6879721089127956,0.3120278910872045,0,1
616,0.2698902004631863,0.7301097995368137,1,1
617,0.0397708713350864,0.9602291286649136,1,1
618,0.122734143218168,0.8772658567818319,1,1
619,0.2253631678103458,0.7746368321896541,1,1
620,0.0641856716939711,0.9358143283060288,1,1
621,0.7099519308019377,0.2900480691980623,0,1
622,0.1439550736762402,0.8560449263237597,1,1
623,0.7624073206814058,0.2375926793185942,0,0
624,0.3594692834121365,0.6405307165878634,1,1
625,0.5158987574536008,0.4841012425463992,0,1
626,0.4875925402731541,0.5124074597268459,1,1
627,0.6372562399128175,0.3627437600871824,0,1
628,0.4256446941291958,0.5743553058708042,1,1
629,0.7235247395216147,0.2764752604783853,0,1
630,0.2476051238078325,0.7523948761921675,1,1
631,0.4969869543150922,0.5030130456849078,1,1
632,0.4789385218626275,0.5210614781373725,1,1
633,0.2883091188852686,0.7116908811147313,1,1
634,0.0236543575324411,0.9763456424675588,1,1
635,0.4845211575278386,0.5154788424721615,1,1
636,0.7524481796672531,0.247551820332747,0,1
637,0.2108826425383681,0.7891173574616319,1,1
638,0.0276045771689684,0.9723954228310316,1,1
639,0.4424635780021845,0.5575364219978156,1,1
640,0.2938533517579637,0.7061466482420363,1,1
641,0.0874735773158415,0.9125264226841584,1,1
642,0.0374540433077204,0.9625459566922796,1,1
643,0.0747587346102844,0.9252412653897156,1,1
644,0.0587198140221483,0.9412801859778516,1,1
645,0.1716586857568583,0.8283413142431415,1,1
646,0.7362593723833536,0.2637406276166464,0,1
647,0.4398268458309776,0.5601731541690224,1,1
648,0.2064468066158096,0.7935531933841903,1,1
649,0.7563182780782906,0.2436817219217094,0,1
650,0.0807651517854197,0.9192348482145803,1,1
651,0.5182632651555341,0.4817367348444659,0,1
652,0.4397726979650788,0.5602273020349211,1,1
653,0.0743414930478995,0.9256585069521004,1,1
654,0.2263405230480304,0.7736594769519696,1,1
655,0.4114305017225709,0.588569498277429,1,1
656,0.7801375810714729,0.2198624189285271,0,1
657,0.126621119933308,0.873378880066692,1,1
658,0.0356753095136961,0.964324690486304,1,1
659,0.6906476547812435,0.3093523452187566,0,1
660,0.6937043656975218,0.3062956343024782,0,1
661,0.6051017051567767,0.3948982948432232,0,1
662,0.6103585594692869,0.3896414405307131,0,1
663,0.6307478187193908,0.3692521812806092,0,1
664,0.6686279524316194,0.3313720475683806,0,1
665,0.6363753903084964,0.3636246096915035,0,1
666,0.6629033772944462,0.3370966227055539,0,1
667,0.1564286672890912,0.8435713327109088,1,1
668,0.5960953111559599,0.4039046888440401,0,1
669,0.0934481046323844,0.9065518953676156,1,1
670,0.4489501254518656,0.5510498745481345,1,1
671,0.3183080234376091,0.681691976562391,1,1
672,0.5648834094683072,0.4351165905316928,0,1
673,0.6389277057409773,0.3610722942590226,0,1
674,0.6359126024722166,0.3640873975277835,0,1
675,0.6643936293437147,0.3356063706562853,0,1
676,0.7722666035169672,0.2277333964830328,0,1
677,0.7587985637696806,0.2412014362303193,0,1
678,0.0570276364619659,0.9429723635380342,1,1
679,0.7282269382897004,0.2717730617102995,0,1
680,0.020925378277808,0.979074621722192,1,1
681,0.4504229378901065,0.5495770621098934,1,1
682,0.3076566813627479,0.6923433186372521,1,1
683,0.4840188864107584,0.5159811135892416,1,1
684,0.3425444092047718,0.6574555907952282,1,1
685,0.3311873712983188,0.6688126287016811,1,1
686,0.861420426286806,0.1385795737131939,0,1
687,0.4555834532269369,0.5444165467730631,1,1
688,0.4760407172259054,0.5239592827740946,1,1
689,0.374096864357908,0.625903135642092,1,1
690,0.056508823595776,0.943491176404224,1,1
691,0.1405789013816557,0.8594210986183443,1,1
692,0.0575697999955099,0.94243020000449,1,1
693,0.7994498699450769,0.200550130054923,0,1
694,0.1552428097338051,0.8447571902661949,1,1
695,0.265792982384209,0.7342070176157909,1,1
696,0.5276529598251714,0.4723470401748285,0,1
697,0.285106750214166,0.714893249785834,1,1
698,0.4108075443586683,0.5891924556413317,1,1
699,0.4449143859363715,0.5550856140636284,1,1
700,0.4281811582057404,0.5718188417942596,1,1
701,0.3655570092958705,0.6344429907041295,1,1
702,0.3674747098208938,0.6325252901791062,1,1
703,0.7923365638928276,0.2076634361071724,0,1
704,0.2050338767925322,0.7949661232074678,1,1
705,0.6107789732368245,0.3892210267631754,0,1
706,0.3154414958602296,0.6845585041397704,1,1
707,0.0404061853002094,0.9595938146997904,1,1
708,0.2179870788949925,0.7820129211050075,1,1
709,0.5325229198632573,0.4674770801367427,0,1
710,0.3733953330553586,0.6266046669446413,1,1
711,0.2585459083942177,0.7414540916057822,1,1
712,0.0709274008835171,0.9290725991164828,1,1
713,0.2081937230037498,0.7918062769962502,1,1
714,0.0707208094794562,0.9292791905205438,1,1
715,0.5410495655926347,0.4589504344073652,0,1
716,0.7102985285412224,0.2897014714587776,0,1
717,0.1535738986844472,0.8464261013155528,1,1
718,0.6865109143874735,0.3134890856125265,0,1
719,0.593174788009272,0.4068252119907279,0,1
720,0.3221634827898604,0.6778365172101395,1,1
721,0.6798072976322522,0.3201927023677476,0,1
722,0.4695137609605321,0.5304862390394679,1,1
723,0.1162575377591013,0.8837424622408989,1,1
724,0.4359761767607174,0.5640238232392827,1,1
725,0.4015815030935872,0.5984184969064128,1,1
726,0.6926146659612511,0.3073853340387488,0,1
727,0.1343347008410403,0.8656652991589597,1,1
728,0.3321049750254702,0.6678950249745299,1,1
729,0.7009003339754695,0.2990996660245305,0,1
730,0.5903257890612192,0.4096742109387808,0,1
731,0.2439894050380277,0.7560105949619723,1,1
732,0.3236889132290353,0.6763110867709647,1,1
733,0.2682525787384665,0.7317474212615336,1,1
734,0.0871479911758286,0.9128520088241712,1,1
735,0.5979750526537513,0.4020249473462486,0,1
736,0.1928928689063639,0.8071071310936361,1,1
737,0.6423207494509542,0.3576792505490457,0,1
738,0.3819875375117245,0.6180124624882755,1,1
739,0.7030011407689816,0.2969988592310184,0,1
740,0.5002282445166399,0.4997717554833601,0,1
741,0.0727856797636962,0.9272143202363038,1,1
742,0.5316167590791447,0.4683832409208553,0,1
743,0.4091512621964752,0.5908487378035248,1,1
744,0.4938640011490465,0.5061359988509536,1,1
745,0.0314351049727253,0.9685648950272746,1,1
746,0.3138963993729002,0.6861036006270996,1,1
747,0.0032476365068637,0.9967523634931362,1,1
748,0.6620366477394404,0.3379633522605596,0,1
749,0.2141091487438584,0.7858908512561417,1,1
750,0.2974702569770241,0.7025297430229759,1,1
751,0.165336349225747,0.8346636507742529,1,1
752,0.4918530695716726,0.5081469304283275,1,1
753,0.5375647259892512,0.4624352740107488,0,1
754,0.7280299794292318,0.2719700205707683,0,1
755,0.6639478547219428,0.3360521452780571,0,1
756,0.4240812343787375,0.5759187656212624,1,1
757,0.5165731139868449,0.4834268860131551,0,1
758,0.1151501700810548,0.8848498299189451,1,1
759,0.5947779874713175,0.4052220125286825,0,1
760,0.3429520731157441,0.657047926884256,1,1
761,0.1510885950902285,0.8489114049097715,1,1
762,0.5762632494841878,0.4237367505158121,0,1
763,0.3966447863511834,0.6033552136488166,1,1
764,0.3551605433302615,0.6448394566697385,1,1
765,0.4202381659352656,0.5797618340647344,1,0
766,0.3502890946363645,0.6497109053636355,1,1
767,0.575451396824201,0.4245486031757989,0,1
768,0.3822735745582732,0.6177264254417267,1,1
769,0.7387160438806065,0.2612839561193935,0,1
770,0.5323486057481686,0.4676513942518313,0,1
771,0.2493405986804885,0.7506594013195114,1,1
772,0.5197319355718502,0.4802680644281498,0,1
773,0.3095386196854627,0.6904613803145373,1,1
774,0.4232630497444236,0.5767369502555765,1,1
775,0.5854523069362456,0.4145476930637543,0,1
776,0.1352548312499396,0.8647451687500605,1,1
777,0.708282405855845,0.291717594144155,0,1
778,0.4523539337651557,0.5476460662348444,1,1
779,0.7529272087059806,0.2470727912940194,0,1
780,0.7082477644171152,0.2917522355828847,0,1
781,0.4970669025023438,0.5029330974976561,1,1
782,0.5342179126871066,0.4657820873128934,0,1
783,0.1607084118369512,0.8392915881630489,1,1
784,0.731790161180282,0.268209838819718,0,1
785,0.4926918651033995,0.5073081348966004,1,1
786,0.2561104008899766,0.7438895991100234,1,1
787,0.66430477093757,0.33569522906243,0,1
788,0.5572978842608404,0.4427021157391596,0,1
789,0.4728730936778741,0.5271269063221259,1,1
790,0.3445535188824767,0.6554464811175233,1,1
791,0.2120881697791385,0.7879118302208614,1,1
792,0.2127189856247591,0.7872810143752409,1,1
793,0.5830804901856071,0.4169195098143929,0,1
794,0.8160729161534315,0.1839270838465685,0,1
795,0.2905728606322028,0.7094271393677973,1,1
796,0.5364107471959898,0.4635892528040102,0,1
797,0.2116033276212109,0.788396672378789,1,1
798,0.1833650539877395,0.8166349460122604,1,1
799,0.3485338705253062,0.6514661294746937,1,1
800,0.2325834241753074,0.7674165758246926,1,1
801,0.5404208663512248,0.4595791336487752,0,1
802,0.7008514944566778,0.2991485055433222,0,0
803,0.4430283329609797,0.5569716670390202,1,1
804,0.0245309998853308,0.975469000114669,1,1
805,0.6330858768455346,0.3669141231544652,0,1
806,0.266193055014334,0.733806944985666,1,1
807,0.2252552586329824,0.7747447413670174,1,1
808,0.4414855447794316,0.5585144552205683,1,1
809,0.4223886420154462,0.5776113579845538,1,1
810,0.1018801729993926,0.8981198270006073,1,1
811,0.3144256813451028,0.6855743186548972,1,1
812,0.2326835310153345,0.7673164689846654,1,1
813,0.6561822455223835,0.3438177544776166,0,1
814,0.2742534526693341,0.7257465473306659,1,1
815,0.8328785010302294,0.1671214989697705,0,1
816,0.6478455666066422,0.3521544333933578,0,1
817,0.2414699015568235,0.7585300984431764,1,1
818,0.7530942151297099,0.24690578487029,0,1
819,0.397328904236474,0.602671095763526,1,1
820,0.1751380487863064,0.8248619512136937,1,1
821,0.0919814345079094,0.9080185654920904,1,1
822,0.4957100453703832,0.5042899546296168,1,1
823,0.288090255040821,0.7119097449591789,1,1
824,0.6851178199701347,0.3148821800298653,0,1
825,0.2161275084054929,0.783872491594507,1,1
826,0.318838667800331,0.681161332199669,1,1
827,0.697689340241117,0.3023106597588829,0,1
828,0.3279159065367811,0.6720840934632187,1,1
829,0.3410271267378436,0.6589728732621564,1,1
830,0.8061472117717126,0.1938527882282874,0,1
831,0.3802903564297799,0.6197096435702201,1,1
832,0.4976411136388359,0.5023588863611641,1,1
833,0.6943523210298289,0.3056476789701711,0,1
834,0.7628405337809397,0.2371594662190602,0,1
835,0.5366740913511012,0.4633259086488988,0,1
836,0.7744134372806399,0.22558656271936,0,1
837,0.3820516201921133,0.6179483798078866,1,1
838,0.1274275924128587,0.8725724075871412,1,1
839,0.2885718217174304,0.7114281782825695,1,1
840,0.2799244081603461,0.720075591839654,1,1
841,0.1422297967789172,0.8577702032210828,1,1
842,0.2174755197742719,0.7825244802257281,1,1
843,0.3614369710466231,0.6385630289533768,1,1
844,0.2987707022103967,0.7012292977896034,1,1
845,0.1775773637801336,0.8224226362198663,1,1
846,0.141088339801185,0.858911660198815,1,1
847,0.1985352367765245,0.8014647632234755,1,1
848,0.1693948424864188,0.8306051575135813,1,1
849,0.1852883884918907,0.8147116115081092,1,1
850,0.1295153046449041,0.8704846953550959,1,1
851,0.2785258672412743,0.7214741327587256,1,1
852,0.7882090142079916,0.2117909857920084,0,1
853,0.3219785764225148,0.6780214235774853,1,1
854,0.1931253488388457,0.8068746511611543,1,1
855,0.4679827659988678,0.5320172340011322,1,1
856,0.0682407615039687,0.9317592384960314,1,1
857,0.3074565158795473,0.6925434841204526,1,1
858,0.4842238444858989,0.5157761555141012,1,1
859,0.4206339507763449,0.5793660492236551,1,1
860,0.62010945503801,0.37989054496199,0,1
861,0.3201028538788373,0.6798971461211627,1,1
862,0.1670994328877632,0.8329005671122369,1,1
863,0.2064667217948185,0.7935332782051814,1,1
864,0.7657870689575849,0.234212931042415,0,1
865,0.3493929054734014,0.6506070945265986,1,1
866,0.7422660864672146,0.2577339135327853,0,1
867,0.373672947817824,0.626327052182176,1,1
868,0.569474777362514,0.4305252226374859,0,1
869,0.4809221701301265,0.5190778298698735,1,1
870,0.3772775087130234,0.6227224912869767,1,1
871,0.3279798379518376,0.6720201620481625,1,1
872,0.5825915369401024,0.4174084630598978,0,1
873,0.3371250870944655,0.6628749129055345,1,1
874,0.2159342689181742,0.7840657310818256,1,1
875,0.1913126545455795,0.8086873454544206,1,1
876,0.8009218751533199,0.19907812484668,0,1
877,0.3777911191541424,0.6222088808458576,1,1
878,0.7744849717592271,0.2255150282407728,0,1
879,0.0386486330414421,0.961351366958558,1,1
880,0.4191826655879763,0.5808173344120237,1,1
881,0.761648520615547,0.238351479384453,0,1
882,0.2677860081505816,0.7322139918494184,1,1
883,0.243798270733589,0.756201729266411,1,1
884,0.4202377948875046,0.5797622051124954,1,1
885,0.6067862042419134,0.3932137957580865,0,1
886,0.7651600151463281,0.2348399848536718,0,1
887,0.5429502009366367,0.4570497990633634,0,1
888,0.2616504576022348,0.7383495423977651,1,1
889,0.4193556829272623,0.5806443170727377,1,1
890,0.2434313632223566,0.7565686367776434,1,1
891,0.4626147620271624,0.5373852379728377,1,1
892,0.3132925540055223,0.6867074459944776,1,1
893,0.481127013053223,0.518872986946777,1,1
894,0.411949323903312,0.5880506760966879,1,1
895,0.2898576068090727,0.7101423931909272,1,1
896,0.2792918347159292,0.7207081652840708,1,1
897,0.2225226362823023,0.7774773637176977,1,1
898,0.3048939971227369,0.6951060028772631,1,1
899,0.461052404534253,0.538947595465747,1,1
900,0.2309535990709553,0.7690464009290447,1,1
901,0.2885659326661753,0.7114340673338246,1,1
902,0.8102798198914826,0.1897201801085173,0,1
903,0.313421644292472,0.686578355707528,1,1
904,0.2862026023973941,0.7137973976026059,1,1
905,0.7743475357246825,0.2256524642753175,0,1
906,0.7633822807490668,0.2366177192509332,0,1
907,0.3547450880283496,0.6452549119716504,1,1
908,0.3659937382814776,0.6340062617185224,1,1
909,0.2804848127225343,0.7195151872774657,1,1
910,0.0926710786413822,0.9073289213586178,1,1
911,0.3953749598621942,0.6046250401378057,1,1
912,0.7523074426912619,0.247692557308738,0,1
913,0.3583947356550641,0.6416052643449359,1,1
914,0.6357827628905033,0.3642172371094967,0,1
915,0.5976963187501712,0.4023036812498287,0,1
916,0.2628812788525375,0.7371187211474624,1,1
917,0.2640220736713873,0.7359779263286127,1,1
918,0.2163914464394651,0.7836085535605348,1,1
919,0.4162922721992944,0.5837077278007057,1,1
920,0.2391524636328884,0.7608475363671114,1,1
921,0.444275556110195,0.555724443889805,1,1
922,0.1925219372488175,0.8074780627511824,1,1
923,0.2208511811436944,0.7791488188563056,1,1
924,0.5961548912319979,0.403845108768002,0,1
925,0.6898052593366442,0.3101947406633558,0,1
926,0.5321279426196123,0.4678720573803877,0,1
927,0.561271091680468,0.438728908319532,0,1
928,0.4430039878926612,0.5569960121073387,1,1
929,0.4354837953160395,0.5645162046839605,1,1
930,0.1748777791385301,0.8251222208614699,1,1
931,0.4313325688245731,0.5686674311754267,1,1
932,0.7099104878536566,0.2900895121463433,0,1
933,0.1682919958039325,0.8317080041960676,1,1
934,0.5717251411968168,0.4282748588031831,0,1
935,0.7346414881188899,0.26535851188111,0,1
936,0.3771102653593057,0.6228897346406942,1,1
937,0.0851192691929509,0.9148807308070492,1,1
938,0.3485646089046236,0.6514353910953764,1,1
939,0.685094179791478,0.314905820208522,0,1
940,0.7954427908786272,0.2045572091213728,0,1
941,0.2455021947649903,0.7544978052350096,1,1
942,0.4162081030753173,0.5837918969246827,1,1
943,0.4294601962586021,0.5705398037413978,1,1
944,0.6982458766723021,0.3017541233276978,0,1
945,0.1546634178300102,0.8453365821699897,1,1
946,0.4217764484352755,0.5782235515647245,1,1
947,0.3675242566380906,0.6324757433619095,1,1
948,0.5224512019300043,0.4775487980699958,0,1
949,0.052244401980617,0.9477555980193828,1,1
950,0.4883573866017755,0.5116426133982246,1,1
951,0.5150309172485397,0.4849690827514604,0,1
952,0.3047217042561752,0.6952782957438248,1,1
953,0.6147273228642278,0.385272677135772,0,1
954,0.4729650702558009,0.5270349297441991,1,1
955,0.1525760752668141,0.8474239247331858,1,1
956,0.321201078374579,0.678798921625421,1,1
957,0.1595474519658905,0.8404525480341094,1,1
958,0.1513630772695335,0.8486369227304665,1,1
959,0.2288951480611079,0.771104851938892,1,1
960,0.7993740336458617,0.2006259663541382,0,1
961,0.4652179363692109,0.5347820636307892,1,1
962,0.2855477102306281,0.7144522897693719,1,1
963,0.5092405035032844,0.4907594964967156,0,1
964,0.4298611754208035,0.5701388245791965,1,1
965,0.3035385261785463,0.6964614738214536,1,1
966,0.6704666505841129,0.329533349415887,0,1
967,0.1851774838614897,0.8148225161385103,1,1
968,0.1705358421665604,0.8294641578334396,1,1
969,0.1772666309489615,0.8227333690510384,1,1
