,class0 iteration 1,class1 iteration 1,class0 iteration 2,class1 iteration 2,class0 iteration 3,class1 iteration 3,class0 iteration 4,class1 iteration 4,class0 iteration 5,class1 iteration 5,class0 iteration 6,class1 iteration 6,class0 iteration 7,class1 iteration 7,class0 iteration 8,class1 iteration 8,class0 iteration 9,class1 iteration 9,class0 iteration 10,class1 iteration 10
0,0.025142754418926105,0.9748572455810739,0.0018543672673811962,0.9981456327326188,0.02771913147576932,0.9722808685242307,0.48113792510817843,0.5188620748918216,0.19590316593701396,0.804096834062986,0.03437369470301366,0.9656263052969863,0.019638058307602013,0.980361941692398,0.028609003608042416,0.9713909963919576,0.2729391362914977,0.7270608637085023,0.246596338074748,0.753403661925252
1,0.10931581548680902,0.890684184513191,0.001130380624975058,0.9988696193750249,0.11763192592888982,0.8823680740711102,0.7048163332009165,0.29518366679908353,0.3072669745527067,0.6927330254472933,0.0016553340577767361,0.9983446659422233,0.2197970362749726,0.7802029637250274,0.08820680370965828,0.9117931962903417,0.2729391362914977,0.7270608637085023,0.246596338074748,0.753403661925252
2,0.6559915362480229,0.3440084637519771,0.0020918357452857084,0.9979081642547143,0.1811263024753864,0.8188736975246136,0.09098826968452256,0.9090117303154774,0.0034669087069751914,0.9965330912930248,0.0003948707346704827,0.9996051292653295,0.9803120190550991,0.019687980944900905,0.09894792181742351,0.9010520781825765,0.2729391362914977,0.7270608637085023,0.246596338074748,0.753403661925252
3,0.23555944975710885,0.7644405502428911,0.0009760058291539142,0.9990239941708461,0.026298732802367386,0.9737012671976326,0.927417888520918,0.07258211147908203,0.0010142768746163044,0.9989857231253837,3.871083084050486e-05,0.9999612891691595,0.31161298986053254,0.6883870101394675,0.004860521211829449,0.9951394787881706,0.2729391362914977,0.7270608637085023,0.246596338074748,0.753403661925252
4,0.27124579555803907,0.7287542044419609,0.1475528088858472,0.8524471911141528,0.026873944122407734,0.9731260558775923,0.4321178528408076,0.5678821471591924,0.08097405606151176,0.9190259439384882,0.338359901348661,0.661640098651339,0.021839234197949087,0.9781607658020509,0.011736739580040623,0.9882632604199594,0.2729391362914977,0.7270608637085023,0.246596338074748,0.753403661925252
5,0.9744123262815614,0.02558767371843857,0.9943650567228259,0.005634943277174104,0.9312274196921846,0.0687725803078154,0.028040605646880268,0.9719593943531197,0.003160642115279777,0.9968393578847202,0.9540914237608671,0.0459085762391329,0.3657544459535974,0.6342455540464026,0.00313208010208188,0.9968679198979181,0.2729391362914977,0.7270608637085023,0.246596338074748,0.753403661925252
6,0.12090091548111426,0.8790990845188857,0.2401262970818645,0.7598737029181355,0.034214756156394355,0.9657852438436056,0.6246679831921362,0.37533201680786377,0.29692862172164647,0.7030713782783535,0.007625408137936551,0.9923745918620634,0.0011383320217188686,0.9988616679782811,0.0002046648802850326,0.999795335119715,0.2729391362914977,0.7270608637085023,0.246596338074748,0.753403661925252
7,0.010482650494604173,0.9895173495053958,0.010253337692521458,0.9897466623074785,0.8136817396625569,0.1863182603374432,0.7745270628084342,0.22547293719156578,0.004080755146943171,0.9959192448530568,0.9148517227953009,0.08514827720469904,0.658958745778712,0.3410412542212879,0.06643657446364692,0.9335634255363531,0.2729391362914977,0.7270608637085023,0.246596338074748,0.753403661925252
8,0.01373778246874946,0.9862622175312505,3.6156619590776984e-05,0.9999638433804092,0.006583758892699243,0.9934162411073008,0.00023358139999318794,0.9997664186000068,0.8819798508544967,0.11802014914550328,0.04364983099805031,0.9563501690019497,0.004230704923899875,0.9957692950761001,0.9120729023974077,0.08792709760259235,0.2729391362914977,0.7270608637085023,0.246596338074748,0.753403661925252
9,0.2850914325569611,0.7149085674430389,0.2271238879822386,0.7728761120177614,0.8630896205836531,0.13691037941634682,0.00022841861268363406,0.9997715813873164,0.0010664287463317823,0.9989335712536682,0.3537149056721737,0.6462850943278263,0.035629205597908054,0.964370794402092,4.6660389904640276e-05,0.9999533396100954,0.2729391362914977,0.7270608637085023,0.246596338074748,0.753403661925252
10,0.5009029602438493,0.4990970397561508,0.002215388110383909,0.9977846118896161,0.02043973229457985,0.9795602677054202,0.08154142613618098,0.918458573863819,0.004040138342214172,0.9959598616577858,0.23328100697454623,0.7667189930254538,0.016663034624882722,0.9833369653751173,0.3332934169596147,0.6667065830403853,0.2729391362914977,0.7270608637085023,0.246596338074748,0.753403661925252
11,0.9737581890217601,0.026241810978239813,7.833564893422462e-07,0.9999992166435107,0.8151107142910339,0.18488928570896607,0.08672493449361873,0.9132750655063813,0.07432983652913605,0.925670163470864,0.2408128625748257,0.7591871374251743,0.1230108733804034,0.8769891266195966,0.0025997539008878467,0.9974002460991122,0.2729391362914977,0.7270608637085023,0.246596338074748,0.753403661925252
12,0.0014865907911928433,0.9985134092088072,0.00037929070443709634,0.9996207092955629,0.27289350751735497,0.727106492482645,0.00011428767528065542,0.9998857123247193,0.3361568467752909,0.6638431532247091,0.7431361959387595,0.2568638040612406,0.013283832453831246,0.9867161675461688,0.09526123931381325,0.9047387606861867,0.2729391362914977,0.7270608637085023,0.246596338074748,0.753403661925252
13,0.8235059650203486,0.17649403497965147,0.11236408982285717,0.8876359101771428,0.10672773318326478,0.8932722668167352,0.981430551573066,0.018569448426933945,0.038585719420835995,0.961414280579164,0.9900145216822243,0.009985478317775723,0.01432389382407473,0.9856761061759253,0.7904828585490165,0.2095171414509835,0.2729391362914977,0.7270608637085023,0.246596338074748,0.753403661925252
14,0.043364491648884784,0.9566355083511152,6.529956626155631e-05,0.9999347004337384,0.037792856555361465,0.9622071434446385,0.997000724222019,0.002999275777980976,0.5358927807665954,0.46410721923340453,0.06993494988504212,0.9300650501149579,0.004933478573651118,0.9950665214263489,0.02596731634912719,0.9740326836508728,0.2729391362914977,0.7270608637085023,0.246596338074748,0.753403661925252
15,0.4292769656092562,0.5707230343907438,0.9999627696836539,3.723031634607402e-05,0.17014647733607413,0.8298535226639259,0.745231304407789,0.25476869559221105,0.016265190756972414,0.9837348092430276,0.9947810515948518,0.0052189484051482025,0.41957447135632453,0.5804255286436755,0.0014099691918494361,0.9985900308081506,0.2729391362914977,0.7270608637085023,0.246596338074748,0.753403661925252
16,0.013542291066746315,0.9864577089332537,0.03164937358261033,0.9683506264173897,0.08322311364961177,0.9167768863503882,3.448226583191438e-05,0.9999655177341681,0.10091309773283363,0.8990869022671664,0.007864336575777231,0.9921356634242228,0.1847776227204284,0.8152223772795716,0.004159377101867645,0.9958406228981324,0.2729391362914977,0.7270608637085023,0.246596338074748,0.753403661925252
17,0.0033534356217426176,0.9966465643782574,0.149572476571034,0.850427523428966,0.45135878058896295,0.548641219411037,0.14817471386556857,0.8518252861344314,0.5484249466183251,0.45157505338167486,0.1704940323984896,0.8295059676015104,0.9998170789314655,0.00018292106853449986,0.02716443700589488,0.9728355629941051,0.2729391362914977,0.7270608637085023,0.246596338074748,0.753403661925252
18,0.010725865863047801,0.9892741341369522,0.10825830535466818,0.8917416946453318,0.11939938091271185,0.8806006190872882,7.041642465277498e-05,0.9999295835753472,0.05965776341299156,0.9403422365870084,0.5919662722424763,0.40803372775752367,0.0647357927757678,0.9352642072242322,0.2546466895395638,0.7453533104604362,0.2729391362914977,0.7270608637085023,0.246596338074748,0.753403661925252
19,0.017086535265790403,0.9829134647342096,0.014884360791937223,0.9851156392080628,0.5745344721284256,0.4254655278715745,0.0006697277335420138,0.999330272266458,0.02429130707626137,0.9757086929237386,0.00021783868497748937,0.9997821613150225,0.009286370860053905,0.9907136291399461,0.6551517993575426,0.3448482006424573,0.2729391362914977,0.7270608637085023,0.246596338074748,0.753403661925252
20,0.0018935011086689268,0.9981064988913311,0.02243850610264908,0.9775614938973509,0.6065430054757233,0.39345699452427674,0.38751172333774264,0.6124882766622574,0.41219235116742214,0.5878076488325779,0.035737647000582795,0.9642623529994172,0.37267983063979226,0.6273201693602077,0.0026671398199593632,0.9973328601800406,0.2729391362914977,0.7270608637085023,0.246596338074748,0.753403661925252
21,0.0016730853229731668,0.9983269146770268,0.0016347489973626006,0.9983652510026374,0.015557796140299063,0.9844422038597009,0.7461547565273483,0.25384524347265164,0.9170231674900596,0.0829768325099404,0.09224359401211213,0.9077564059878879,0.9084434085966799,0.09155659140332009,0.6147811716351437,0.3852188283648563,0.2729391362914977,0.7270608637085023,0.246596338074748,0.753403661925252
22,0.008379187016552936,0.9916208129834471,1.8847126104226675e-07,0.999999811528739,0.4258293240910309,0.5741706759089691,0.49987209971026914,0.5001279002897309,0.37629721821937845,0.6237027817806216,0.5810661585627349,0.4189338414372651,0.00266254530231691,0.9973374546976831,0.20506411048415696,0.794935889515843,0.2729391362914977,0.7270608637085023,0.246596338074748,0.753403661925252
23,0.027112255694448195,0.9728877443055518,0.8216163556217211,0.1783836443782789,0.13154659884483977,0.8684534011551602,0.004670184706849656,0.9953298152931503,0.1017077234862872,0.8982922765137128,0.9500330792171733,0.049966920782826725,0.023579314455555278,0.9764206855444447,0.0016183071985623743,0.9983816928014376,0.2729391362914977,0.7270608637085023,0.246596338074748,0.753403661925252
24,0.00043247100426269114,0.9995675289957373,0.00014102807005511586,0.9998589719299449,0.08813610754393708,0.9118638924560629,0.9798113795937939,0.020188620406206042,0.5936024183248324,0.4063975816751676,0.6089124667329522,0.39108753326704787,0.06320562504089922,0.9367943749591008,0.02693584834791629,0.9730641516520837,0.2729391362914977,0.7270608637085023,0.246596338074748,0.753403661925252
25,0.7203599683659639,0.27964003163403606,1.6619719064192573e-05,0.9999833802809358,0.033636793255427344,0.9663632067445727,0.007034326634978827,0.9929656733650212,0.00032642272793004246,0.99967357727207,0.09442803541003453,0.9055719645899655,0.7209403933465766,0.27905960665342344,0.7383376896383609,0.26166231036163906,0.2729391362914977,0.7270608637085023,0.246596338074748,0.753403661925252
26,0.001327054020707985,0.998672945979292,0.8067291529878595,0.1932708470121405,0.1638173895059314,0.8361826104940686,0.6330008545576805,0.3669991454423195,0.12317494821138253,0.8768250517886175,0.4512851123997069,0.5487148876002931,0.02167955550072631,0.9783204444992737,0.4928317267612854,0.5071682732387146,0.2729391362914977,0.7270608637085023,0.246596338074748,0.753403661925252
27,0.2999349268039747,0.7000650731960253,0.008726279539239212,0.9912737204607608,0.7109694907087059,0.28903050929129415,0.00028001930557441934,0.9997199806944256,0.12588578263266004,0.87411421736734,0.0037616058138002506,0.9962383941861997,0.4186983648020616,0.5813016351979384,0.38068787763613643,0.6193121223638636,0.2729391362914977,0.7270608637085023,0.246596338074748,0.753403661925252
28,0.8388705788859456,0.16112942111405437,0.1400886102248926,0.8599113897751074,0.7808277058616708,0.2191722941383292,0.0005502272064670244,0.999449772793533,0.33896073238874336,0.6610392676112566,0.07111337139952456,0.9288866286004754,0.0007879633015256404,0.9992120366984744,0.007384173009869155,0.9926158269901308,0.2729391362914977,0.7270608637085023,0.246596338074748,0.753403661925252
29,0.16663197120409157,0.8333680287959084,0.0028536637100933238,0.9971463362899067,0.4135949686673699,0.5864050313326301,0.0018679849632103895,0.9981320150367896,0.03610284147105092,0.9638971585289491,0.003367574846313337,0.9966324251536867,0.995542645317523,0.004457354682476988,0.12567344541752,0.87432655458248,0.2729391362914977,0.7270608637085023,0.246596338074748,0.753403661925252
30,0.2107264528951941,0.7892735471048059,0.5267051673543963,0.4732948326456036,0.48373399526730443,0.5162660047326956,0.05270054146844283,0.9472994585315572,0.007093939378715608,0.9929060606212844,0.028500146081195443,0.9714998539188046,0.06296270259933467,0.9370372974006653,0.16591429088452125,0.8340857091154787,0.2729391362914977,0.7270608637085023,0.246596338074748,0.753403661925252
31,0.7483965809318472,0.25160341906815276,0.9980638413662102,0.0019361586337897846,0.0657406995975105,0.9342593004024895,0.11685542738394306,0.8831445726160569,0.19892142186112283,0.8010785781388772,0.40955599146024724,0.5904440085397528,0.6102056189365421,0.38979438106345793,0.9305787990203283,0.0694212009796718,0.2729391362914977,0.7270608637085023,0.246596338074748,0.753403661925252
32,0.4774292198747554,0.5225707801252446,0.11450537937964744,0.8854946206203526,0.06085193777930509,0.9391480622206949,0.0026927671220159377,0.9973072328779841,0.9739104654694616,0.026089534530538465,0.008513294831102192,0.9914867051688978,0.07856658949861473,0.9214334105013853,0.730819899566964,0.269180100433036,0.2729391362914977,0.7270608637085023,0.246596338074748,0.753403661925252
33,0.041255260070614086,0.9587447399293859,0.02346263546817462,0.9765373645318254,0.07496238933271093,0.9250376106672891,0.09725347700924647,0.9027465229907535,0.00022465797188797598,0.999775342028112,0.4983552671451711,0.5016447328548289,0.0010870922244832215,0.9989129077755168,0.031083825114336494,0.9689161748856635,0.2729391362914977,0.7270608637085023,0.246596338074748,0.753403661925252
34,0.003365704883635412,0.9966342951163646,0.8571981829990691,0.1428018170009309,0.04951671439061334,0.9504832856093867,0.43667846569197843,0.5633215343080216,0.0031083621807312944,0.9968916378192687,0.8390587022414167,0.1609412977585834,0.00688571149303141,0.9931142885069686,0.004374862455100992,0.995625137544899,0.2729391362914977,0.7270608637085023,0.246596338074748,0.753403661925252
35,0.0018434662010982095,0.9981565337989018,0.03761661479733458,0.9623833852026654,0.30880670664008747,0.6911932933599125,0.6679255260382981,0.3320744739617018,0.029438017513019443,0.9705619824869806,0.0005534828704245598,0.9994465171295754,5.6207543101538526e-05,0.9999437924568985,0.01466601519612365,0.9853339848038764,0.2729391362914977,0.7270608637085023,0.246596338074748,0.753403661925252
36,0.03148117790329197,0.968518822096708,0.5005065470219328,0.49949345297806724,0.0026400851670304037,0.9973599148329696,0.034466279733338934,0.9655337202666611,0.6623722612581371,0.3376277387418629,0.1858583074200768,0.8141416925799232,0.007085460309231184,0.9929145396907688,0.030299123161160235,0.9697008768388398,0.2729391362914977,0.7270608637085023,0.246596338074748,0.753403661925252
37,0.13349666870541477,0.8665033312945852,9.167306800339503e-07,0.99999908326932,0.10797672013508308,0.8920232798649169,8.523183247199917e-05,0.999914768167528,0.07404267266210862,0.9259573273378914,0.01414954706711713,0.9858504529328829,0.3743579308630385,0.6256420691369615,0.0011620778376215668,0.9988379221623784,0.2729391362914977,0.7270608637085023,0.246596338074748,0.753403661925252
38,0.00048564347368085237,0.9995143565263191,0.000573815449214754,0.9994261845507852,0.6776302282163817,0.3223697717836182,0.00396329016541852,0.9960367098345815,0.029328652942634204,0.9706713470573658,0.10430677683921963,0.8956932231607804,0.17939674725385168,0.8206032527461483,0.26776606487727905,0.732233935122721,0.2729391362914977,0.7270608637085023,0.246596338074748,0.753403661925252
39,0.24951666550070195,0.750483334499298,0.0435435347755021,0.9564564652244979,0.06564015662486755,0.9343598433751324,0.000276854840873364,0.9997231451591266,0.02643492216705068,0.9735650778329493,0.00014726550868593424,0.9998527344913141,0.4700825816679449,0.5299174183320551,0.01924862206223177,0.9807513779377682,0.2729391362914977,0.7270608637085023,0.246596338074748,0.753403661925252
40,0.0077794395073180755,0.9922205604926819,0.7601843702587454,0.2398156297412546,0.4062096526688973,0.5937903473311027,0.00026375681446655364,0.9997362431855334,0.6056676623664893,0.3943323376335107,0.14637819550919373,0.8536218044908063,0.7471630103887591,0.2528369896112409,1.4704270584808832e-05,0.9999852957294152,0.2729391362914977,0.7270608637085023,0.246596338074748,0.753403661925252
41,0.1433184589592179,0.8566815410407821,0.9585041173430005,0.0414958826569996,0.25680480330765487,0.7431951966923451,0.6146109231867202,0.38538907681327983,0.010971087446151495,0.9890289125538485,0.4463909115290551,0.5536090884709449,8.976738554766772e-05,0.9999102326144523,0.001110666814762129,0.9988893331852379,0.2729391362914977,0.7270608637085023,0.246596338074748,0.753403661925252
42,0.07700513769983275,0.9229948623001673,0.22276187402536074,0.7772381259746393,0.19938367731873685,0.8006163226812631,0.21365311857915048,0.7863468814208495,0.171893650730913,0.828106349269087,6.768548869073854e-05,0.9999323145113093,0.115189458790523,0.884810541209477,0.0006845879529524534,0.9993154120470475,0.2729391362914977,0.7270608637085023,0.246596338074748,0.753403661925252
43,0.13811069399684262,0.8618893060031574,3.170079333481013e-07,0.9999996829920667,0.13966374390035619,0.8603362560996438,0.00954538094295998,0.99045461905704,0.08517351826456576,0.9148264817354342,0.03475598616274955,0.9652440138372504,0.8958572130995425,0.10414278690045749,0.3502601914752079,0.6497398085247921,0.2729391362914977,0.7270608637085023,0.246596338074748,0.753403661925252
44,0.06051530042366271,0.9394846995763373,0.8142679501445517,0.1857320498554483,0.0023339826995842916,0.9976660173004157,0.23933267109093048,0.7606673289090695,0.9808495166432338,0.019150483356766175,0.22032655894368858,0.7796734410563114,0.007304738569230085,0.9926952614307699,0.00027729217786054416,0.9997227078221395,0.2729391362914977,0.7270608637085023,0.246596338074748,0.753403661925252
45,0.08766930110137505,0.912330698898625,0.005671546130984195,0.9943284538690158,0.9587268412701548,0.041273158729845154,0.1515754604019358,0.8484245395980642,0.24768196609361437,0.7523180339063856,0.0014912588671593952,0.9985087411328406,0.137188146791816,0.862811853208184,0.0655919342589959,0.9344080657410041,0.2729391362914977,0.7270608637085023,0.246596338074748,0.753403661925252
46,0.7867205136407822,0.21327948635921778,7.034397997873754e-06,0.9999929656020021,0.6853231619724012,0.3146768380275988,0.024593441769044544,0.9754065582309555,0.0027120379917572324,0.9972879620082428,0.42841474350638975,0.5715852564936102,0.0004223384197802327,0.9995776615802198,0.09640727454160214,0.9035927254583979,0.2729391362914977,0.7270608637085023,0.246596338074748,0.753403661925252
47,0.19195564768646012,0.8080443523135399,0.9992647703995909,0.0007352296004090746,0.0887327571168175,0.9112672428831825,0.701656763895886,0.29834323610411395,0.0038600964021130446,0.996139903597887,0.12717879265441046,0.8728212073455895,0.0020652378888590395,0.997934762111141,0.4011764317223354,0.5988235682776646,0.2729391362914977,0.7270608637085023,0.246596338074748,0.753403661925252
48,0.009026257080546163,0.9909737429194538,0.019946928608899905,0.9800530713911001,0.21142397769909071,0.7885760223009093,0.17807030146828895,0.821929698531711,0.0006206320759616357,0.9993793679240384,0.003789698977368139,0.9962103010226319,0.0005604443659869007,0.9994395556340131,0.00015198732031018736,0.9998480126796898,0.2729391362914977,0.7270608637085023,0.246596338074748,0.753403661925252
49,0.794060616929501,0.20593938307049894,0.04629419044368854,0.9537058095563115,0.3402549387623862,0.6597450612376138,0.9797710443555023,0.02022895564449764,0.3325994419275551,0.6674005580724449,0.17843265664003938,0.8215673433599606,0.0004659734093940271,0.999534026590606,0.028234335388989007,0.971765664611011,0.2729391362914977,0.7270608637085023,0.246596338074748,0.753403661925252
50,0.027926227958983474,0.9720737720410165,0.19877008710109423,0.8012299128989058,0.12593952984143364,0.8740604701585664,0.0004786838499830637,0.9995213161500169,0.7234697260059606,0.27653027399403945,0.004732567712178559,0.9952674322878214,0.9404165500837876,0.05958344991621241,0.0010171987035811902,0.9989828012964188,0.2729391362914977,0.7270608637085023,0.246596338074748,0.753403661925252
51,0.3712609531161746,0.6287390468838254,0.32251560555757675,0.6774843944424233,0.6071545831652295,0.3928454168347705,0.0573768820828533,0.9426231179171467,0.08875003978071916,0.9112499602192808,3.015582192533728e-05,0.9999698441780747,0.030342614362477982,0.969657385637522,0.00019404279256773904,0.9998059572074323,0.2729391362914977,0.7270608637085023,0.246596338074748,0.753403661925252
52,0.0008124137929321762,0.9991875862070678,0.00027112777537230404,0.9997288722246277,0.4300590393926791,0.5699409606073209,0.001759617808309355,0.9982403821916906,0.7039545645394634,0.2960454354605367,0.9321729984658471,0.06782700153415284,0.005358744388472059,0.9946412556115279,0.8836885560339525,0.11631144396604756,0.2729391362914977,0.7270608637085023,0.246596338074748,0.753403661925252
53,0.8955196940524877,0.1044803059475124,2.8379003838341355e-05,0.9999716209961617,0.04139570615274779,0.9586042938472522,0.6311884546599986,0.3688115453400014,0.7830806172688494,0.21691938273115058,0.33514538319538356,0.6648546168046164,0.7709913517969845,0.22900864820301545,0.05046255675223199,0.949537443247768,0.2729391362914977,0.7270608637085023,0.246596338074748,0.753403661925252
54,0.006402450489715994,0.993597549510284,0.001124502894998547,0.9988754971050015,0.028468066294017214,0.9715319337059828,0.006591765803232286,0.9934082341967677,0.08157432391774155,0.9184256760822584,0.5780279939829994,0.4219720060170006,0.0006070632226820027,0.999392936777318,0.9794636226634839,0.020536377336516136,0.2729391362914977,0.7270608637085023,0.246596338074748,0.753403661925252
55,0.00033905713106741064,0.9996609428689326,0.0019340104830130045,0.998065989516987,0.3626039559060471,0.6373960440939529,0.49510141577984657,0.5048985842201534,0.6949286001942593,0.3050713998057407,0.1359166257326987,0.8640833742673013,0.002927909661480377,0.9970720903385196,0.09906020105645441,0.9009397989435456,0.2729391362914977,0.7270608637085023,0.246596338074748,0.753403661925252
56,0.044875615217351394,0.9551243847826486,0.002369230433950986,0.997630769566049,0.1295685899704474,0.8704314100295526,0.005556235313198266,0.9944437646868017,0.34630882269936425,0.6536911773006358,0.12538704364123776,0.8746129563587622,2.5179985684853357e-05,0.9999748200143151,0.01891430529345195,0.981085694706548,0.2729391362914977,0.7270608637085023,0.246596338074748,0.753403661925252
57,0.14038509518449338,0.8596149048155066,0.06054710278015274,0.9394528972198473,0.1731604006271381,0.8268395993728619,0.00039050652263072916,0.9996094934773693,0.08132931067992655,0.9186706893200735,0.0008298433775750791,0.9991701566224249,0.027358411322069953,0.97264158867793,0.12522404134043574,0.8747759586595643,0.2729391362914977,0.7270608637085023,0.246596338074748,0.753403661925252
58,0.004962215137291337,0.9950377848627087,4.920763708560205e-05,0.9999507923629144,0.005399969423547257,0.9946000305764527,0.9687925400675544,0.03120745993244554,0.048625311924432424,0.9513746880755676,0.0010323888250328705,0.9989676111749671,0.47265523324588343,0.5273447667541166,0.31110325402822525,0.6888967459717747,0.2729391362914977,0.7270608637085023,0.246596338074748,0.753403661925252
59,0.014906042681992138,0.9850939573180079,3.7440502465013736e-07,0.9999996255949753,0.48351844528756394,0.5164815547124361,0.0018004064342367343,0.9981995935657633,0.18168007632437932,0.8183199236756207,0.0024422485857323872,0.9975577514142676,0.31146490550133565,0.6885350944986643,0.0834049514152605,0.9165950485847395,0.2729391362914977,0.7270608637085023,0.246596338074748,0.753403661925252
60,0.00899322271517533,0.9910067772848247,0.0011758830720083324,0.9988241169279917,0.1046964256485311,0.8953035743514689,0.006454273935675214,0.9935457260643248,0.007959079277895964,0.992040920722104,5.492268649631704e-05,0.9999450773135037,0.32393086472455546,0.6760691352754445,0.998010386135676,0.0019896138643239504,0.2729391362914977,0.7270608637085023,0.246596338074748,0.753403661925252
61,0.0010135977889754733,0.9989864022110245,0.0008512682261738735,0.9991487317738261,0.15138869366522845,0.8486113063347716,0.2644571343425578,0.7355428656574422,0.5657892230671935,0.4342107769328065,0.6996237656334134,0.3003762343665866,0.9855897654719169,0.014410234528083134,0.24532936490417356,0.7546706350958264,0.2729391362914977,0.7270608637085023,0.246596338074748,0.753403661925252
62,0.10079388291214508,0.8992061170878549,3.649038226671841e-05,0.9999635096177333,0.026038578868459283,0.9739614211315407,0.00021107437626410874,0.9997889256237359,0.07590956712040675,0.9240904328795932,4.731575833771817e-05,0.9999526842416623,0.713105641738647,0.28689435826135296,0.003853934020472516,0.9961460659795275,0.2729391362914977,0.7270608637085023,0.246596338074748,0.753403661925252
63,0.21768716818254585,0.7823128318174541,0.12289165665867308,0.8771083433413269,0.3456650551902042,0.6543349448097958,0.0006209073767960982,0.9993790926232039,0.013465346899064978,0.986534653100935,5.452482990475627e-05,0.9999454751700952,0.007842049181794208,0.9921579508182058,0.00042287382277927943,0.9995771261772207,0.2729391362914977,0.7270608637085023,0.246596338074748,0.753403661925252
64,0.0008432843428417547,0.9991567156571582,9.74666844455463e-07,0.9999990253331555,0.04948906240188511,0.9505109375981149,0.30660358360281226,0.6933964163971877,6.101011631121089e-06,0.9999938989883689,0.06934002133625483,0.9306599786637452,0.013798746450999766,0.9862012535490002,0.014970301243545148,0.9850296987564549,0.2729391362914977,0.7270608637085023,0.246596338074748,0.753403661925252
65,0.9646386860865861,0.03536131391341396,0.00010839653156202722,0.999891603468438,0.7177841195288692,0.2822158804711308,0.0006033462603306505,0.9993966537396693,0.021966598671473325,0.9780334013285267,0.21823672310324083,0.7817632768967592,0.9391656078724321,0.060834392127567874,0.0007746436019830938,0.9992253563980169,0.2729391362914977,0.7270608637085023,0.246596338074748,0.753403661925252
66,0.019697383984772387,0.9803026160152276,0.15496284158719553,0.8450371584128045,0.2531215699562833,0.7468784300437167,0.5641713909578344,0.4358286090421656,0.10553208375888634,0.8944679162411137,0.024788285733738036,0.975211714266262,0.5705983159651495,0.4294016840348505,0.2027689573901188,0.7972310426098812,0.2729391362914977,0.7270608637085023,0.246596338074748,0.753403661925252
67,0.019670784564493782,0.9803292154355062,0.9010160746314645,0.09898392536853548,0.025877171529353316,0.9741228284706467,0.9321417285511174,0.06785827144888253,0.0029798210118140434,0.997020178988186,0.03405338931120594,0.9659466106887941,0.8143930263596886,0.18560697364031145,0.002172211472029617,0.9978277885279704,0.2729391362914977,0.7270608637085023,0.246596338074748,0.753403661925252
68,0.0146377344846913,0.9853622655153087,0.07744916624656506,0.9225508337534349,0.04128863100059277,0.9587113689994072,0.00186679221217112,0.9981332077878289,0.000518960358551479,0.9994810396414485,0.8064930638491121,0.19350693615088793,0.9891253430303605,0.010874656969639466,0.8366742973098384,0.16332570269016156,0.2729391362914977,0.7270608637085023,0.246596338074748,0.753403661925252
69,0.003399382077059032,0.996600617922941,0.06275351513229821,0.9372464848677018,0.05512556774265287,0.9448744322573471,0.7692870717739138,0.23071292822608627,0.7587395898328769,0.24126041016712307,0.0002431303890643166,0.9997568696109357,0.5715663216922042,0.4284336783077958,0.07944021154585279,0.9205597884541472,0.2729391362914977,0.7270608637085023,0.246596338074748,0.753403661925252
70,0.7507748270648558,0.2492251729351442,0.26793233466934774,0.7320676653306523,0.3668373446101546,0.6331626553898454,0.00026553723256650397,0.9997344627674335,0.4404246596585427,0.5595753403414573,0.6954999988425381,0.30450000115746184,0.11360297734477542,0.8863970226552246,0.0011095822681047585,0.9988904177318952,0.2729391362914977,0.7270608637085023,0.246596338074748,0.753403661925252
71,0.04127705158725403,0.958722948412746,5.698289407940482e-05,0.9999430171059206,0.0011225441823423665,0.9988774558176576,0.5554898309178387,0.44451016908216134,0.014286598236224246,0.9857134017637758,0.01354277512130897,0.986457224878691,0.04605668363042714,0.9539433163695729,0.7375409195187861,0.26245908048121397,0.2729391362914977,0.7270608637085023,0.246596338074748,0.753403661925252
72,0.3083861449442491,0.6916138550557509,0.11808437352599155,0.8819156264740085,0.006872407949051085,0.9931275920509489,0.0352778949697895,0.9647221050302105,0.37799043882295735,0.6220095611770426,0.008178368129667768,0.9918216318703322,0.36260900921921047,0.6373909907807895,0.6403253957974606,0.3596746042025394,0.2729391362914977,0.7270608637085023,0.246596338074748,0.753403661925252
73,0.020383162072819094,0.9796168379271809,0.0013180301378854509,0.9986819698621145,0.002524246073646541,0.9974757539263535,0.05913363672785099,0.940866363272149,0.019805139927243087,0.9801948600727569,0.5189548237588926,0.48104517624110743,0.06788683851631805,0.932113161483682,0.010728184353210768,0.9892718156467892,0.2729391362914977,0.7270608637085023,0.246596338074748,0.753403661925252
74,0.00038891044905486893,0.9996110895509451,0.07444871998247371,0.9255512800175263,0.05711442250649679,0.9428855774935032,0.0011424444410574885,0.9988575555589425,0.013425352974009375,0.9865746470259906,0.415669642809545,0.584330357190455,0.0018672045827533568,0.9981327954172466,0.05425591756873793,0.9457440824312621,0.2729391362914977,0.7270608637085023,0.246596338074748,0.753403661925252
75,0.7537966830378752,0.24620331696212483,1.627617679522686e-07,0.999999837238232,0.17856175016897158,0.8214382498310284,0.4857896001264891,0.5142103998735109,0.46839387019272294,0.5316061298072771,0.02931189828491465,0.9706881017150853,0.6715253925937384,0.32847460740626155,0.0009724880485438847,0.9990275119514561,0.2729391362914977,0.7270608637085023,0.246596338074748,0.753403661925252
76,0.9543174863987713,0.04568251360122867,0.03382749120725259,0.9661725087927474,0.03606401950554794,0.9639359804944521,0.0005652716741152419,0.9994347283258848,0.2530614321642284,0.7469385678357716,0.36216535510237957,0.6378346448976204,0.00036117241622968255,0.9996388275837703,0.9970502458056202,0.0029497541943798457,0.2729391362914977,0.7270608637085023,0.246596338074748,0.753403661925252
77,0.3929142844658281,0.6070857155341719,0.03593563723236215,0.9640643627676379,0.030783823454085812,0.9692161765459142,0.0011038969941087329,0.9988961030058913,0.41437842671276914,0.5856215732872309,0.9989462914257766,0.001053708574223356,0.04041171057619286,0.9595882894238071,0.7896650204017042,0.2103349795982958,0.2729391362914977,0.7270608637085023,0.246596338074748,0.753403661925252
78,0.2281925317379777,0.7718074682620223,6.697466612415326e-07,0.9999993302533388,0.17152348792748018,0.8284765120725198,0.036126650322179876,0.9638733496778201,0.0006164005738383826,0.9993835994261616,0.16051629686676516,0.8394837031332348,0.10576853010695164,0.8942314698930484,0.31446345640662055,0.6855365435933795,0.2729391362914977,0.7270608637085023,0.246596338074748,0.753403661925252
79,0.001163995989347577,0.9988360040106524,0.047167336728315745,0.9528326632716843,0.964710095447692,0.03528990455230798,0.9377380747041387,0.06226192529586132,0.24140333702916417,0.7585966629708358,0.002218520287030623,0.9977814797129694,0.056475350232776944,0.9435246497672231,0.032195218286948046,0.967804781713052,0.2729391362914977,0.7270608637085023,0.246596338074748,0.753403661925252
80,0.11412585981067502,0.885874140189325,0.00021083369311425404,0.9997891663068857,0.9636008221867207,0.036399177813279296,0.03501892474250745,0.9649810752574925,0.011095764333903024,0.988904235666097,0.0017376372417572394,0.9982623627582428,0.5108559972482574,0.48914400275174263,0.02018495480670801,0.979815045193292,0.2729391362914977,0.7270608637085023,0.246596338074748,0.753403661925252
81,0.9676320636266572,0.0323679363733428,0.9400827144605225,0.0599172855394775,0.17437446922099542,0.8256255307790046,0.5861188368717436,0.41388116312825635,0.0016154694753515164,0.9983845305246485,0.008472697405158547,0.9915273025948415,0.01883067132530869,0.9811693286746913,0.36648064881471765,0.6335193511852824,0.2729391362914977,0.7270608637085023,0.246596338074748,0.753403661925252
82,0.2546425047949822,0.7453574952050178,0.04661838529690354,0.9533816147030965,0.028403584823271988,0.971596415176728,0.07913096451363899,0.920869035486361,0.00024933162511275864,0.9997506683748872,0.024816012628827266,0.9751839873711727,0.0732773671342305,0.9267226328657695,0.9756141407369369,0.02438585926306319,0.2729391362914977,0.7270608637085023,0.246596338074748,0.753403661925252
83,0.5444636065526305,0.45553639344736946,0.5673901315182756,0.43260986848172445,0.9611331792977229,0.03886682070227714,0.2809326728782767,0.7190673271217233,0.0671780269891914,0.9328219730108086,0.20089120672965044,0.7991087932703496,0.24426146686450512,0.7557385331354949,0.009547453376423931,0.9904525466235761,0.2729391362914977,0.7270608637085023,0.246596338074748,0.753403661925252
84,0.29896902681211746,0.7010309731878825,0.32393813731646215,0.6760618626835379,0.574387616321711,0.425612383678289,0.01972066760977842,0.9802793323902216,0.5595438104809534,0.4404561895190466,0.25564274773585005,0.74435725226415,0.04923521696958244,0.9507647830304176,0.04839153319770473,0.9516084668022953,0.2729391362914977,0.7270608637085023,0.246596338074748,0.753403661925252
85,0.3338927122942017,0.6661072877057983,0.001077580432937486,0.9989224195670625,0.05718592586373428,0.9428140741362657,0.1081775129895467,0.8918224870104533,0.006469723670509131,0.9935302763294909,0.061221353417109325,0.9387786465828907,0.018667576605462366,0.9813324233945376,0.009502647092902383,0.9904973529070976,0.2729391362914977,0.7270608637085023,0.246596338074748,0.753403661925252
86,0.00011999216410685243,0.9998800078358931,0.0324392300342623,0.9675607699657377,0.009968725266137568,0.9900312747338624,0.003654966322475639,0.9963450336775244,0.44703559298205464,0.5529644070179454,0.7913980858951011,0.2086019141048989,0.004554390450283385,0.9954456095497166,0.17537821792288544,0.8246217820771146,0.2729391362914977,0.7270608637085023,0.246596338074748,0.753403661925252
87,0.04670879006621409,0.9532912099337859,0.00260135985468668,0.9973986401453133,0.009597707950472767,0.9904022920495272,0.08816724678332355,0.9118327532166765,0.010352496826586233,0.9896475031734138,0.9217858603282039,0.07821413967179609,0.1641960750474225,0.8358039249525775,0.2148680667042644,0.7851319332957356,0.2729391362914977,0.7270608637085023,0.246596338074748,0.753403661925252
88,0.10337223282993202,0.896627767170068,0.028430157132570688,0.9715698428674293,0.19671193669321863,0.8032880633067814,0.9564557877208758,0.04354421227912422,0.059041958311416565,0.9409580416885834,0.40331539977213837,0.5966846002278616,0.0177102538273487,0.9822897461726513,0.08686419657725131,0.9131358034227487,0.2729391362914977,0.7270608637085023,0.246596338074748,0.753403661925252
89,7.175658028357734e-05,0.9999282434197164,4.525569432733967e-05,0.9999547443056727,0.08355150309202608,0.9164484969079739,0.3289041450100373,0.6710958549899627,0.48400682414848417,0.5159931758515158,0.013364164107261378,0.9866358358927386,0.01356893686918792,0.9864310631308121,0.045724221247633645,0.9542757787523664,0.2729391362914977,0.7270608637085023,0.246596338074748,0.753403661925252
90,0.042446177783844186,0.9575538222161558,0.991105633389644,0.008894366610356055,0.8643432628628456,0.1356567371371544,0.9757669488392715,0.024233051160728443,0.05624953738111793,0.9437504626188821,0.807963963760129,0.192036036239871,0.02818017754451907,0.9718198224554809,0.07017685654117722,0.9298231434588228,0.2729391362914977,0.7270608637085023,0.246596338074748,0.753403661925252
91,0.053144612681103376,0.9468553873188966,1.057588885988725e-05,0.9999894241111401,0.03775382013439621,0.9622461798656038,0.04351193350183602,0.956488066498164,0.0030285289209988075,0.9969714710790012,0.8004534322111427,0.19954656778885727,0.5136849010356568,0.4863150989643433,0.011447498597653372,0.9885525014023466,0.2729391362914977,0.7270608637085023,0.246596338074748,0.753403661925252
92,0.0035592262758020743,0.9964407737241979,0.008758804877362913,0.9912411951226371,0.00045853022001607346,0.9995414697799839,0.06830515320771136,0.9316948467922886,0.23279149280636957,0.7672085071936304,0.9509755625799099,0.04902443742009013,0.011264928881481562,0.9887350711185184,0.37392852507593777,0.6260714749240622,0.2729391362914977,0.7270608637085023,0.246596338074748,0.753403661925252
93,0.0005061944630385673,0.9994938055369614,2.8288536849774282e-05,0.9999717114631502,0.17450523060521206,0.8254947693947879,0.004586310395218285,0.9954136896047817,0.5865986676350273,0.4134013323649727,0.6665421919841931,0.33345780801580693,5.791708458724454e-05,0.9999420829154128,0.0002694266725405958,0.9997305733274594,0.2729391362914977,0.7270608637085023,0.246596338074748,0.753403661925252
94,0.8260153575106375,0.17398464248936257,5.115728558258148e-05,0.9999488427144174,0.0013252763608521123,0.9986747236391479,0.7144388571151781,0.28556114288482193,0.1361166260672323,0.8638833739327677,0.053827676106502964,0.946172323893497,0.29573604402395515,0.7042639559760449,0.1671036244680696,0.8328963755319304,0.2729391362914977,0.7270608637085023,0.246596338074748,0.753403661925252
95,0.12285313175860957,0.8771468682413904,0.03608332661487512,0.9639166733851249,0.17811717389447623,0.8218828261055238,0.01944460505933765,0.9805553949406624,0.07188892176441486,0.9281110782355851,0.39835699435530736,0.6016430056446926,0.20518648800803674,0.7948135119919633,0.99867354069325,0.0013264593067499636,0.2729391362914977,0.7270608637085023,0.246596338074748,0.753403661925252
96,0.43112896884429597,0.568871031155704,1.0657710982853175e-05,0.9999893422890171,0.02496541594806112,0.9750345840519389,0.0019338878829860962,0.9980661121170139,0.025868065387729677,0.9741319346122703,0.021249930903152747,0.9787500690968473,0.7082637962089118,0.29173620379108817,0.7817679305022384,0.2182320694977616,0.2729391362914977,0.7270608637085023,0.246596338074748,0.753403661925252
97,0.8223351539895365,0.17766484601046356,0.027068402823786197,0.9729315971762138,0.8455665527335144,0.15443344726648553,0.07374486013243642,0.9262551398675636,0.41332389013751103,0.586676109862489,0.0001427313581395806,0.9998572686418604,0.47860451944270266,0.5213954805572973,0.14374097709128753,0.8562590229087125,0.2729391362914977,0.7270608637085023,0.246596338074748,0.753403661925252
98,0.024880698676174817,0.9751193013238252,0.000560523074738084,0.9994394769252619,0.2962461091859151,0.7037538908140849,0.051051216296815416,0.9489487837031846,0.0018327815175570583,0.9981672184824429,0.04777805743140462,0.9522219425685954,0.01621069867663305,0.983789301323367,0.6516652663606031,0.3483347336393969,0.2729391362914977,0.7270608637085023,0.246596338074748,0.753403661925252
99,0.002254325363328591,0.9977456746366714,0.0022852820033847365,0.9977147179966153,0.4990834987194587,0.5009165012805413,0.9995668015760497,0.00043319842395025905,0.16145527394729942,0.8385447260527006,0.8774781439506538,0.12252185604934618,0.4864207903165372,0.5135792096834628,0.11069022416472962,0.8893097758352704,0.2729391362914977,0.7270608637085023,0.246596338074748,0.753403661925252
100,0.00036216972637603817,0.999637830273624,0.00010943143021602264,0.999890568569784,0.09370996443537305,0.906290035564627,0.3288226827557412,0.6711773172442588,0.13862276898080217,0.8613772310191978,0.45277263445644644,0.5472273655435536,0.016434860361686288,0.9835651396383137,0.9645244939486749,0.03547550605132511,0.2729391362914977,0.7270608637085023,0.246596338074748,0.753403661925252
101,0.07937100880239789,0.9206289911976021,0.9308431132342259,0.0691568867657742,0.15891581966485935,0.8410841803351407,0.0003324980849938042,0.9996675019150062,0.0012257495225876935,0.9987742504774123,0.779404422003053,0.22059557799694693,0.3439374517608301,0.6560625482391699,7.162727022969051e-05,0.9999283727297703,0.2729391362914977,0.7270608637085023,0.246596338074748,0.753403661925252
102,0.0024017011848920244,0.997598298815108,0.005836106821437537,0.9941638931785625,0.027572672020629962,0.97242732797937,0.542539764912013,0.4574602350879871,0.8295426165488764,0.17045738345112363,0.331509058512628,0.668490941487372,0.00015139883380721475,0.9998486011661928,0.020907480155862523,0.9790925198441375,0.2729391362914977,0.7270608637085023,0.246596338074748,0.753403661925252
103,0.002216188663144991,0.997783811336855,0.0014794125594600471,0.99852058744054,0.7970355020883302,0.20296449791166976,0.00010632834343671238,0.9998936716565633,0.7807433407025809,0.2192566592974191,0.9873576556547377,0.012642344345262381,0.9998481360768857,0.00015186392311425273,0.7179677623112113,0.28203223768878866,0.2729391362914977,0.7270608637085023,0.246596338074748,0.753403661925252
104,0.014073985554856838,0.9859260144451432,0.6271732535551986,0.37282674644480135,0.02684237957037483,0.9731576204296252,0.2066098424348045,0.7933901575651955,0.011081914840576967,0.988918085159423,0.9991777671179635,0.0008222328820365232,0.010982304321594638,0.9890176956784054,0.006883178581172489,0.9931168214188275,0.2729391362914977,0.7270608637085023,0.246596338074748,0.753403661925252
105,0.053261797765459584,0.9467382022345404,0.0015396331706635236,0.9984603668293365,0.22793484669227992,0.7720651533077201,0.10937776090666484,0.8906222390933352,0.5560158467807177,0.4439841532192823,0.001931897155213358,0.9980681028447866,0.21481478071292848,0.7851852192870715,0.2732403331119412,0.7267596668880588,0.2729391362914977,0.7270608637085023,0.246596338074748,0.753403661925252
106,0.08637154370608957,0.9136284562939104,0.9905181574801877,0.00948184251981229,0.391595352701394,0.608404647298606,0.8252425622740986,0.1747574377259013,0.17413893187694607,0.8258610681230539,0.002080059251183819,0.9979199407488162,0.005170790330945585,0.9948292096690544,0.0027823771091013416,0.9972176228908987,0.2729391362914977,0.7270608637085023,0.246596338074748,0.753403661925252
107,0.05790437280922356,0.9420956271907764,2.3754283965282674e-05,0.9999762457160347,0.02467323330943405,0.975326766690566,0.019525442367227086,0.9804745576327729,0.00019359707714428076,0.9998064029228557,0.013446846572138349,0.9865531534278617,0.008892709068667348,0.9911072909313327,0.0006235288713587472,0.9993764711286413,0.2729391362914977,0.7270608637085023,0.246596338074748,0.753403661925252
108,0.231758587905329,0.768241412094671,0.8635765015547703,0.13642349844522977,0.9694894778646135,0.03051052213538647,0.47819586655111035,0.5218041334488897,0.03878486921707569,0.9612151307829243,0.8612614509743896,0.13873854902561045,2.8675391344434864e-05,0.9999713246086556,0.0047783029587084025,0.9952216970412916,0.2729391362914977,0.7270608637085023,0.246596338074748,0.753403661925252
109,0.4641418186298105,0.5358581813701895,3.182055232642256e-07,0.9999996817944767,0.00625397018240037,0.9937460298175996,0.3635942356950743,0.6364057643049257,0.08204244953645623,0.9179575504635438,0.07052485516739304,0.929475144832607,0.9956658958400911,0.0043341041599088154,0.08724326446864417,0.9127567355313558,0.2729391362914977,0.7270608637085023,0.246596338074748,0.753403661925252
110,0.7430154789127221,0.2569845210872778,0.9844625907077068,0.015537409292293174,0.17733882155961977,0.8226611784403802,0.23937910918764815,0.7606208908123518,0.005836798734652482,0.9941632012653475,0.004706547224090474,0.9952934527759095,0.0019140539627540143,0.998085946037246,0.06867614733734606,0.9313238526626539,0.2729391362914977,0.7270608637085023,0.246596338074748,0.753403661925252
111,0.802288052464136,0.1977119475358639,0.09542539472443268,0.9045746052755673,0.3720163887422744,0.6279836112577256,0.029118015442223033,0.970881984557777,0.0013075254073448006,0.9986924745926552,0.8709076386670078,0.1290923613329922,0.2241965366393227,0.7758034633606773,0.9971618399271494,0.002838160072850676,0.2729391362914977,0.7270608637085023,0.246596338074748,0.753403661925252
112,0.011928452805871737,0.9880715471941283,0.0002731854258211097,0.9997268145741789,0.36400525110233817,0.6359947488976618,0.009316988881170607,0.9906830111188294,0.6651982889241652,0.33480171107583484,0.0002065362563544726,0.9997934637436455,0.1080940230314833,0.8919059769685167,0.014068248396681637,0.9859317516033184,0.2729391362914977,0.7270608637085023,0.246596338074748,0.753403661925252
113,0.04064011979180848,0.9593598802081915,0.010688756156453816,0.9893112438435462,0.12100187790208328,0.8789981220979167,0.012328531887056737,0.9876714681129433,0.042711487216354205,0.9572885127836458,5.293321959642938e-06,0.9999947066780404,0.392081137374251,0.607918862625749,0.6949692200653532,0.3050307799346468,0.2729391362914977,0.7270608637085023,0.246596338074748,0.753403661925252
114,0.5229243506240195,0.47707564937598046,6.415424028682892e-06,0.9999935845759713,0.29251129635251494,0.7074887036474851,0.4320719580151392,0.5679280419848608,0.008054663333897039,0.991945336666103,0.000539135722387174,0.9994608642776128,0.014747354288747405,0.9852526457112526,0.5781616187903706,0.42183838120962935,0.2729391362914977,0.7270608637085023,0.246596338074748,0.753403661925252
115,0.0070550294256315205,0.9929449705743685,0.015663683304463438,0.9843363166955366,0.330747574556441,0.669252425443559,0.6405801136389171,0.3594198863610829,0.6498055415948849,0.35019445840511504,0.01359750306175922,0.9864024969382408,0.006231855422734411,0.9937681445772656,0.01779371316364764,0.9822062868363524,0.2729391362914977,0.7270608637085023,0.246596338074748,0.753403661925252
116,0.022523303918360216,0.9774766960816398,0.255158223615946,0.744841776384054,0.03946351963091066,0.9605364803690893,0.05965283536877497,0.940347164631225,0.004741826928266191,0.9952581730717338,0.62196281776256,0.37803718223743993,0.023350538098523277,0.9766494619014767,0.00010633122173075993,0.9998936687782692,0.2729391362914977,0.7270608637085023,0.246596338074748,0.753403661925252
117,0.23781138077773756,0.7621886192222624,0.0010062533049600697,0.9989937466950399,0.04010383729257283,0.9598961627074272,0.9241326427634161,0.07586735723658385,0.0029887425090764363,0.9970112574909236,0.0009408191493716078,0.9990591808506284,5.3352948464646666e-05,0.9999466470515354,0.17046246327921322,0.8295375367207868,0.2729391362914977,0.7270608637085023,0.246596338074748,0.753403661925252
118,0.48790617301585315,0.5120938269841468,0.0034582209557377785,0.9965417790442622,0.17072501597868228,0.8292749840213177,0.0030425816854284804,0.9969574183145715,0.02520182446926067,0.9747981755307393,0.03442662292149434,0.9655733770785057,0.009453335002471475,0.9905466649975285,0.156318565776294,0.843681434223706,0.2729391362914977,0.7270608637085023,0.246596338074748,0.753403661925252
119,0.06284441348930758,0.9371555865106924,0.03767475543517218,0.9623252445648278,0.518626763185838,0.481373236814162,0.0033071118075128636,0.9966928881924871,0.8686641506584096,0.13133584934159043,0.27531956908644906,0.7246804309135509,5.1746388213036454e-05,0.999948253611787,0.0014366254432462977,0.9985633745567537,0.2729391362914977,0.7270608637085023,0.246596338074748,0.753403661925252
120,0.041670964067500704,0.9583290359324993,0.4169449606821122,0.5830550393178878,0.7931229963110377,0.2068770036889623,0.020020926035902664,0.9799790739640973,0.0047102232097497865,0.9952897767902502,0.0009039238489682022,0.9990960761510318,0.00010571303812134669,0.9998942869618787,0.0018787267363159499,0.998121273263684,0.2729391362914977,0.7270608637085023,0.246596338074748,0.753403661925252
121,0.04186480946909821,0.9581351905309018,0.20646076610041542,0.7935392338995846,0.5881729135673666,0.41182708643263344,0.0058026564520043955,0.9941973435479956,0.29411829546726176,0.7058817045327382,0.001065519060381881,0.9989344809396181,0.037871930458378444,0.9621280695416216,0.0033965966479097,0.9966034033520903,0.2729391362914977,0.7270608637085023,0.246596338074748,0.753403661925252
122,0.6728858495878379,0.3271141504121621,4.418260007210684e-05,0.9999558173999279,0.010699070330877802,0.9893009296691222,0.9450598875584493,0.054940112441550705,0.003704779058315011,0.996295220941685,9.784531856404932e-06,0.9999902154681436,0.03456792801280195,0.965432071987198,0.008014470840271404,0.9919855291597286,0.2729391362914977,0.7270608637085023,0.246596338074748,0.753403661925252
123,0.07509842441904968,0.9249015755809503,0.0013767305068164148,0.9986232694931836,0.47458283252185907,0.5254171674781409,0.016155030838767903,0.9838449691612321,0.9936399690897845,0.006360030910215527,0.3318672615006566,0.6681327384993434,0.009740684484820572,0.9902593155151794,0.04795479586533058,0.9520452041346694,0.2729391362914977,0.7270608637085023,0.246596338074748,0.753403661925252
124,0.9747724815653791,0.02522751843462085,0.11684608739585245,0.8831539126041476,0.23530836456167836,0.7646916354383216,0.08135553933731099,0.918644460662689,0.0021804552011852607,0.9978195447988147,0.0017099619886106199,0.9982900380113894,0.14833888021459207,0.8516611197854079,0.66903102536445,0.33096897463555003,0.2729391362914977,0.7270608637085023,0.246596338074748,0.753403661925252
125,0.0002827476827391706,0.9997172523172608,6.084311684251276e-06,0.9999939156883157,0.7861854056238498,0.21381459437615027,0.007661659495966311,0.9923383405040337,0.0020210046878885723,0.9979789953121114,0.46464385308778666,0.5353561469122133,0.01464508068970305,0.985354919310297,0.007783086473177159,0.9922169135268228,0.2729391362914977,0.7270608637085023,0.246596338074748,0.753403661925252
126,0.004139531018628073,0.9958604689813719,6.166140853181012e-05,0.9999383385914682,0.03143515155771992,0.9685648484422801,0.425807856683349,0.574192143316651,0.004956018498115111,0.9950439815018849,2.291624029138184e-05,0.9999770837597086,0.06179634609445728,0.9382036539055427,0.4312490722804775,0.5687509277195225,0.2729391362914977,0.7270608637085023,0.246596338074748,0.753403661925252
127,0.0002541680245105038,0.9997458319754895,0.5955184008841488,0.4044815991158512,0.9362697952976554,0.06373020470234458,0.5425591815428461,0.45744081845715384,0.01045770881186936,0.9895422911881306,0.00436754489210045,0.9956324551078995,0.15858553131575837,0.8414144686842416,0.0035963486267545086,0.9964036513732455,0.2729391362914977,0.7270608637085023,0.246596338074748,0.753403661925252
128,0.66393070133895,0.33606929866104995,0.011781212569025978,0.988218787430974,0.019567714998947605,0.9804322850010524,0.0049849180600781695,0.9950150819399218,0.0062602442037338335,0.9937397557962662,0.0024904424374821987,0.9975095575625178,0.13912133602336219,0.8608786639766378,0.9956872829504873,0.0043127170495128025,0.2729391362914977,0.7270608637085023,0.246596338074748,0.753403661925252
129,0.036226814554251474,0.9637731854457485,0.006816935754348719,0.9931830642456513,0.03367398886319595,0.966326011136804,0.887385543707736,0.11261445629226395,0.6250209872228027,0.3749790127771973,0.00553147490587258,0.9944685250941274,0.18611118461374065,0.8138888153862593,0.031837287046130536,0.9681627129538695,0.2729391362914977,0.7270608637085023,0.246596338074748,0.753403661925252
130,0.08809965339039616,0.9119003466096038,0.44705554581455664,0.5529444541854434,0.5615855093571791,0.4384144906428209,0.008885701079989428,0.9911142989200106,0.0032501942529327144,0.9967498057470673,0.007680506666965958,0.992319493333034,0.5095960080301354,0.4904039919698646,0.8425105068716652,0.15748949312833488,0.2729391362914977,0.7270608637085023,0.246596338074748,0.753403661925252
131,0.11778213311897212,0.8822178668810279,0.046414310428294914,0.9535856895717051,0.04158350363831964,0.9584164963616804,0.8368312359353761,0.1631687640646239,0.007559239182527877,0.9924407608174721,0.7515032109693464,0.24849678903065364,0.3360310612678281,0.6639689387321719,0.3547964389482896,0.6452035610517104,0.2729391362914977,0.7270608637085023,0.246596338074748,0.753403661925252
132,0.026725263952222078,0.9732747360477779,0.1400324328445881,0.8599675671554119,0.03757686850080355,0.9624231314991964,0.0008804143336552661,0.9991195856663447,0.9499803960368333,0.05001960396316669,0.9828930049985353,0.017106995001464682,0.27669298471372594,0.7233070152862741,0.9987008210925361,0.0012991789074639332,0.2729391362914977,0.7270608637085023,0.246596338074748,0.753403661925252
133,0.03611758056687331,0.9638824194331267,0.001708587487276092,0.9982914125127239,0.019491483503440765,0.9805085164965592,0.26078850826982214,0.7392114917301779,0.01308780654023567,0.9869121934597643,0.15610596607649618,0.8438940339235038,0.01827145847478262,0.9817285415252174,0.011318916066269558,0.9886810839337304,0.2729391362914977,0.7270608637085023,0.246596338074748,0.753403661925252
134,0.00011346828419822597,0.9998865317158018,0.20074182191802847,0.7992581780819715,0.5692721491937576,0.43072785080624243,0.9601185072992432,0.03988149270075677,0.000979524893200967,0.999020475106799,0.9289867861289433,0.07101321387105673,0.005974360100316822,0.9940256398996832,0.002011560192313966,0.997988439807686,0.2729391362914977,0.7270608637085023,0.246596338074748,0.753403661925252
135,0.029471452161410783,0.9705285478385892,7.673025437693326e-06,0.9999923269745623,0.011382438168908493,0.9886175618310915,0.00023843879662277523,0.9997615612033772,0.008865380914667487,0.9911346190853325,0.056470220689334605,0.9435297793106654,0.025130383967354786,0.9748696160326452,0.34149538721843475,0.6585046127815652,0.2729391362914977,0.7270608637085023,0.246596338074748,0.753403661925252
136,0.0021397491727533913,0.9978602508272466,0.0004302161985486608,0.9995697838014513,0.28714183992037334,0.7128581600796267,0.00995424179431903,0.990045758205681,0.31872885964041786,0.6812711403595821,0.06367070552067666,0.9363292944793233,0.04138884675209975,0.9586111532479002,0.054379051117109944,0.9456209488828901,0.2729391362914977,0.7270608637085023,0.246596338074748,0.753403661925252
137,0.8679953093925256,0.13200469060747444,0.020173339641157084,0.9798266603588429,0.6914762594236221,0.30852374057637794,0.9991201681770027,0.0008798318229973529,0.7665433740160722,0.23345662598392783,0.8139494774429867,0.1860505225570133,0.2721748590744705,0.7278251409255295,0.47558657642523683,0.5244134235747632,0.2729391362914977,0.7270608637085023,0.246596338074748,0.753403661925252
138,0.24814487765745763,0.7518551223425424,0.0046393796394597064,0.9953606203605403,0.34142555680049613,0.6585744431995039,0.23272235125624152,0.7672776487437585,0.0005931062821190602,0.9994068937178809,0.22921748524286079,0.7707825147571392,0.07361101023948469,0.9263889897605153,0.03584845588765151,0.9641515441123485,0.2729391362914977,0.7270608637085023,0.246596338074748,0.753403661925252
139,0.5642558231161772,0.43574417688382283,0.9783010761065647,0.021698923893435255,0.3426356523705282,0.6573643476294718,0.9548808769548525,0.04511912304514749,0.21143005773229862,0.7885699422677014,0.015349256372256814,0.9846507436277432,0.007300545271535119,0.9926994547284649,0.0009133027582942654,0.9990866972417057,0.2729391362914977,0.7270608637085023,0.246596338074748,0.753403661925252
140,0.0011736249035814161,0.9988263750964186,0.9228484191685522,0.07715158083144785,0.6626712464559571,0.3373287535440429,0.773969065398741,0.22603093460125898,0.0028674644431319063,0.9971325355568681,0.0012928637496217865,0.9987071362503782,0.21184576561519586,0.7881542343848041,0.9640339002772869,0.035966099722713196,0.2729391362914977,0.7270608637085023,0.246596338074748,0.753403661925252
141,0.12009157501830225,0.8799084249816977,0.08551689737354418,0.9144831026264558,0.05453639049159109,0.9454636095084089,0.024211055151305283,0.9757889448486947,0.022923637444429712,0.9770763625555703,0.09728124838075325,0.9027187516192468,0.0009329429326688787,0.9990670570673311,0.9069151376200356,0.09308486237996443,0.2729391362914977,0.7270608637085023,0.246596338074748,0.753403661925252
142,0.5259255874900937,0.4740744125099063,0.7817844737581156,0.21821552624188445,0.06313176492669526,0.9368682350733047,0.946645015604666,0.05335498439533398,0.02983928468544117,0.9701607153145588,0.002618913675816792,0.9973810863241832,0.0005065772958974257,0.9994934227041026,0.43418567412331666,0.5658143258766833,0.2729391362914977,0.7270608637085023,0.246596338074748,0.753403661925252
143,0.9232876707774973,0.07671232922250272,0.030922412323342696,0.9690775876766573,0.09289651854695158,0.9071034814530484,0.8890454207109003,0.11095457928909971,0.4383098496594101,0.5616901503405899,0.9913305569193253,0.008669443080674785,0.20594595207333133,0.7940540479266687,0.004397396209628535,0.9956026037903715,0.2729391362914977,0.7270608637085023,0.246596338074748,0.753403661925252
144,0.36382728001943787,0.6361727199805621,5.741711158746554e-07,0.9999994258288841,0.2666722323129992,0.7333277676870008,0.00017612857567228524,0.9998238714243277,0.10188243021987309,0.8981175697801269,0.0007236038880843454,0.9992763961119157,0.8489023342983791,0.1510976657016209,0.09793286948567104,0.902067130514329,0.2729391362914977,0.7270608637085023,0.246596338074748,0.753403661925252
145,0.1829026414029843,0.8170973585970157,0.0012951975214477995,0.9987048024785522,0.1641765442499663,0.8358234557500337,0.4222754684256774,0.5777245315743226,0.9254605708633745,0.07453942913662549,0.010561452014205885,0.9894385479857941,0.08832004975598062,0.9116799502440194,0.005803591290351018,0.994196408709649,0.2729391362914977,0.7270608637085023,0.246596338074748,0.753403661925252
146,0.6589855628982617,0.3410144371017383,0.9970924329856162,0.002907567014383725,0.04664204498857849,0.9533579550114215,0.21789150072451768,0.7821084992754823,0.012219221829709248,0.9877807781702908,0.028846368126356547,0.9711536318736435,0.0027461463670636066,0.9972538536329364,0.12037546163499957,0.8796245383650004,0.2729391362914977,0.7270608637085023,0.246596338074748,0.753403661925252
147,0.5338663785616697,0.46613362143833026,0.27712915049514963,0.7228708495048504,0.052743823193404205,0.9472561768065958,0.13608982601865027,0.8639101739813497,0.0040121068030122276,0.9959878931969878,0.05939138933502086,0.9406086106649791,0.9548556518940327,0.04514434810596734,0.0005508898474535506,0.9994491101525464,0.2729391362914977,0.7270608637085023,0.246596338074748,0.753403661925252
148,0.022725589901474108,0.9772744100985259,0.3710849595558171,0.6289150404441829,0.8111500816748498,0.18884991832515025,0.9145347492246312,0.08546525077536879,0.01259932447935097,0.987400675520649,0.7792619192843365,0.22073808071566345,0.12968028546963384,0.8703197145303662,0.3209597701113359,0.6790402298886641,0.2729391362914977,0.7270608637085023,0.246596338074748,0.753403661925252
149,0.3878582757225658,0.6121417242774342,0.07856540616366248,0.9214345938363375,0.8999887562366549,0.10001124376334512,0.10714678879735196,0.892853211202648,0.006715625431521932,0.9932843745684781,0.10538976355506802,0.894610236444932,0.05515257160931375,0.9448474283906863,0.9130841292681798,0.08691587073182017,0.2729391362914977,0.7270608637085023,0.246596338074748,0.753403661925252
150,0.15390386229768627,0.8460961377023137,0.018586945372529473,0.9814130546274705,0.7064409682181603,0.2935590317818397,0.7581166120636937,0.24188338793630632,0.9909279627956538,0.009072037204346274,0.11729730847616826,0.8827026915238317,0.002748579059021372,0.9972514209409786,0.013181909064641784,0.9868180909353582,0.2729391362914977,0.7270608637085023,0.246596338074748,0.753403661925252
151,0.0054103801825871045,0.9945896198174129,0.0013522746606492442,0.9986477253393508,0.9319820336744008,0.06801796632559916,0.2199057223533777,0.7800942776466223,0.009316676259396584,0.9906833237406034,0.1431929124292156,0.8568070875707844,0.43927894769735043,0.5607210523026496,0.03516830494603895,0.964831695053961,0.2729391362914977,0.7270608637085023,0.246596338074748,0.753403661925252
152,0.0012592910630608856,0.9987407089369391,0.1205349861374918,0.8794650138625082,0.021149841659643398,0.9788501583403566,0.0012096636321361487,0.9987903363678639,0.4638829847321496,0.5361170152678504,0.0003290099317351247,0.9996709900682649,0.7202861720067795,0.27971382799322053,0.007190841025720429,0.9928091589742796,0.2729391362914977,0.7270608637085023,0.246596338074748,0.753403661925252
153,0.005613240652699747,0.9943867593473003,0.9431678952459983,0.05683210475400166,0.9066712286020031,0.09332877139799695,0.23737913656410392,0.7626208634358961,0.06359033864084396,0.936409661359156,0.23578895067987593,0.7642110493201241,0.5218230161386759,0.4781769838613242,0.2286821667374559,0.7713178332625441,0.2729391362914977,0.7270608637085023,0.246596338074748,0.753403661925252
154,0.19968351006673135,0.8003164899332686,6.794842492385822e-05,0.9999320515750761,0.13487298649175783,0.8651270135082422,0.000987437276124048,0.999012562723876,5.214432989175677e-06,0.9999947855670108,0.3063353889351811,0.6936646110648189,0.0019397540643897315,0.9980602459356103,0.011518611067502071,0.9884813889324979,0.2729391362914977,0.7270608637085023,0.246596338074748,0.753403661925252
155,0.03344012171902766,0.9665598782809723,0.027918194922388784,0.9720818050776112,0.007089297746078693,0.9929107022539213,0.003175501975188677,0.9968244980248113,0.0005569159212410746,0.9994430840787589,0.7527864392646586,0.2472135607353414,0.09214853825169678,0.9078514617483032,0.7605500879873647,0.23944991201263535,0.2729391362914977,0.7270608637085023,0.246596338074748,0.753403661925252
156,0.2929177435104299,0.7070822564895701,0.0008839237139538492,0.9991160762860462,0.19667025771510926,0.8033297422848907,0.5878659329281886,0.4121340670718115,0.0030208280427651557,0.9969791719572348,0.0017325842461521912,0.9982674157538478,0.16979618869311375,0.8302038113068863,0.7115347639793055,0.28846523602069457,0.2729391362914977,0.7270608637085023,0.246596338074748,0.753403661925252
157,0.002350952668363493,0.9976490473316365,0.0699855296731029,0.9300144703268971,0.8268632734935834,0.17313672650641668,0.9772772887683558,0.022722711231644148,0.18810616502572508,0.8118938349742749,0.0019537320986702245,0.9980462679013298,0.023437144164178192,0.9765628558358218,0.02677992412240182,0.9732200758775982,0.2729391362914977,0.7270608637085023,0.246596338074748,0.753403661925252
158,0.16020664973394305,0.839793350266057,9.322740726958045e-06,0.999990677259273,0.008795399531897896,0.9912046004681021,0.16054872489271954,0.8394512751072805,0.34759702794971437,0.6524029720502856,0.9031218135056432,0.0968781864943568,0.565602012700213,0.43439798729978696,0.7246016199641536,0.2753983800358464,0.2729391362914977,0.7270608637085023,0.246596338074748,0.753403661925252
159,0.000270885424232592,0.9997291145757674,0.1684666848725883,0.8315333151274117,0.08106369708046246,0.9189363029195375,0.005315064234981848,0.9946849357650182,0.003970166378694406,0.9960298336213056,0.2366501335408,0.7633498664592,0.03957997990966866,0.9604200200903313,0.04238847572226645,0.9576115242777336,0.2729391362914977,0.7270608637085023,0.246596338074748,0.753403661925252
160,0.003900547624721251,0.9960994523752787,0.02185811355731382,0.9781418864426862,0.14425959920715936,0.8557404007928406,0.00047343068796834586,0.9995265693120317,0.07225209069632899,0.927747909303671,7.585332485704477e-05,0.999924146675143,0.0028028822060047753,0.9971971177939952,0.01588170707548686,0.9841182929245131,0.2729391362914977,0.7270608637085023,0.246596338074748,0.753403661925252
161,0.051026333781920785,0.9489736662180792,0.006369747576442153,0.9936302524235578,0.5274512405381069,0.4725487594618931,0.3371601625931172,0.6628398374068828,0.026854682766123683,0.9731453172338763,0.24446938816756258,0.7555306118324374,0.6928147976923569,0.30718520230764307,0.004739195373485439,0.9952608046265146,0.2729391362914977,0.7270608637085023,0.246596338074748,0.753403661925252
162,0.20408153569673582,0.7959184643032642,0.03447134061168988,0.9655286593883101,0.007248353783662953,0.992751646216337,0.002575308489091044,0.997424691510909,0.1834213406303774,0.8165786593696226,0.11560977701754283,0.8843902229824572,0.15747778436801585,0.8425222156319842,0.04785749394741634,0.9521425060525837,0.2729391362914977,0.7270608637085023,0.246596338074748,0.753403661925252
163,0.0011456614503414508,0.9988543385496585,0.0028716529723277207,0.9971283470276723,0.023623041673423772,0.9763769583265762,0.09370494096959914,0.9062950590304009,0.00039959794744459654,0.9996004020525554,0.25827795337346593,0.7417220466265341,0.01909162392809871,0.9809083760719013,0.3939857524243988,0.6060142475756012,0.2729391362914977,0.7270608637085023,0.246596338074748,0.753403661925252
164,0.930532649207049,0.06946735079295095,0.0048985555122188496,0.9951014444877812,0.013778375586549374,0.9862216244134506,0.0008228456555968711,0.9991771543444031,0.04869041246758343,0.9513095875324166,0.9908382006810256,0.009161799318974404,0.14357400471665516,0.8564259952833448,0.007420377200220485,0.9925796227997795,0.2729391362914977,0.7270608637085023,0.246596338074748,0.753403661925252
165,0.29087808892103917,0.7091219110789608,0.012867650950844634,0.9871323490491554,0.00543327754784817,0.9945667224521518,0.0018391751743547236,0.9981608248256453,0.002671087320580412,0.9973289126794196,0.8756043583743716,0.12439564162562843,0.17148197890775752,0.8285180210922425,0.01686504088289198,0.983134959117108,0.2729391362914977,0.7270608637085023,0.246596338074748,0.753403661925252
166,0.0034983016071592488,0.9965016983928408,0.006969767140460492,0.9930302328595395,0.09628216036778003,0.90371783963222,0.08243649109348483,0.9175635089065152,0.12676731728236135,0.8732326827176387,0.7281495146944907,0.2718504853055092,0.07528979864700802,0.924710201352992,0.9470837785152747,0.052916221484725294,0.2729391362914977,0.7270608637085023,0.246596338074748,0.753403661925252
167,0.10721133527310456,0.8927886647268954,0.008919925802629236,0.9910800741973708,0.5615531525412647,0.4384468474587353,0.0023549460732090743,0.9976450539267909,0.009180200523296711,0.9908197994767033,0.9367325942946223,0.06326740570537771,0.4064822378827825,0.5935177621172175,0.021511669852270487,0.9784883301477295,0.2729391362914977,0.7270608637085023,0.246596338074748,0.753403661925252
168,0.06318644337827395,0.936813556621726,7.15713369637827e-05,0.9999284286630362,0.6731218230409215,0.3268781769590785,0.001655168388800532,0.9983448316111995,0.5850568386519948,0.4149431613480052,0.07012324376963874,0.9298767562303613,0.08566057900905077,0.9143394209909492,0.005184013143991861,0.9948159868560081,0.2729391362914977,0.7270608637085023,0.246596338074748,0.753403661925252
169,0.7695792454894071,0.23042075451059288,0.8973925363049794,0.10260746369502056,0.04992131234102981,0.9500786876589702,0.4140332280721112,0.5859667719278888,0.25008814018279313,0.7499118598172069,0.0015652638389686002,0.9984347361610314,0.07681076946986898,0.923189230530131,0.032303009896556545,0.9676969901034435,0.2729391362914977,0.7270608637085023,0.246596338074748,0.753403661925252
170,0.24213256493258695,0.757867435067413,0.05303240785130914,0.9469675921486909,0.019448529920440216,0.9805514700795598,0.2773041595942759,0.7226958404057241,0.31217697788117704,0.687823022118823,0.06883249813083547,0.9311675018691645,2.772888295354825e-05,0.9999722711170465,0.28382425506546727,0.7161757449345327,0.2729391362914977,0.7270608637085023,0.246596338074748,0.753403661925252
171,0.9082276976842216,0.09177230231577842,0.0001852316466030013,0.999814768353397,0.0009713496078598283,0.9990286503921402,0.010444764494264236,0.9895552355057358,0.22364585091084954,0.7763541490891505,0.5686737262023386,0.4313262737976614,0.056497371812210595,0.9435026281877894,0.00025791143118480964,0.9997420885688152,0.2729391362914977,0.7270608637085023,0.246596338074748,0.753403661925252
172,0.054890388558594405,0.9451096114414056,0.9788417727768304,0.021158227223169568,0.09612045955788961,0.9038795404421104,0.07254964717591517,0.9274503528240848,0.006817448807964199,0.9931825511920358,0.05898212587132101,0.941017874128679,0.1365670127413119,0.8634329872586881,0.04583911341054103,0.954160886589459,0.2729391362914977,0.7270608637085023,0.246596338074748,0.753403661925252
173,0.15256000600664021,0.8474399939933598,0.00040800960777398476,0.999591990392226,0.3665177278141759,0.6334822721858241,0.1231593884530855,0.8768406115469145,0.031693427263344454,0.9683065727366555,0.29030240879893043,0.7096975912010696,0.005397658949262363,0.9946023410507376,0.9982043832138099,0.0017956167861901216,0.2729391362914977,0.7270608637085023,0.246596338074748,0.753403661925252
174,0.8485589305790517,0.15144106942094826,0.8488749892379539,0.1511250107620461,0.15476825515287762,0.8452317448471224,0.14709230730932465,0.8529076926906753,0.0061210234572709465,0.993878976542729,0.3923544756175823,0.6076455243824177,0.07726149426861628,0.9227385057313837,0.5993474469026958,0.40065255309730424,0.2729391362914977,0.7270608637085023,0.246596338074748,0.753403661925252
175,0.10820114310063667,0.8917988568993633,0.987760495143729,0.01223950485627098,0.690782311976734,0.30921768802326605,5.723402996793414e-05,0.9999427659700321,0.7341396880643752,0.26586031193562476,0.010885657383468028,0.989114342616532,0.008217651586076014,0.991782348413924,0.8088609037470816,0.1911390962529184,0.2729391362914977,0.7270608637085023,0.246596338074748,0.753403661925252
176,7.101570913259359e-05,0.9999289842908674,0.999983038050099,1.6961949900960108e-05,0.09425376232074967,0.9057462376792503,7.017862181724066e-05,0.9999298213781828,0.007523024677760781,0.9924769753222392,0.6636871684457979,0.3363128315542021,6.160297477497689e-05,0.999938397025225,0.001669054832034278,0.9983309451679657,0.2729391362914977,0.7270608637085023,0.246596338074748,0.753403661925252
177,0.9732996151260358,0.02670038487396415,0.00017098652244273982,0.9998290134775573,0.023918414140874367,0.9760815858591256,0.449769775647031,0.550230224352969,0.45152076613644576,0.5484792338635542,0.0006412955528394271,0.9993587044471606,4.0447747935767886e-05,0.9999595522520642,0.00019650296605533413,0.9998034970339447,0.2729391362914977,0.7270608637085023,0.246596338074748,0.753403661925252
178,0.002824335971536418,0.9971756640284636,0.06541377184494757,0.9345862281550524,0.015459952919490538,0.9845400470805095,0.006660318509394303,0.9933396814906057,0.03580660486932741,0.9641933951306726,0.1027955210878374,0.8972044789121626,0.8281290347203887,0.17187096527961138,6.010084720120545e-06,0.9999939899152799,0.2729391362914977,0.7270608637085023,0.246596338074748,0.753403661925252
179,0.9939386018655321,0.006061398134467986,0.17630156122522322,0.8236984387747768,0.7418834424488746,0.2581165575511254,0.002325556089236236,0.9976744439107638,0.00566688142424987,0.9943331185757501,7.772569346109481e-05,0.9999222743065389,0.07794688352760837,0.9220531164723916,0.0010581579346113923,0.9989418420653886,0.2729391362914977,0.7270608637085023,0.246596338074748,0.753403661925252
180,0.0009753596300446921,0.9990246403699553,7.151130949623052e-07,0.999999284886905,0.07620702278611635,0.9237929772138836,4.184489741188013e-05,0.9999581551025881,0.009637438442511637,0.9903625615574884,0.0376842678483823,0.9623157321516177,0.0005462175870188934,0.9994537824129811,0.00343625105896761,0.9965637489410324,0.2729391362914977,0.7270608637085023,0.246596338074748,0.753403661925252
181,0.2722302782872671,0.7277697217127329,0.0009878037675941087,0.9990121962324059,0.09223577359346213,0.9077642264065379,0.48317894095384006,0.5168210590461599,0.001636838869172208,0.9983631611308278,0.004242274719019501,0.9957577252809805,0.005187765784666731,0.9948122342153333,0.4305041910064409,0.5694958089935591,0.2729391362914977,0.7270608637085023,0.246596338074748,0.753403661925252
182,0.2045148125201366,0.7954851874798634,0.006055283221171659,0.9939447167788283,0.0202768018926629,0.9797231981073371,0.0026753352641899486,0.99732466473581,0.07319772710608219,0.9268022728939178,0.016538555011411882,0.9834614449885881,0.0037907313755487504,0.9962092686244512,0.006119753897019464,0.9938802461029805,0.2729391362914977,0.7270608637085023,0.246596338074748,0.753403661925252
183,0.02009540438135604,0.979904595618644,3.5053031274268065e-06,0.9999964946968726,0.010695959850301695,0.9893040401496983,0.0006511710968796214,0.9993488289031204,0.4945119794461179,0.5054880205538821,0.0006397827301839465,0.999360217269816,0.03641596642069744,0.9635840335793026,0.9996957604635076,0.00030423953649241905,0.2729391362914977,0.7270608637085023,0.246596338074748,0.753403661925252
184,0.030765353991062283,0.9692346460089377,4.633887861915653e-05,0.9999536611213808,0.45773013862254364,0.5422698613774564,0.9869389912117462,0.01306100878825378,0.19531862328351257,0.8046813767164874,0.049746203808526124,0.9502537961914739,0.9003472607607872,0.09965273923921286,0.018402862073156,0.981597137926844,0.2729391362914977,0.7270608637085023,0.246596338074748,0.753403661925252
185,0.012141657253289861,0.9878583427467101,0.14094852312282113,0.8590514768771789,0.3256949635436964,0.6743050364563036,0.5513328708467065,0.4486671291532935,0.999484545860971,0.0005154541390289773,0.31414748610534105,0.685852513894659,0.011917959872161488,0.9880820401278385,0.05229253622532226,0.9477074637746777,0.2729391362914977,0.7270608637085023,0.246596338074748,0.753403661925252
186,0.12629222773043414,0.8737077722695659,0.9993963620896572,0.0006036379103427452,0.18436715358995914,0.8156328464100409,0.18482220857350717,0.8151777914264928,0.010910743175085447,0.9890892568249146,0.004219201931925709,0.9957807980680743,0.025336284420219846,0.9746637155797802,0.07346121217262713,0.9265387878273729,0.2729391362914977,0.7270608637085023,0.246596338074748,0.753403661925252
187,0.9835169836951398,0.01648301630486018,0.0007274500241992721,0.9992725499758007,0.21597360279962374,0.7840263972003763,0.2707644654461674,0.7292355345538326,0.006025150426017256,0.9939748495739827,0.10543245155982106,0.8945675484401789,0.47283189589876196,0.527168104101238,0.538918458736348,0.4610815412636519,0.2729391362914977,0.7270608637085023,0.246596338074748,0.753403661925252
188,0.009624384501661476,0.9903756154983385,0.002279435886796577,0.9977205641132034,0.8656194888370211,0.13438051116297892,0.0013610850746209602,0.998638914925379,0.7314722586011546,0.26852774139884544,0.0036225550010003937,0.9963774449989996,0.8637398959184731,0.13626010408152686,0.02819717105422681,0.9718028289457732,0.2729391362914977,0.7270608637085023,0.246596338074748,0.753403661925252
189,0.008044743587701797,0.9919552564122982,0.00547551238085886,0.9945244876191411,0.004193918603303426,0.9958060813966966,0.02765462117648332,0.9723453788235167,0.2674219375829259,0.7325780624170741,0.002755957051788882,0.9972440429482111,9.330746687397085e-05,0.999906692533126,0.006511009380383848,0.9934889906196162,0.2729391362914977,0.7270608637085023,0.246596338074748,0.753403661925252
190,0.045115399817312496,0.9548846001826875,4.529276198539378e-08,0.999999954707238,0.0014097428916588495,0.9985902571083412,0.844116746183614,0.15588325381638599,0.17335340605490934,0.8266465939450907,0.0011582015724218575,0.9988417984275781,0.5624381635747987,0.4375618364252013,0.12175209107540919,0.8782479089245908,0.2729391362914977,0.7270608637085023,0.246596338074748,0.753403661925252
191,0.6697713071322793,0.3302286928677208,0.006949577014153441,0.9930504229858466,0.3821041964110512,0.6178958035889488,0.0003858028546853687,0.9996141971453146,0.9949858706113434,0.005014129388656594,0.842422119396578,0.15757788060342198,0.029129586561571164,0.9708704134384288,1.979583572253585e-05,0.9999802041642775,0.2729391362914977,0.7270608637085023,0.246596338074748,0.753403661925252
192,0.12446297167700227,0.8755370283229977,6.895539475526569e-06,0.9999931044605245,0.15353952223936285,0.8464604777606372,0.0012244343831449012,0.9987755656168551,0.9219326614197009,0.07806733858029917,0.00011511976917011335,0.9998848802308299,0.0012876008954744167,0.9987123991045256,0.0002960380869075907,0.9997039619130924,0.2729391362914977,0.7270608637085023,0.246596338074748,0.753403661925252
193,0.0014437691468794922,0.9985562308531205,0.9991543727883568,0.0008456272116431641,0.26528472750670296,0.734715272493297,0.7321785016931088,0.2678214983068911,0.0535430949521577,0.9464569050478423,0.014895474131705666,0.9851045258682943,0.9663259078113272,0.03367409218867274,0.8663669072069223,0.13363309279307767,0.2729391362914977,0.7270608637085023,0.246596338074748,0.753403661925252
194,0.008568699505580923,0.9914313004944191,0.4348074333235882,0.5651925666764118,0.2276693226365205,0.7723306773634795,0.3683510762711303,0.6316489237288697,0.34735623132694193,0.6526437686730581,0.0402323249737665,0.9597676750262335,0.32842641409679874,0.6715735859032013,0.012962321599448101,0.9870376784005519,0.2729391362914977,0.7270608637085023,0.246596338074748,0.753403661925252
195,0.09220552108946212,0.9077944789105379,0.011858973209613266,0.9881410267903867,0.8961471601392097,0.10385283986079034,0.07938697513283222,0.9206130248671678,0.18086245314349714,0.8191375468565029,0.005923261967316629,0.9940767380326834,0.03489766641083292,0.9651023335891671,0.0854138534744201,0.9145861465255799,0.2729391362914977,0.7270608637085023,0.246596338074748,0.753403661925252
196,0.774313508093589,0.22568649190641096,7.346082013948152e-05,0.9999265391798605,0.6068994505551052,0.3931005494448948,0.09937838798638843,0.9006216120136116,0.09479262244044417,0.9052073775595558,0.012672663304851728,0.9873273366951483,0.1888558069444186,0.8111441930555814,0.6205497151480244,0.37945028485197557,0.2729391362914977,0.7270608637085023,0.246596338074748,0.753403661925252
197,0.15382265184337096,0.846177348156629,0.9974349591915483,0.0025650408084516856,0.06569779158637834,0.9343022084136217,0.8143325807330022,0.18566741926699784,0.313469566972305,0.686530433027695,0.029891062113547306,0.9701089378864527,0.02219721879803871,0.9778027812019613,0.0015498028840713607,0.9984501971159286,0.2729391362914977,0.7270608637085023,0.246596338074748,0.753403661925252
198,0.0015208895485308016,0.9984791104514692,0.8625390527949408,0.13746094720505925,0.35838856020028864,0.6416114397997114,0.08439498444896332,0.9156050155510367,0.972371702731661,0.027628297268339003,0.0470731621700079,0.9529268378299921,0.014091884705734747,0.9859081152942653,0.0013688853432661796,0.9986311146567338,0.2729391362914977,0.7270608637085023,0.246596338074748,0.753403661925252
199,0.7202826455328104,0.2797173544671896,0.00010607909597193377,0.9998939209040281,0.022271507064238194,0.9777284929357618,0.001564544801290535,0.9984354551987095,0.056251873792354634,0.9437481262076454,0.21370323780363976,0.7862967621963602,0.0015686608069821473,0.9984313391930179,0.735306680356336,0.2646933196436641,0.2729391362914977,0.7270608637085023,0.246596338074748,0.753403661925252
200,0.0028428245108264028,0.9971571754891736,0.0010279147861110838,0.9989720852138889,0.022867232711803798,0.9771327672881962,0.03349505688198806,0.9665049431180119,0.0031890091042336977,0.9968109908957663,0.001727164558834593,0.9982728354411654,0.0023029537390018007,0.9976970462609982,0.008135335913706743,0.9918646640862933,0.2729391362914977,0.7270608637085023,0.246596338074748,0.753403661925252
201,0.18723026867464032,0.8127697313253597,0.5481486260780036,0.45185137392199637,0.058413233864068825,0.9415867661359312,0.00022651672960449787,0.9997734832703955,0.23021983139657665,0.7697801686034234,0.7183530267747165,0.2816469732252836,0.0017947160969065123,0.9982052839030935,0.1227794816518214,0.8772205183481786,0.2729391362914977,0.7270608637085023,0.246596338074748,0.753403661925252
202,0.009628295660537911,0.9903717043394621,0.023401357360849473,0.9765986426391505,0.4879212706607696,0.5120787293392304,0.4788962220700622,0.5211037779299378,0.007129080011809785,0.9928709199881902,0.9222815074868708,0.07771849251312928,0.40285636762714616,0.5971436323728538,0.37199206956189723,0.6280079304381028,0.2729391362914977,0.7270608637085023,0.246596338074748,0.753403661925252
203,0.05419150099127412,0.9458084990087259,0.0041594041559133155,0.9958405958440867,0.07869102747835699,0.921308972521643,0.0002990307647505741,0.9997009692352494,0.021484701079792168,0.9785152989202078,0.38886279646232724,0.6111372035376728,0.9830146590215391,0.01698534097846099,0.504708959998277,0.49529104000172297,0.2729391362914977,0.7270608637085023,0.246596338074748,0.753403661925252
204,0.003002836250518004,0.996997163749482,0.47369605608203613,0.5263039439179639,0.05725054511803007,0.9427494548819699,0.9996197385754952,0.00038026142450479,0.0073908311549433225,0.9926091688450567,0.00104568716432063,0.9989543128356794,0.008142365440391486,0.9918576345596085,0.016874971108466474,0.9831250288915335,0.2729391362914977,0.7270608637085023,0.246596338074748,0.753403661925252
205,0.026572086214640578,0.9734279137853594,1.7075716646774985e-05,0.9999829242833532,0.007216169193434707,0.9927838308065653,0.00600881028982847,0.9939911897101715,0.9978968378066,0.002103162193399958,0.07502857727639611,0.9249714227236039,0.9873510673811957,0.012648932618804325,0.8980991646311272,0.10190083536887289,0.2729391362914977,0.7270608637085023,0.246596338074748,0.753403661925252
206,0.0006716518170636343,0.9993283481829364,0.049403426064603684,0.9505965739353963,0.6511361171592756,0.3488638828407245,0.01657013632005966,0.9834298636799403,0.9106205464995444,0.08937945350045559,0.3234556944808331,0.6765443055191669,0.0062848353357377595,0.9937151646642622,0.025940225969429243,0.9740597740305708,0.2729391362914977,0.7270608637085023,0.246596338074748,0.753403661925252
207,0.0005005590272443294,0.9994994409727557,0.018960976749053615,0.9810390232509464,0.28823184559126824,0.7117681544087318,0.0025981029725402616,0.9974018970274597,0.021570198561748022,0.978429801438252,0.10092382291315971,0.8990761770868403,0.05654636629721843,0.9434536337027816,0.09352032980706215,0.9064796701929378,0.2729391362914977,0.7270608637085023,0.246596338074748,0.753403661925252
208,0.009029356696023672,0.9909706433039763,0.0014179423977089822,0.998582057602291,0.0016053757157801218,0.9983946242842199,0.001704099500244749,0.9982959004997553,0.027648908983156417,0.9723510910168436,0.0011291670073935167,0.9988708329926065,0.6672178338665911,0.3327821661334089,0.17730178396492147,0.8226982160350785,0.2729391362914977,0.7270608637085023,0.246596338074748,0.753403661925252
209,0.003535579545130396,0.9964644204548696,0.20317715339346532,0.7968228466065347,0.44522239787743445,0.5547776021225655,0.003233490727199251,0.9967665092728007,0.0008491837467596852,0.9991508162532403,0.10929334302682658,0.8907066569731734,0.979388590277962,0.020611409722037996,0.6831991706916427,0.31680082930835723,0.2729391362914977,0.7270608637085023,0.246596338074748,0.753403661925252
210,0.05273197523169837,0.9472680247683016,0.9911576015590479,0.00884239844095212,0.017708081545428356,0.9822919184545716,0.0005973294681840269,0.999402670531816,0.6108365739705048,0.38916342602949516,0.0375108657274702,0.9624891342725298,0.0199224267322492,0.9800775732677508,0.3204822676627712,0.6795177323372288,0.2729391362914977,0.7270608637085023,0.246596338074748,0.753403661925252
211,4.940694358268605e-05,0.9999505930564173,8.993844706095544e-05,0.999910061552939,0.04751526219257263,0.9524847378074274,0.30677602510612,0.69322397489388,0.0006707956011461347,0.9993292043988539,0.5815509257992706,0.41844907420072947,0.01668948085464106,0.9833105191453589,0.30504223624002635,0.6949577637599736,0.2729391362914977,0.7270608637085023,0.246596338074748,0.753403661925252
212,0.002547898756198097,0.9974521012438019,0.0013679516441092998,0.9986320483558907,0.07162583098684627,0.9283741690131537,0.00864856653727808,0.9913514334627219,0.02433719969737569,0.9756628003026243,0.04952611052664646,0.9504738894733535,0.996318403282191,0.003681596717809016,0.553967046926825,0.446032953073175,0.2729391362914977,0.7270608637085023,0.246596338074748,0.753403661925252
213,0.8346611668723576,0.1653388331276424,0.004505427811154483,0.9954945721888455,0.07565431026906766,0.9243456897309323,0.0510358532759021,0.9489641467240979,0.0005346640756695997,0.9994653359243304,0.060400691056279876,0.9395993089437201,0.020390985805376793,0.9796090141946232,0.012417849084088162,0.9875821509159118,0.2729391362914977,0.7270608637085023,0.246596338074748,0.753403661925252
214,0.000294625412395666,0.9997053745876043,0.9917879014921913,0.008212098507808728,0.02395416126825678,0.9760458387317432,0.014252896089292477,0.9857471039107075,0.0012443569030655688,0.9987556430969344,0.0008214491619531472,0.9991785508380469,0.035210576146710415,0.9647894238532896,0.006518183928532428,0.9934818160714676,0.2729391362914977,0.7270608637085023,0.246596338074748,0.753403661925252
215,0.0011197085485699088,0.9988802914514301,0.01363413291734017,0.9863658670826598,0.10144950656424889,0.8985504934357511,0.48456394631732735,0.5154360536826726,0.027199466346774615,0.9728005336532254,0.24173119035159985,0.7582688096484002,0.8975007862060109,0.10249921379398906,0.9193680785869507,0.08063192141304935,0.2729391362914977,0.7270608637085023,0.246596338074748,0.753403661925252
216,0.4436363024518748,0.5563636975481252,5.473387016952103e-07,0.9999994526612983,0.004046940844163904,0.9959530591558361,0.00013772832534020285,0.9998622716746598,0.7006861586990571,0.29931384130094285,0.007135019320141156,0.9928649806798588,0.7327993799164914,0.26720062008350864,0.4999361318527329,0.5000638681472671,0.2729391362914977,0.7270608637085023,0.246596338074748,0.753403661925252
217,0.2736845591951925,0.7263154408048075,0.0007182299487662469,0.9992817700512338,0.014642375746174219,0.9853576242538258,0.0007743234776542707,0.9992256765223457,0.009266755220885492,0.9907332447791145,0.00021638305004134661,0.9997836169499587,0.8965123924256141,0.10348760757438587,0.011277882732230293,0.9887221172677697,0.2729391362914977,0.7270608637085023,0.246596338074748,0.753403661925252
218,0.005718207965196842,0.9942817920348032,0.21925980548188473,0.7807401945181153,0.004659791252752288,0.9953402087472477,0.002679391854886304,0.9973206081451137,0.9218197126864524,0.07818028731354763,0.08940627456053518,0.9105937254394648,0.035409083359451476,0.9645909166405485,0.5163089123708013,0.48369108762919866,0.2729391362914977,0.7270608637085023,0.246596338074748,0.753403661925252
219,0.07900395137332494,0.9209960486266751,8.910433943798424e-06,0.9999910895660562,0.08254961650553738,0.9174503834944626,0.008033254719014615,0.9919667452809854,0.021878329868522783,0.9781216701314772,0.45669644361813966,0.5433035563818603,0.9465618779861992,0.053438122013800826,0.0009573337774925195,0.9990426662225075,0.2729391362914977,0.7270608637085023,0.246596338074748,0.753403661925252
220,0.007951290201716477,0.9920487097982835,0.8073493008059356,0.19265069919406444,0.24577939984448705,0.754220600155513,0.05437983521777645,0.9456201647822235,0.005771489875671554,0.9942285101243284,0.01772832504142774,0.9822716749585723,1.8650958909183224e-05,0.9999813490410908,0.1343834462039334,0.8656165537960666,0.2729391362914977,0.7270608637085023,0.246596338074748,0.753403661925252
221,0.7349876982347101,0.26501230176528995,0.5962673443871579,0.4037326556128421,0.011965671221743301,0.9880343287782567,0.2820544400831094,0.7179455599168906,0.009189973419828745,0.9908100265801713,0.004379342032475031,0.995620657967525,0.7038944323150789,0.2961055676849212,0.16164855777868725,0.8383514422213127,0.2729391362914977,0.7270608637085023,0.246596338074748,0.753403661925252
222,0.7157740244396219,0.2842259755603781,0.0007539611389982825,0.9992460388610017,0.7485864681530148,0.2514135318469853,0.011629260976809386,0.9883707390231906,0.9913275160850361,0.008672483914963882,0.0036683068820654308,0.9963316931179346,0.00024294291881632457,0.9997570570811837,0.2003660883662418,0.7996339116337582,0.2729391362914977,0.7270608637085023,0.246596338074748,0.753403661925252
223,0.9495241445448397,0.05047585545516035,0.00047857403617967975,0.9995214259638203,0.03732033436085125,0.9626796656391488,0.7916921859749424,0.20830781402505766,0.9639396088214639,0.03606039117853615,0.0006450280996461721,0.9993549719003538,0.005852038413758365,0.9941479615862416,0.0031610053414463657,0.9968389946585536,0.2729391362914977,0.7270608637085023,0.246596338074748,0.753403661925252
224,0.011183370709524798,0.9888166292904752,0.18168519697624286,0.8183148030237571,0.10377709497743715,0.8962229050225629,0.9204239907904026,0.07957600920959734,0.010251433499275597,0.9897485665007244,7.53365340950829e-05,0.9999246634659049,0.29121989859844266,0.7087801014015573,0.06609285211825577,0.9339071478817442,0.2729391362914977,0.7270608637085023,0.246596338074748,0.753403661925252
225,0.2568857717453933,0.7431142282546067,0.7168332078454946,0.2831667921545053,0.6673819737721209,0.3326180262278791,5.910170608558474e-05,0.9999408982939144,0.1817575120570032,0.8182424879429968,0.09711652096651069,0.9028834790334893,0.8175656217121545,0.18243437828784542,0.00015528542383957955,0.9998447145761604,0.2729391362914977,0.7270608637085023,0.246596338074748,0.753403661925252
226,0.4552577368707924,0.5447422631292076,0.973994193406689,0.026005806593310962,0.5163842221135502,0.4836157778864499,0.48618312039466727,0.5138168796053327,0.08407723125119893,0.9159227687488011,0.021056528322354717,0.9789434716776453,0.2552944729938764,0.7447055270061236,0.0004980085916975741,0.9995019914083024,0.2729391362914977,0.7270608637085023,0.246596338074748,0.753403661925252
227,0.00030144887748106974,0.9996985511225189,0.0011419719202337975,0.9988580280797662,0.02313867980441342,0.9768613201955866,0.0015432095108544042,0.9984567904891456,0.6310713351667667,0.3689286648332332,0.001807540239155081,0.9981924597608449,0.00930497279631981,0.9906950272036802,0.9943496406095117,0.00565035939048834,0.2729391362914977,0.7270608637085023,0.246596338074748,0.753403661925252
228,0.0070663015862818535,0.9929336984137181,0.11003194768016988,0.8899680523198301,0.15338499004715966,0.8466150099528403,0.0001254889784548796,0.9998745110215451,0.5077805148578746,0.49221948514212543,0.004130099850640723,0.9958699001493593,0.534022356956834,0.465977643043166,0.01784523462895271,0.9821547653710473,0.2729391362914977,0.7270608637085023,0.246596338074748,0.753403661925252
229,0.020412506755840165,0.9795874932441598,0.037517897330401895,0.9624821026695981,0.34026114184451084,0.6597388581554892,0.8201818806557368,0.17981811934426317,0.2914550710977857,0.7085449289022143,0.9381143928637871,0.061885607136212974,0.01670091171707133,0.9832990882829287,0.019617304845294226,0.9803826951547058,0.2729391362914977,0.7270608637085023,0.246596338074748,0.753403661925252
230,0.042332872110271924,0.9576671278897281,0.0007335278460809391,0.9992664721539191,0.005738321351786868,0.9942616786482131,0.007665477084584094,0.9923345229154159,0.10898757417804361,0.8910124258219564,0.024249254969974765,0.9757507450300252,0.013008628059174354,0.9869913719408256,0.5639387205855851,0.43606127941441486,0.2729391362914977,0.7270608637085023,0.246596338074748,0.753403661925252
231,0.3373779627486222,0.6626220372513778,0.321014817063936,0.678985182936064,0.11890349418240209,0.8810965058175979,0.9991706188692023,0.0008293811307976959,0.08142256949211835,0.9185774305078817,0.0002179883698600893,0.9997820116301399,0.6335471194996778,0.3664528805003222,0.01833548754969938,0.9816645124503006,0.2729391362914977,0.7270608637085023,0.246596338074748,0.753403661925252
232,0.06980699983217353,0.9301930001678265,0.35136193365370816,0.6486380663462918,0.08501156483259464,0.9149884351674054,0.012109732510691251,0.9878902674893087,0.008954965665287529,0.9910450343347125,4.1258220116802136e-05,0.9999587417798832,0.4168882065778946,0.5831117934221054,0.4657281479355131,0.5342718520644869,0.2729391362914977,0.7270608637085023,0.246596338074748,0.753403661925252
233,0.80392415833038,0.19607584166962,4.990695135598244e-06,0.9999950093048644,0.5134514710061516,0.4865485289938484,0.009579637434201094,0.9904203625657989,0.34828503975112257,0.6517149602488774,0.008791708937158083,0.9912082910628419,0.4379638758171379,0.5620361241828621,0.0006763014667032774,0.9993236985332967,0.2729391362914977,0.7270608637085023,0.246596338074748,0.753403661925252
234,0.004311746906455527,0.9956882530935445,0.05708872240801055,0.9429112775919894,0.05233818416195157,0.9476618158380484,0.0020074986660044702,0.9979925013339955,0.08116506674016721,0.9188349332598328,0.8683673012655585,0.13163269873444147,0.0013381218950728746,0.9986618781049271,8.50878253143561e-05,0.9999149121746856,0.2729391362914977,0.7270608637085023,0.246596338074748,0.753403661925252
235,0.010628628914330918,0.9893713710856691,0.5743496039213238,0.42565039607867616,0.002839225218222996,0.997160774781777,0.00038220038479030993,0.9996177996152097,0.47347161201145094,0.5265283879885491,0.0045750796068840804,0.9954249203931159,0.004875757544306025,0.995124242455694,0.0033033720340865935,0.9966966279659134,0.2729391362914977,0.7270608637085023,0.246596338074748,0.753403661925252
