,CLASS1
0,4
1,4
2,4
3,0
4,1
5,1
6,2
7,4
8,0
9,0
10,1
11,4
12,0
13,0
14,4
15,4
16,0
17,4
18,1
19,0
20,4
21,0
22,0
23,0
24,4
25,1
26,4
27,1
28,2
29,2
30,4
31,4
32,4
33,2
34,4
35,1
36,1
37,1
38,4
39,4
40,4
41,0
42,0
43,1
44,0
45,4
46,1
47,0
48,0
49,4
50,4
51,1
52,4
53,1
54,4
55,4
56,1
57,0
58,0
59,4
60,4
61,4
62,2
63,2
64,0
65,0
66,2
67,4
68,0
69,0
70,2
71,1
72,0
73,4
74,2
75,1
76,1
77,1
78,1
79,0
80,1
81,0
82,0
83,1
84,1
85,1
86,2
87,2
88,0
89,4
90,4
91,2
92,1
93,1
94,4
95,2
96,0
97,1
98,2
99,1
100,0
101,1
102,0
103,1
104,1
105,4
106,1
107,1
108,4
109,1
110,1
111,4
112,4
113,4
114,2
115,2
116,1
117,4
118,4
119,4
120,0
121,0
122,2
123,4
124,2
125,4
126,4
127,4
128,0
129,4
130,4
131,1
132,4
133,0
134,2
135,1
136,1
137,1
138,0
139,1
140,4
141,1
142,2
143,4
144,2
145,4
146,4
147,4
148,1
149,4
150,4
151,0
152,4
153,1
154,0
155,1
156,1
157,0
158,0
159,4
160,4
161,0
162,1
163,4
164,1
165,0
166,1
167,0
168,0
169,4
170,2
171,1
172,1
173,1
174,2
175,4
176,2
177,1
178,4
179,0
180,4
181,4
182,1
183,1
184,4
185,0
186,4
187,0
188,2
189,0
190,1
191,1
192,2
193,4
194,4
195,1
196,0
197,1
198,2
199,2
200,0
201,0
202,2
203,1
204,1
205,4
206,4
207,4
208,4
209,1
210,0
211,4
212,4
213,1
214,0
215,2
216,4
217,0
218,1
219,1
220,0
221,1
222,0
223,2
224,1
225,2
226,2
227,1
228,4
229,0
230,2
231,1
232,2
233,4
234,0
235,0
236,4
237,1
238,0
239,0
240,4
241,1
242,1
243,1
244,1
245,0
246,1
247,0
248,0
249,4
250,4
251,4
252,4
253,2
254,1
255,4
256,1
257,4
258,2
259,0
260,2
261,1
262,4
263,1
264,2
265,4
266,1
267,1
268,4
269,2
270,1
271,2
272,4
273,0
274,0
275,4
276,4
277,2
278,1
279,0
280,0
281,2
282,4
283,4
284,0
285,1
286,1
287,1
288,4
289,4
290,2
291,1
292,1
293,1
294,4
295,4
296,0
297,1
298,1
299,4
300,0
301,2
302,2
303,1
304,0
305,2
306,4
307,1
308,1
309,1
310,0
311,4
312,1
313,0
314,0
315,1
316,0
317,4
318,2
319,1
320,2
321,4
322,1
323,1
324,0
325,2
326,2
327,2
328,1
329,0
330,1
331,1
332,0
333,2
334,4
335,0
336,1
337,1
338,2
339,1
340,1
341,1
342,2
343,4
344,1
345,2
346,4
347,4
348,0
349,2
350,1
351,0
352,1
353,0
354,4
355,4
356,1
357,4
358,4
359,0
360,2
361,1
362,0
363,4
364,4
365,1
366,1
367,1
368,4
369,4
370,1
371,4
372,2
373,1
374,0
375,2
376,4
377,0
378,4
379,2
380,4
381,0
382,4
383,1
384,1
385,1
386,1
387,0
388,1
389,4
390,4
391,0
392,0
393,0
394,4
395,2
396,4
397,0
398,1
399,2
400,0
401,0
402,1
403,0
404,4
405,4
406,2
407,2
408,1
409,0
410,4
411,4
412,2
413,0
414,4
415,0
416,2
417,1
418,0
419,1
420,0
421,4
422,4
423,1
424,4
425,0
426,2
427,4
428,2
429,2
430,1
431,1
432,4
433,4
434,1
435,0
436,4
437,1
438,4
439,4
440,4
441,4
442,4
443,1
444,0
445,1
446,4
447,1
448,0
449,0
450,2
451,1
452,4
453,4
454,1
455,2
456,0
457,1
458,0
459,1
460,0
461,0
462,0
463,0
464,1
465,1
466,0
467,1
468,4
469,0
470,0
471,4
472,0
473,1
474,0
475,0
476,0
477,2
478,1
479,2
480,4
481,1
482,4
483,4
484,4
485,2
486,1
487,2
488,0
489,4
490,1
491,0
492,4
493,4
494,0
495,4
496,2
497,0
498,1
499,1
500,0
501,0
502,4
503,2
504,1
505,4
506,0
507,4
508,4
509,1
510,2
511,0
512,4
513,4
514,0
515,1
516,1
517,4
518,1
519,2
520,1
521,0
522,2
523,0
524,4
525,1
526,4
527,2
528,1
529,4
530,0
531,4
532,1
533,1
534,0
535,4
536,1
537,0
538,0
539,1
540,4
541,0
542,2
543,0
544,2
545,4
546,4
547,2
548,2
549,0
550,0
551,4
552,1
553,4
554,0
555,0
556,0
557,0
558,1
559,1
560,1
561,1
562,1
563,0
564,4
565,1
566,0
567,0
568,2
569,1
570,1
571,4
572,4
573,0
574,1
575,1
576,0
577,1
578,1
579,4
580,0
581,1
582,0
583,1
584,0
585,0
586,0
587,0
588,4
589,1
590,0
591,0
592,0
593,1
594,0
595,1
596,0
597,2
598,1
599,2
600,2
601,4
602,0
603,0
604,0
605,1
606,1
607,1
608,4
609,4
610,2
611,1
612,2
613,0
614,4
615,1
616,0
617,2
618,4
619,1
620,4
621,4
622,2
623,1
624,1
625,2
626,0
627,0
628,0
629,4
630,1
631,0
632,2
633,0
634,4
635,2
636,0
637,4
638,0
639,0
640,0
641,0
642,2
643,1
644,0
645,0
646,4
647,0
648,2
649,0
650,1
651,0
652,2
653,0
654,0
655,2
656,0
657,2
658,2
659,0
660,4
661,4
662,2
663,4
664,1
665,2
666,2
667,1
668,1
669,1
670,0
671,0
672,4
673,0
674,1
675,4
676,1
677,2
678,0
679,1
680,1
681,0
682,4
683,4
684,2
685,1
686,4
687,0
688,1
689,1
690,1
691,4
692,0
693,0
694,2
695,4
696,4
697,0
698,0
699,1
700,4
701,4
702,1
703,0
704,2
705,0
706,0
707,4
708,1
709,4
710,2
711,4
712,1
713,0
714,4
715,1
716,0
717,4
718,1
719,0
720,2
721,2
722,2
723,4
724,0
725,0
726,4
727,4
728,0
729,0
730,4
731,0
732,0
733,0
734,1
735,0
736,0
737,4
738,4
739,4
740,2
741,4
742,4
743,4
744,4
745,2
746,2
747,2
748,1
749,4
750,2
751,2
752,0
753,2
754,1
755,4
756,1
757,0
758,4
759,2
760,1
761,4
762,4
763,0
764,0
765,2
766,2
767,0
768,4
769,4
770,0
771,4
772,1
773,0
774,2
775,2
776,4
777,0
778,4
779,4
780,0
781,4
782,2
783,1
784,1
785,0
786,1
787,4
788,2
789,1
790,0
791,0
792,1
793,4
794,1
795,1
796,4
797,1
798,2
799,4
800,0
801,4
802,4
803,2
804,1
805,1
806,4
807,2
808,1
809,0
810,0
811,2
812,0
813,4
814,0
815,0
816,4
817,0
818,1
819,4
820,4
821,2
822,1
823,4
824,0
825,4
826,4
827,4
828,1
829,1
830,4
831,2
832,0
833,0
834,2
835,0
836,1
837,1
838,1
839,1
840,4
841,0
842,2
843,2
844,0
845,4
846,1
847,4
848,0
849,4
850,1
851,0
852,0
853,4
854,0
855,1
856,1
857,1
858,0
859,2
860,4
861,0
862,4
863,1
864,0
865,4
866,0
867,2
868,0
869,1
870,1
871,1
872,2
873,0
874,1
875,0
876,0
877,4
878,0
879,4
880,2
881,4
882,4
883,4
884,4
885,1
886,0
887,4
888,4
889,0
890,0
891,4
892,0
893,0
894,4
895,1
896,4
897,1
898,1
899,2
900,0
901,0
902,4
903,0
904,0
905,4
906,1
907,1
908,0
909,1
910,1
911,1
912,4
913,4
914,1
915,4
916,0
917,4
918,2
919,1
920,4
921,2
922,2
923,4
924,2
925,4
926,1
927,1
928,0
929,1
930,0
931,1
932,2
933,4
934,4
935,2
936,1
937,0
938,4
939,2
940,4
941,0
942,2
943,4
944,1
945,4
946,2
947,0
948,0
949,4
950,1
951,0
952,4
953,4
954,2
955,4
956,4
957,0
958,0
959,0
960,4
961,1
962,2
963,0
964,0
965,0
966,1
967,4
968,0
969,2
970,0
971,0
972,4
973,0
974,1
975,0
976,0
977,0
978,1
979,1
980,1
981,1
982,1
983,0
984,2
985,1
986,1
987,0
988,0
989,4
990,1
991,0
992,0
993,1
994,4
995,4
996,0
997,4
998,1
999,4
1000,0
1001,4
1002,0
1003,0
1004,4
1005,2
1006,1
1007,4
1008,0
1009,4
1010,1
1011,2
1012,2
1013,4
1014,0
1015,0
1016,1
1017,0
1018,2
1019,0
1020,1
1021,0
1022,2
1023,4
1024,4
1025,0
1026,4
1027,2
1028,1
1029,2
1030,0
1031,0
1032,4
1033,2
1034,4
1035,1
1036,4
1037,2
1038,1
1039,4
1040,4
1041,4
1042,4
1043,4
1044,0
1045,4
1046,1
1047,4
1048,0
1049,0
1050,0
1051,4
1052,0
1053,4
1054,0
1055,2
1056,4
1057,4
1058,4
1059,1
1060,4
1061,4
1062,1
1063,0
1064,0
1065,1
1066,2
1067,0
1068,2
1069,1
1070,4
1071,0
1072,4
1073,0
1074,4
1075,4
1076,0
1077,1
1078,1
1079,0
1080,4
1081,4
1082,0
1083,1
1084,2
1085,1
1086,2
1087,4
1088,0
1089,4
1090,2
1091,0
1092,1
1093,1
1094,4
1095,1
1096,4
1097,4
1098,0
1099,4
1100,4
1101,2
1102,0
1103,0
1104,0
1105,4
1106,0
1107,4
1108,4
1109,1
1110,0
1111,0
1112,1
1113,2
1114,0
1115,1
1116,1
1117,0
1118,4
1119,4
1120,0
1121,1
1122,0
1123,4
1124,4
1125,1
1126,0
1127,2
1128,1
1129,1
1130,1
1131,0
1132,1
1133,1
1134,4
1135,1
1136,4
1137,0
1138,0
1139,0
1140,4
1141,4
1142,0
1143,1
1144,4
1145,4
1146,2
1147,0
1148,1
1149,0
1150,0
1151,4
1152,4
1153,1
1154,4
1155,1
1156,0
1157,2
1158,0
1159,1
1160,1
1161,0
1162,4
1163,1
1164,4
1165,4
1166,2
1167,1
1168,4
1169,4
1170,2
1171,1
1172,4
1173,4
1174,0
1175,0
1176,4
1177,2
1178,4
1179,0
1180,4
1181,0
1182,0
1183,4
1184,1
1185,4
1186,2
1187,2
1188,4
1189,1
1190,2
1191,0
1192,0
1193,0
1194,4
1195,0
1196,0
1197,2
1198,0
1199,0
1200,4
1201,2
1202,1
1203,4
1204,0
1205,0
1206,4
1207,4
1208,2
1209,4
1210,0
1211,0
1212,0
1213,2
1214,2
1215,2
1216,0
1217,4
1218,4
1219,0
1220,0
1221,0
1222,0
1223,4
1224,0
1225,1
1226,4
1227,0
1228,1
1229,4
1230,4
1231,0
1232,0
1233,2
1234,0
1235,4
1236,4
1237,2
1238,1
1239,0
1240,4
1241,1
1242,2
1243,1
1244,0
1245,4
1246,0
1247,4
1248,2
1249,1
1250,1
1251,0
1252,4
1253,0
1254,2
1255,1
1256,1
1257,0
1258,4
1259,4
1260,4
1261,4
1262,1
1263,1
1264,1
1265,0
1266,2
1267,0
1268,1
1269,2
1270,0
1271,4
1272,0
1273,0
1274,0
1275,0
1276,2
1277,1
1278,1
1279,1
1280,1
1281,4
1282,2
1283,0
1284,4
1285,4
1286,0
1287,4
1288,4
1289,4
1290,0
1291,4
1292,1
1293,4
1294,0
1295,4
1296,4
1297,0
1298,2
1299,1
1300,0
1301,0
1302,4
1303,1
1304,0
1305,1
1306,2
1307,2
1308,0
1309,0
1310,4
1311,4
1312,0
1313,0
1314,4
1315,4
1316,4
1317,0
1318,0
1319,4
1320,2
1321,0
1322,1
1323,1
1324,0
1325,4
1326,0
1327,4
1328,4
1329,0
1330,4
1331,4
1332,0
1333,0
1334,0
1335,4
1336,4
1337,4
1338,4
1339,2
1340,1
1341,0
1342,1
1343,0
1344,2
1345,0
1346,4
1347,1
1348,4
1349,4
1350,1
1351,4
1352,4
1353,4
1354,4
1355,1
1356,4
1357,0
1358,0
1359,0
1360,2
1361,4
1362,4
1363,0
1364,2
1365,4
1366,4
1367,4
1368,4
1369,4
1370,1
1371,4
1372,2
1373,0
1374,0
1375,2
1376,0
1377,0
1378,0
1379,4
1380,0
1381,2
1382,4
1383,4
1384,4
1385,2
1386,4
1387,1
1388,4
1389,4
1390,4
1391,4
1392,4
1393,4
1394,4
1395,4
1396,4
1397,0
1398,0
1399,4
1400,1
1401,2
1402,1
1403,0
1404,4
1405,4
1406,1
1407,4
1408,1
1409,0
1410,1
1411,4
1412,0
1413,4
1414,2
1415,0
1416,0
1417,2
1418,4
1419,0
1420,4
1421,4
1422,4
1423,4
1424,1
1425,4
1426,4
1427,2
1428,4
1429,0
1430,4
1431,0
1432,4
1433,2
1434,0
1435,0
1436,0
1437,0
1438,4
1439,4
1440,1
1441,4
1442,4
1443,4
1444,0
1445,4
1446,4
1447,4
1448,1
1449,0
1450,4
1451,0
1452,4
1453,4
1454,4
1455,2
1456,1
1457,4
1458,0
1459,0
1460,4
1461,4
1462,0
1463,4
1464,4
1465,0
1466,0
1467,1
1468,4
1469,4
1470,4
1471,4
1472,4
1473,4
1474,0
1475,1
1476,4
1477,4
1478,4
1479,0
1480,2
1481,4
1482,1
1483,4
1484,0
1485,0
1486,0
1487,4
1488,0
1489,1
1490,4
1491,0
1492,4
1493,4
1494,1
1495,4
1496,4
1497,4
1498,0
1499,0
1500,0
1501,4
1502,1
1503,4
1504,2
1505,4
1506,4
1507,4
1508,1
1509,2
1510,1
1511,0
1512,4
1513,2
1514,2
1515,1
1516,1
1517,4
1518,1
1519,0
1520,0
1521,0
1522,4
1523,1
1524,0
1525,4
1526,0
1527,4
1528,0
1529,4
1530,0
1531,0
1532,1
1533,1
1534,4
1535,2
1536,2
1537,2
1538,2
1539,4
1540,4
1541,4
1542,0
1543,4
1544,0
1545,4
1546,4
1547,2
1548,4
1549,1
1550,0
1551,1
1552,4
1553,4
1554,0
1555,4
1556,4
1557,2
1558,4
1559,0
1560,4
1561,4
1562,0
1563,1
1564,4
1565,2
1566,0
1567,4
1568,1
1569,4
1570,4
1571,1
1572,0
1573,4
1574,4
1575,4
1576,4
1577,4
1578,0
1579,0
1580,4
1581,1
1582,4
1583,1
1584,4
1585,4
1586,0
1587,0
1588,4
1589,1
1590,4
1591,1
1592,0
1593,4
1594,2
1595,4
1596,4
1597,4
1598,0
1599,0
1600,4
1601,0
1602,4
1603,0
1604,1
1605,4
1606,4
1607,0
1608,4
1609,0
1610,1
1611,1
1612,4
1613,4
1614,1
1615,2
1616,4
1617,4
1618,0
1619,0
1620,0
1621,1
1622,0
1623,1
1624,4
1625,0
1626,0
1627,4
1628,4
1629,1
1630,4
1631,4
1632,2
1633,1
1634,1
1635,0
1636,0
1637,4
1638,4
1639,0
1640,0
1641,1
1642,4
1643,1
1644,0
1645,0
1646,0
1647,1
1648,4
1649,0
1650,4
1651,4
1652,4
1653,0
1654,4
1655,4
1656,2
1657,4
1658,4
1659,4
1660,4
1661,4
1662,4
1663,2
1664,2
1665,4
1666,4
1667,0
1668,4
1669,0
1670,0
1671,2
1672,0
1673,0
1674,4
1675,4
1676,0
1677,1
1678,4
1679,4
1680,0
1681,0
1682,4
1683,4
1684,2
1685,4
1686,4
1687,0
1688,2
1689,0
1690,2
1691,4
1692,1
1693,0
1694,2
1695,4
1696,4
1697,4
1698,2
1699,1
1700,4
1701,0
1702,1
1703,4
1704,0
1705,2
1706,0
1707,0
1708,2
1709,1
1710,4
1711,1
1712,0
1713,1
1714,4
1715,2
1716,4
1717,0
1718,0
1719,4
1720,1
1721,1
1722,1
1723,0
1724,4
1725,1
1726,0
1727,4
1728,4
1729,4
1730,0
1731,1
1732,4
1733,4
1734,1
1735,0
1736,2
1737,2
1738,0
1739,1
1740,4
1741,0
1742,4
1743,2
1744,2
1745,1
1746,1
1747,4
1748,4
1749,4
1750,0
1751,0
1752,0
1753,4
1754,4
1755,4
1756,2
1757,0
1758,4
1759,4
1760,2
1761,0
1762,4
1763,1
1764,4
1765,1
1766,4
1767,4
1768,4
1769,4
1770,0
1771,4
1772,2
1773,1
1774,0
1775,1
1776,0
1777,1
1778,4
1779,4
1780,4
1781,0
1782,0
1783,4
1784,4
1785,0
1786,4
1787,0
1788,0
1789,4
1790,1
1791,4
1792,1
1793,1
1794,4
1795,4
1796,4
1797,0
1798,1
1799,4
1800,1
1801,0
1802,4
1803,2
1804,1
1805,2
1806,1
1807,4
1808,4
1809,1
1810,0
1811,1
1812,4
1813,0
1814,0
1815,4
1816,4
1817,2
1818,0
1819,0
1820,1
1821,4
1822,4
1823,4
1824,4
1825,0
1826,2
1827,0
1828,1
1829,4
1830,4
1831,1
1832,2
1833,0
1834,1
1835,0
1836,0
1837,1
1838,2
1839,1
1840,4
1841,0
1842,4
1843,1
1844,4
1845,1
1846,2
1847,1
1848,4
1849,4
1850,4
1851,2
1852,4
1853,0
1854,0
1855,4
1856,0
1857,4
1858,0
1859,0
1860,2
1861,1
1862,4
1863,0
1864,2
1865,1
1866,0
1867,0
1868,2
1869,4
1870,0
1871,2
1872,1
1873,1
1874,4
1875,4
1876,1
1877,4
1878,1
1879,4
1880,0
1881,1
1882,0
1883,0
1884,0
1885,4
1886,0
1887,1
1888,0
1889,0
1890,0
1891,1
1892,2
1893,2
1894,4
1895,0
1896,4
1897,4
1898,4
1899,1
1900,4
1901,4
1902,4
1903,1
1904,0
1905,4
1906,2
1907,2
1908,4
1909,4
1910,0
1911,1
1912,0
1913,0
1914,1
1915,4
1916,1
1917,4
1918,0
1919,0
1920,2
1921,4
1922,2
1923,2
1924,4
1925,0
1926,2
1927,1
1928,4
1929,0
1930,0
1931,4
1932,4
1933,0
1934,1
1935,1
1936,4
1937,4
1938,0
1939,4
1940,2
1941,1
1942,2
1943,2
1944,0
1945,4
1946,1
1947,4
1948,0
1949,1
1950,1
1951,1
1952,0
1953,4
1954,0
1955,0
1956,1
1957,2
1958,4
1959,0
1960,0
1961,1
1962,0
1963,1
1964,2
1965,0
1966,1
1967,4
1968,0
1969,2
1970,0
1971,4
1972,2
1973,0
1974,0
1975,4
1976,4
1977,0
1978,0
1979,4
1980,2
1981,4
1982,0
1983,1
1984,4
1985,4
1986,4
1987,4
1988,4
1989,0
1990,0
1991,1
1992,1
1993,1
1994,4
1995,4
1996,4
1997,1
1998,0
1999,1
2000,1
2001,4
2002,4
2003,2
2004,4
2005,4
2006,1
2007,1
2008,4
2009,4
2010,0
2011,0
2012,4
2013,4
2014,4
2015,4
2016,1
2017,4
2018,1
2019,1
2020,0
2021,1
2022,4
2023,0
2024,1
2025,4
2026,2
2027,4
2028,0
2029,1
2030,0
2031,0
2032,0
2033,0
2034,2
2035,4
2036,2
2037,1
2038,0
2039,1
2040,0
2041,2
2042,1
2043,4
2044,0
2045,0
2046,1
2047,4
2048,0
2049,0
2050,0
2051,2
2052,4
2053,2
2054,2
2055,1
2056,4
2057,2
2058,1
2059,4
2060,1
2061,0
2062,4
2063,0
2064,0
2065,1
2066,4
2067,1
2068,0
2069,1
2070,1
2071,0
2072,0
2073,1
2074,1
2075,4
2076,2
2077,0
2078,4
2079,1
2080,0
2081,1
2082,0
2083,1
2084,4
2085,2
2086,0
2087,4
2088,1
2089,1
2090,1
2091,0
2092,0
2093,1
2094,0
2095,4
2096,1
2097,1
2098,1
2099,1
2100,1
2101,2
2102,1
2103,1
2104,1
2105,4
2106,0
2107,1
2108,0
2109,0
2110,1
2111,1
2112,4
2113,0
2114,4
2115,4
2116,0
2117,4
2118,0
2119,1
2120,2
2121,1
2122,0
2123,4
2124,2
2125,0
2126,2
2127,2
2128,4
2129,1
2130,0
2131,1
2132,4
2133,4
2134,4
2135,1
2136,1
2137,4
2138,4
2139,0
2140,2
2141,4
2142,1
2143,1
2144,4
2145,0
2146,1
2147,1
2148,4
2149,2
2150,0
2151,0
2152,1
2153,0
2154,1
2155,4
2156,0
2157,4
2158,2
2159,0
2160,1
2161,1
2162,4
2163,0
2164,1
2165,1
2166,4
2167,2
2168,4
2169,2
2170,4
2171,1
2172,0
2173,2
2174,4
2175,1
2176,1
2177,0
2178,0
2179,4
2180,0
2181,2
2182,4
2183,1
2184,1
2185,2
2186,4
2187,4
2188,4
2189,4
2190,4
2191,4
2192,1
2193,4
2194,1
2195,2
2196,0
2197,4
2198,4
2199,4
2200,0
2201,0
2202,1
2203,2
2204,0
2205,1
2206,1
2207,0
2208,1
2209,4
2210,4
2211,4
2212,4
2213,1
2214,4
2215,4
2216,1
2217,4
2218,0
2219,2
2220,4
2221,0
2222,4
2223,2
2224,1
2225,4
2226,1
2227,4
2228,1
2229,2
2230,4
2231,1
2232,0
2233,1
2234,4
2235,1
2236,4
2237,1
2238,4
2239,0
2240,1
2241,4
2242,4
2243,0
2244,1
2245,4
2246,2
2247,4
2248,4
2249,1
2250,4
2251,4
2252,4
2253,1
2254,4
2255,0
2256,0
2257,4
2258,2
2259,0
2260,4
2261,4
2262,0
2263,0
2264,4
2265,4
2266,4
2267,4
2268,1
2269,1
2270,4
2271,1
2272,4
2273,4
2274,4
2275,0
2276,2
2277,4
2278,4
2279,0
2280,1
2281,1
2282,0
2283,4
2284,4
2285,1
2286,4
2287,2
2288,1
2289,4
2290,4
2291,4
2292,4
2293,1
2294,4
2295,1
2296,1
2297,4
2298,4
2299,4
2300,4
2301,4
2302,4
2303,0
2304,0
2305,4
2306,1
2307,4
2308,1
2309,0
2310,0
2311,1
2312,4
2313,0
2314,4
2315,2
2316,1
2317,4
2318,4
2319,4
2320,2
2321,0
2322,4
2323,2
2324,4
2325,0
2326,1
2327,4
2328,4
2329,4
2330,0
2331,1
2332,2
2333,4
2334,1
2335,4
2336,0
2337,0
2338,4
2339,1
2340,0
2341,2
2342,1
2343,2
2344,1
2345,4
2346,4
2347,4
2348,1
2349,2
2350,1
2351,4
2352,0
2353,4
2354,1
2355,4
2356,4
2357,2
2358,0
2359,0
2360,1
2361,4
2362,1
2363,1
2364,1
2365,4
2366,0
2367,0
2368,2
2369,4
2370,1
2371,0
2372,0
2373,1
2374,4
2375,4
2376,2
2377,1
2378,4
2379,2
2380,1
2381,4
2382,4
2383,0
2384,4
2385,4
2386,0
2387,4
2388,0
2389,0
2390,2
2391,1
2392,0
2393,2
2394,4
2395,1
2396,4
2397,2
2398,0
2399,0
2400,0
2401,2
2402,0
2403,0
2404,2
2405,2
2406,1
2407,4
2408,1
2409,1
2410,4
2411,1
2412,1
2413,2
2414,0
2415,0
2416,4
2417,4
2418,0
2419,4
2420,1
2421,4
2422,1
2423,0
2424,1
2425,4
2426,1
2427,1
2428,4
2429,1
2430,1
2431,1
2432,1
2433,4
2434,0
2435,2
2436,0
2437,4
2438,4
2439,4
2440,4
2441,2
2442,1
2443,0
2444,0
2445,0
2446,4
2447,1
2448,1
2449,4
2450,1
2451,4
2452,0
2453,4
2454,1
2455,1
2456,0
2457,2
2458,4
2459,1
2460,4
2461,0
2462,0
2463,0
2464,4
2465,1
2466,4
2467,0
2468,2
2469,4
2470,0
2471,1
2472,4
2473,1
2474,4
2475,1
2476,4
2477,0
2478,4
2479,0
2480,1
2481,4
2482,4
2483,4
2484,4
2485,2
2486,2
2487,1
2488,1
2489,4
2490,1
2491,2
2492,4
2493,4
2494,1
2495,1
2496,4
2497,1
2498,4
2499,0
2500,4
2501,2
2502,2
2503,0
2504,4
2505,0
2506,1
2507,1
2508,4
2509,4
2510,4
2511,4
2512,1
2513,4
2514,1
2515,0
2516,4
2517,0
2518,1
2519,4
2520,1
2521,0
2522,1
2523,4
2524,4
2525,1
2526,0
2527,1
2528,4
2529,1
2530,4
2531,4
2532,4
2533,4
2534,2
2535,1
2536,2
2537,4
2538,2
2539,2
2540,4
2541,4
2542,0
2543,2
2544,1
2545,2
2546,0
2547,4
2548,2
2549,0
2550,4
2551,1
2552,0
2553,4
2554,4
2555,4
2556,1
2557,1
2558,4
2559,4
2560,4
2561,1
2562,4
2563,4
2564,4
2565,0
2566,1
2567,2
2568,0
2569,4
2570,4
2571,0
2572,0
2573,1
2574,4
2575,4
2576,1
2577,4
2578,2
2579,0
2580,4
2581,1
2582,4
2583,2
2584,4
2585,1
2586,1
2587,1
2588,4
2589,4
2590,4
2591,0
2592,1
2593,4
2594,4
2595,2
2596,1
2597,2
2598,0
2599,4
2600,2
2601,4
2602,1
2603,4
2604,0
2605,1
2606,1
2607,2
2608,4
2609,0
2610,1
2611,2
2612,0
2613,4
2614,0
2615,2
2616,0
2617,0
2618,1
2619,4
2620,4
2621,2
2622,2
2623,4
2624,4
2625,4
2626,0
2627,0
2628,4
2629,0
2630,0
2631,0
2632,4
2633,0
2634,4
2635,1
2636,4
2637,4
2638,2
2639,4
2640,2
2641,2
2642,4
2643,1
2644,1
2645,0
2646,4
2647,4
2648,1
2649,0
2650,4
2651,4
2652,4
2653,1
2654,1
2655,1
2656,0
2657,4
2658,4
2659,1
2660,4
2661,1
2662,1
2663,4
2664,2
2665,2
2666,4
2667,4
2668,1
2669,1
2670,2
2671,4
2672,4
2673,4
2674,1
2675,4
2676,4
2677,1
2678,1
2679,1
2680,0
2681,4
2682,1
2683,0
2684,0
2685,2
2686,4
2687,1
2688,4
2689,2
2690,4
2691,0
2692,4
2693,4
2694,4
2695,0
2696,0
2697,1
2698,4
2699,1
2700,1
2701,4
2702,2
2703,0
2704,4
2705,2
2706,1
2707,1
2708,2
2709,1
2710,1
2711,0
2712,2
2713,0
2714,1
2715,0
2716,0
2717,0
2718,4
2719,1
2720,0
2721,2
2722,4
2723,4
2724,4
2725,4
2726,4
2727,1
2728,4
2729,4
2730,2
2731,0
2732,2
2733,2
2734,1
2735,4
2736,0
2737,1
2738,4
2739,2
2740,4
2741,0
2742,0
2743,2
2744,0
2745,1
2746,1
2747,1
2748,0
2749,0
2750,2
2751,1
2752,1
2753,1
2754,1
2755,4
2756,2
2757,4
2758,1
2759,4
2760,4
2761,2
2762,4
2763,1
2764,4
2765,2
2766,0
2767,0
2768,0
2769,4
2770,1
2771,0
2772,4
2773,0
2774,4
2775,1
2776,0
2777,0
2778,1
2779,0
2780,2
2781,4
2782,4
2783,2
2784,4
2785,2
2786,4
2787,1
2788,4
2789,1
2790,4
2791,0
2792,4
2793,2
2794,2
2795,0
2796,0
2797,2
2798,1
2799,4
2800,2
2801,1
2802,1
2803,1
2804,0
2805,1
2806,0
2807,4
2808,0
2809,1
2810,4
2811,1
2812,4
2813,4
2814,4
2815,4
2816,4
2817,1
2818,4
2819,4
2820,2
2821,4
2822,1
2823,2
2824,4
2825,1
2826,1
2827,4
2828,1
2829,4
2830,4
2831,1
2832,2
2833,1
2834,1
2835,1
2836,4
2837,1
2838,4
2839,4
2840,2
2841,4
2842,4
2843,1
2844,0
2845,1
2846,0
2847,2
2848,0
2849,2
2850,4
2851,4
2852,4
2853,2
2854,0
2855,0
2856,2
2857,4
2858,2
2859,0
2860,1
2861,1
2862,0
2863,1
2864,1
2865,1
2866,4
2867,0
2868,4
2869,4
2870,4
2871,2
2872,1
2873,0
2874,2
2875,4
2876,0
2877,4
2878,1
2879,4
2880,4
2881,2
2882,1
2883,2
2884,1
2885,0
2886,0
2887,4
2888,1
2889,4
2890,1
2891,0
2892,4
2893,1
2894,4
2895,4
2896,1
2897,1
2898,4
2899,4
2900,0
2901,1
2902,4
2903,0
2904,1
2905,4
2906,4
2907,1
2908,2
2909,0
2910,1
2911,1
2912,4
2913,2
2914,4
2915,2
2916,4
2917,0
2918,4
2919,4
2920,0
2921,4
2922,1
2923,1
2924,0
2925,0
2926,1
2927,0
2928,0
2929,0
2930,1
2931,4
2932,2
2933,4
2934,2
2935,4
2936,2
2937,4
2938,4
2939,1
2940,4
2941,4
2942,4
2943,0
2944,1
2945,0
2946,2
2947,4
2948,4
2949,4
2950,4
2951,1
2952,4
2953,2
2954,0
2955,0
2956,4
2957,1
2958,2
2959,4
2960,1
2961,4
2962,4
2963,0
2964,4
2965,0
2966,4
2967,1
2968,1
2969,0
2970,4
2971,1
2972,4
2973,1
2974,4
2975,4
2976,1
2977,2
2978,4
2979,4
2980,0
2981,2
2982,0
2983,2
2984,0
2985,2
2986,4
2987,2
2988,4
2989,4
2990,1
2991,4
2992,1
2993,0
2994,0
2995,0
2996,2
2997,1
2998,1
2999,4
3000,4
3001,1
3002,1
3003,2
3004,0
3005,1
3006,0
3007,4
3008,4
3009,0
3010,0
3011,1
3012,0
3013,4
3014,4
3015,1
3016,1
3017,1
3018,1
3019,4
3020,2
3021,0
3022,2
3023,0
3024,1
3025,1
3026,1
3027,0
3028,4
3029,4
3030,1
3031,1
3032,2
3033,4
3034,0
3035,1
3036,4
3037,0
3038,4
3039,1
3040,4
3041,0
3042,1
3043,1
3044,4
3045,1
3046,0
3047,1
3048,4
3049,1
3050,2
3051,0
3052,2
3053,2
3054,0
3055,4
3056,4
3057,0
3058,0
3059,2
3060,2
3061,1
3062,0
3063,2
3064,4
3065,2
3066,4
3067,2
3068,1
3069,4
3070,0
3071,1
3072,4
3073,1
3074,0
3075,1
3076,4
3077,1
3078,1
3079,0
3080,4
3081,4
3082,4
3083,1
3084,4
3085,1
3086,1
3087,0
3088,4
3089,1
3090,4
3091,2
3092,4
3093,2
3094,2
3095,4
3096,0
3097,2
3098,4
3099,0
3100,0
3101,4
3102,1
3103,1
3104,2
3105,2
3106,1
3107,4
3108,4
3109,2
3110,4
3111,1
3112,0
3113,4
3114,1
3115,0
3116,0
3117,1
3118,0
3119,4
3120,4
3121,4
3122,2
3123,4
3124,0
3125,0
3126,1
3127,0
3128,4
3129,2
3130,2
3131,1
3132,0
3133,1
3134,0
3135,0
3136,0
3137,4
3138,4
3139,1
3140,1
3141,2
3142,1
3143,0
3144,4
3145,1
3146,0
3147,1
3148,4
3149,4
3150,4
3151,4
3152,1
3153,4
3154,4
3155,1
3156,1
3157,4
3158,0
3159,4
3160,2
3161,4
3162,4
3163,2
3164,0
3165,4
3166,4
3167,0
3168,4
3169,4
3170,4
3171,2
3172,1
3173,4
3174,4
3175,1
3176,4
3177,4
3178,0
3179,4
3180,1
3181,4
3182,4
3183,0
3184,0
3185,2
3186,0
3187,4
3188,4
3189,1
3190,0
3191,4
3192,2
3193,2
3194,4
3195,4
3196,1
3197,4
3198,4
3199,0
3200,0
3201,1
3202,0
3203,4
3204,1
3205,1
3206,0
3207,0
3208,0
3209,1
3210,4
3211,1
3212,4
3213,4
3214,4
3215,2
3216,1
3217,1
3218,4
3219,4
3220,0
3221,4
3222,1
3223,2
3224,1
3225,1
3226,1
3227,4
3228,0
3229,0
3230,1
3231,1
3232,0
3233,4
3234,4
3235,4
3236,2
3237,4
3238,4
3239,4
3240,4
3241,4
3242,4
3243,1
3244,1
3245,4
3246,1
3247,2
3248,1
3249,1
3250,4
3251,1
3252,1
3253,4
3254,2
3255,0
3256,4
3257,2
3258,1
3259,4
3260,0
3261,4
3262,1
3263,0
3264,1
3265,4
3266,1
3267,1
3268,0
3269,2
3270,0
3271,1
3272,1
3273,1
3274,1
3275,1
3276,1
3277,2
3278,4
3279,0
3280,1
3281,1
3282,4
3283,4
3284,0
3285,2
3286,1
3287,2
3288,0
3289,0
3290,0
3291,0
3292,0
3293,0
3294,4
3295,1
3296,4
3297,1
3298,1
3299,4
3300,1
3301,4
3302,0
3303,4
3304,4
3305,4
3306,0
3307,2
3308,0
3309,2
3310,0
3311,4
3312,4
3313,1
3314,1
3315,4
3316,4
3317,1
3318,4
3319,4
3320,1
3321,1
3322,4
3323,4
3324,1
3325,4
3326,4
3327,4
3328,2
3329,0
3330,4
3331,1
3332,1
3333,1
3334,0
3335,1
3336,4
3337,0
3338,1
3339,4
3340,1
3341,4
3342,1
3343,1
3344,1
3345,1
3346,2
3347,1
3348,2
3349,1
3350,4
3351,0
3352,0
3353,0
3354,4
3355,0
3356,1
3357,0
3358,1
3359,1
3360,4
3361,4
3362,1
3363,1
3364,0
3365,4
3366,4
3367,1
3368,4
3369,4
3370,0
3371,0
3372,4
3373,1
3374,1
3375,4
3376,4
3377,1
3378,1
3379,2
3380,1
3381,1
3382,1
3383,0
3384,0
3385,0
3386,1
3387,1
3388,1
3389,0
3390,4
3391,4
3392,1
3393,0
3394,2
3395,4
3396,2
3397,1
3398,4
3399,1
3400,1
3401,1
3402,0
3403,0
3404,1
3405,4
3406,0
3407,1
3408,2
3409,4
3410,0
3411,2
3412,1
3413,4
3414,4
3415,4
3416,4
3417,1
3418,1
3419,2
3420,1
3421,4
3422,4
3423,2
3424,1
3425,0
3426,2
3427,4
3428,1
3429,0
3430,1
3431,1
3432,1
3433,1
3434,2
3435,1
3436,1
3437,4
3438,2
3439,4
3440,0
3441,4
3442,4
3443,1
3444,1
3445,4
3446,4
3447,1
3448,4
3449,2
3450,0
3451,1
3452,1
3453,1
3454,4
3455,4
3456,2
3457,0
3458,4
3459,4
3460,4
3461,1
3462,1
3463,4
3464,4
3465,0
3466,4
3467,4
3468,0
3469,1
3470,0
3471,0
3472,2
3473,4
3474,4
3475,4
3476,4
3477,1
3478,4
3479,0
3480,1
3481,0
3482,4
3483,1
3484,2
3485,1
3486,0
3487,2
3488,1
3489,2
3490,4
3491,4
3492,1
3493,0
3494,4
3495,1
3496,4
3497,0
3498,0
3499,4
3500,1
3501,2
3502,4
3503,1
3504,4
3505,0
3506,1
3507,1
3508,1
3509,0
3510,1
3511,4
3512,1
3513,0
3514,4
3515,2
3516,0
3517,0
3518,0
3519,4
3520,4
3521,2
3522,0
3523,4
3524,4
3525,0
3526,0
3527,4
3528,4
3529,0
3530,4
3531,4
3532,0
3533,1
3534,1
3535,4
3536,4
3537,2
3538,4
3539,2
3540,2
3541,1
3542,2
3543,4
3544,0
3545,2
3546,0
3547,2
3548,0
3549,0
3550,1
3551,0
3552,1
3553,4
3554,4
3555,4
3556,2
3557,1
3558,4
3559,4
3560,4
3561,1
3562,4
3563,0
3564,1
3565,1
3566,1
3567,0
3568,4
3569,2
3570,1
3571,2
3572,0
3573,1
3574,4
3575,1
3576,1
3577,4
3578,1
3579,0
3580,4
3581,4
3582,4
3583,0
3584,1
3585,4
3586,1
3587,1
3588,1
3589,0
3590,0
3591,4
3592,1
3593,1
3594,4
3595,1
3596,2
3597,0
3598,2
3599,2
3600,2
3601,0
3602,4
3603,2
3604,4
3605,2
3606,4
3607,0
3608,2
3609,4
3610,4
3611,4
3612,1
3613,4
3614,4
3615,4
3616,1
3617,1
3618,0
3619,4
3620,0
3621,4
3622,2
3623,0
3624,2
3625,0
3626,2
3627,4
3628,0
3629,4
3630,4
3631,1
3632,0
3633,2
3634,2
3635,0
3636,0
3637,0
3638,1
3639,1
3640,0
3641,1
3642,1
3643,0
3644,4
3645,2
3646,4
3647,4
3648,2
3649,1
3650,4
3651,2
3652,4
3653,2
3654,0
3655,2
3656,4
3657,0
3658,4
3659,4
3660,2
3661,1
3662,4
3663,2
3664,4
3665,4
3666,4
3667,0
3668,4
3669,4
3670,1
3671,0
3672,2
3673,0
3674,4
3675,1
3676,4
3677,0
3678,2
3679,4
3680,4
3681,2
3682,4
3683,2
3684,4
3685,1
3686,1
3687,4
3688,0
3689,1
3690,1
3691,4
3692,0
3693,1
3694,1
3695,1
3696,4
3697,1
3698,4
3699,1
3700,1
3701,4
3702,0
3703,4
3704,0
3705,2
3706,1
3707,1
3708,2
3709,4
3710,4
3711,4
3712,0
3713,4
3714,4
3715,4
3716,2
3717,4
3718,4
3719,1
3720,4
3721,4
3722,4
3723,4
3724,2
3725,4
3726,4
3727,4
3728,4
3729,0
3730,2
3731,0
3732,2
3733,0
3734,4
3735,2
3736,1
3737,4
3738,4
3739,1
3740,4
3741,4
3742,0
3743,4
3744,0
3745,2
3746,4
3747,4
3748,4
3749,4
3750,4
3751,0
3752,1
3753,2
3754,4
3755,4
3756,1
3757,4
3758,0
3759,4
3760,4
3761,4
3762,4
3763,1
3764,1
3765,4
3766,4
3767,0
3768,4
3769,4
3770,1
3771,4
3772,0
3773,1
3774,4
3775,1
3776,1
3777,1
3778,4
3779,1
3780,1
3781,4
3782,4
3783,4
3784,4
3785,0
3786,4
3787,2
3788,4
3789,4
3790,1
3791,4
3792,1
3793,1
3794,1
3795,1
3796,0
3797,4
3798,4
3799,1
3800,4
3801,4
3802,1
3803,0
3804,4
3805,1
3806,0
3807,4
3808,0
3809,4
3810,4
3811,4
3812,4
3813,0
3814,4
3815,4
3816,4
3817,1
3818,2
3819,4
3820,0
3821,0
3822,1
3823,4
3824,4
3825,4
3826,4
3827,4
3828,4
3829,2
3830,1
3831,4
3832,1
3833,2
3834,2
3835,4
3836,4
3837,1
3838,4
3839,1
3840,2
3841,4
3842,2
3843,0
3844,1
3845,4
3846,4
3847,4
3848,1
3849,4
3850,4
3851,0
3852,4
3853,4
3854,0
3855,0
3856,2
3857,4
3858,0
3859,4
3860,4
3861,2
3862,1
3863,0
3864,1
3865,4
3866,0
3867,2
3868,4
3869,1
3870,1
3871,1
3872,4
3873,1
3874,1
3875,1
3876,4
3877,4
3878,4
3879,0
3880,1
3881,1
3882,2
3883,1
3884,2
3885,1
3886,0
3887,1
3888,1
3889,4
3890,2
3891,4
3892,0
3893,2
3894,4
3895,1
3896,4
3897,0
3898,0
3899,2
3900,0
3901,4
3902,4
3903,2
3904,4
3905,4
3906,4
3907,1
3908,1
3909,4
3910,4
3911,4
3912,0
3913,0
3914,2
3915,4
3916,1
3917,4
3918,4
3919,2
3920,0
3921,2
3922,1
3923,0
3924,4
3925,4
3926,0
3927,4
3928,0
3929,4
3930,2
3931,1
3932,0
3933,4
3934,4
3935,2
3936,2
3937,1
3938,0
3939,1
3940,4
3941,2
3942,4
3943,4
3944,1
3945,1
3946,1
3947,1
3948,1
3949,1
3950,4
3951,1
3952,1
3953,4
3954,4
3955,2
3956,0
3957,1
3958,4
3959,4
3960,4
3961,0
3962,4
3963,1
3964,1
3965,4
3966,4
3967,4
3968,1
3969,0
3970,4
3971,1
3972,2
3973,4
3974,4
3975,4
3976,4
3977,1
3978,4
3979,0
3980,4
3981,1
3982,0
3983,0
3984,4
3985,2
3986,0
3987,0
3988,4
3989,1
3990,4
3991,4
3992,4
3993,2
3994,4
3995,4
3996,4
3997,2
3998,4
3999,1
4000,4
4001,1
4002,4
4003,0
4004,4
4005,0
4006,4
4007,0
4008,4
4009,2
4010,4
4011,0
4012,2
4013,0
4014,4
4015,4
4016,2
4017,1
4018,1
4019,2
4020,1
4021,0
4022,1
4023,4
4024,1
4025,4
4026,4
4027,4
4028,4
4029,4
4030,0
4031,2
4032,1
4033,0
4034,1
4035,4
4036,4
4037,0
4038,4
4039,0
4040,4
4041,2
4042,4
4043,4
4044,4
4045,1
4046,1
4047,4
4048,1
4049,4
4050,4
4051,4
4052,0
4053,4
4054,4
4055,1
4056,0
4057,1
4058,0
4059,4
4060,1
4061,0
4062,0
4063,2
4064,4
4065,4
4066,0
4067,1
4068,4
4069,4
4070,4
4071,0
4072,2
4073,1
4074,1
4075,4
4076,1
4077,4
4078,4
4079,2
4080,1
4081,0
4082,1
4083,4
4084,4
4085,4
4086,0
4087,4
4088,0
4089,1
4090,4
4091,4
4092,2
4093,1
4094,0
4095,2
4096,4
4097,0
4098,0
4099,2
4100,4
4101,4
4102,4
4103,1
4104,1
4105,0
4106,2
4107,2
4108,0
4109,4
4110,0
4111,0
4112,0
4113,1
4114,2
4115,4
4116,4
4117,4
4118,4
4119,4
4120,4
4121,4
4122,0
4123,4
4124,0
4125,0
4126,2
4127,1
4128,4
4129,4
4130,4
4131,0
4132,1
4133,4
4134,1
4135,4
4136,1
4137,4
4138,1
4139,1
4140,1
4141,4
4142,0
4143,0
4144,1
4145,4
4146,1
4147,4
4148,1
4149,0
4150,4
4151,1
4152,4
4153,4
4154,4
4155,4
4156,0
4157,1
4158,2
4159,1
4160,4
4161,4
4162,4
4163,4
4164,0
4165,2
4166,4
4167,2
4168,4
4169,1
4170,0
4171,0
4172,1
4173,0
4174,2
4175,4
4176,0
4177,4
4178,0
4179,1
4180,4
4181,4
4182,4
4183,0
4184,4
4185,4
4186,2
4187,0
4188,4
4189,4
4190,4
4191,0
4192,4
4193,4
4194,4
4195,0
4196,1
4197,4
4198,0
4199,4
4200,4
4201,4
4202,0
4203,1
4204,4
4205,4
4206,1
4207,1
4208,4
4209,0
4210,0
4211,4
4212,4
4213,1
4214,1
4215,4
4216,4
4217,4
4218,4
4219,4
4220,4
4221,4
4222,1
4223,2
4224,1
4225,0
4226,1
4227,0
4228,4
4229,4
4230,4
4231,4
4232,4
4233,1
4234,4
4235,0
4236,4
4237,4
4238,4
4239,0
4240,4
4241,0
4242,4
4243,4
4244,4
4245,4
4246,4
4247,2
4248,1
4249,1
4250,1
4251,1
4252,0
4253,1
4254,0
4255,4
4256,4
4257,1
4258,1
4259,4
4260,4
4261,2
4262,1
4263,4
4264,0
4265,4
4266,0
4267,4
4268,4
4269,4
4270,4
4271,4
4272,0
4273,4
4274,1
4275,4
4276,1
4277,4
4278,4
4279,1
4280,1
4281,1
4282,4
4283,0
4284,1
4285,4
4286,4
4287,0
4288,1
4289,4
4290,4
4291,4
4292,4
4293,4
4294,0
4295,4
4296,4
4297,0
4298,1
4299,0
4300,4
4301,1
4302,1
4303,0
4304,1
4305,0
4306,0
4307,2
4308,1
4309,1
4310,1
4311,4
4312,4
4313,4
4314,0
4315,2
4316,4
4317,1
4318,0
4319,4
4320,4
4321,4
4322,1
4323,4
4324,4
4325,4
4326,4
4327,1
4328,0
4329,1
4330,2
4331,2
4332,4
4333,0
4334,4
4335,4
4336,4
4337,0
4338,1
4339,4
4340,0
4341,4
4342,4
4343,1
4344,4
4345,4
4346,0
4347,4
4348,4
4349,0
4350,4
4351,4
4352,1
4353,4
4354,2
4355,2
4356,0
4357,1
4358,4
4359,1
4360,0
4361,4
4362,0
4363,0
4364,1
4365,0
4366,1
4367,4
4368,4
4369,4
4370,4
4371,0
4372,0
4373,4
4374,1
4375,0
4376,4
4377,4
4378,0
4379,0
4380,4
4381,1
4382,1
4383,1
4384,4
4385,1
4386,2
4387,1
4388,4
4389,0
4390,1
4391,4
4392,1
4393,0
4394,4
4395,1
4396,4
4397,1
4398,4
4399,2
4400,0
4401,0
4402,1
4403,1
4404,4
4405,1
4406,4
4407,0
4408,0
4409,1
4410,2
4411,4
4412,2
4413,4
4414,4
4415,4
4416,4
4417,2
4418,2
4419,1
4420,0
4421,0
4422,4
4423,4
4424,4
4425,4
4426,0
4427,1
4428,4
4429,1
4430,4
4431,4
4432,4
4433,0
4434,0
4435,2
4436,4
4437,0
4438,4
4439,0
4440,4
4441,4
4442,4
4443,4
4444,4
4445,0
4446,2
4447,4
4448,4
4449,4
4450,0
4451,4
4452,4
4453,2
4454,1
4455,1
4456,4
4457,0
4458,0
4459,2
4460,4
4461,4
4462,2
4463,2
4464,4
4465,4
4466,4
4467,4
4468,4
4469,1
4470,4
4471,0
4472,1
4473,4
4474,4
4475,4
4476,1
4477,4
4478,4
4479,4
4480,4
4481,4
4482,4
4483,4
4484,4
4485,4
4486,1
4487,4
4488,0
4489,4
4490,4
4491,4
4492,4
4493,4
4494,4
4495,4
4496,4
4497,4
4498,1
4499,4
4500,4
4501,4
4502,0
4503,2
4504,4
4505,4
4506,4
4507,4
4508,4
4509,4
4510,1
4511,0
4512,4
4513,4
4514,0
4515,4
4516,2
4517,2
4518,0
4519,4
4520,2
4521,4
4522,4
4523,1
4524,0
4525,0
4526,4
4527,4
4528,4
4529,4
4530,1
4531,2
4532,4
4533,4
4534,4
4535,1
4536,0
4537,0
4538,4
4539,4
4540,4
4541,0
4542,4
4543,4
4544,4
4545,4
4546,4
4547,4
4548,0
4549,4
4550,1
4551,4
4552,2
4553,4
4554,4
4555,4
4556,4
4557,4
4558,4
4559,4
4560,4
4561,4
4562,1
4563,0
4564,2
4565,0
4566,1
4567,4
4568,4
4569,4
4570,4
4571,4
4572,0
4573,0
4574,4
4575,0
4576,4
4577,4
4578,4
4579,0
4580,0
4581,4
4582,4
4583,4
4584,4
4585,0
4586,4
4587,2
4588,0
4589,4
4590,4
4591,4
4592,4
4593,4
4594,0
4595,2
4596,4
4597,4
4598,0
4599,0
4600,1
4601,0
4602,4
4603,1
4604,1
4605,4
4606,4
4607,1
4608,2
4609,1
4610,1
4611,4
4612,0
4613,2
4614,4
4615,4
4616,4
4617,4
4618,4
4619,4
4620,4
4621,2
4622,4
4623,4
4624,4
4625,1
4626,4
4627,0
4628,2
4629,4
4630,4
4631,4
4632,1
4633,4
4634,4
4635,4
4636,4
4637,4
4638,4
4639,4
4640,4
4641,1
4642,4
4643,4
4644,1
4645,1
4646,2
4647,2
4648,1
4649,1
4650,4
4651,4
4652,1
4653,0
4654,4
4655,4
4656,1
4657,0
4658,4
4659,0
4660,4
4661,4
4662,4
4663,4
4664,4
4665,4
4666,4
4667,2
4668,4
4669,0
4670,4
4671,0
4672,4
4673,0
4674,0
4675,1
4676,4
4677,4
4678,1
4679,4
4680,1
4681,1
4682,4
4683,0
4684,0
4685,4
4686,0
4687,0
4688,4
4689,4
4690,4
4691,4
4692,4
4693,4
4694,4
4695,0
4696,1
4697,0
4698,4
4699,1
4700,4
4701,2
4702,0
4703,4
4704,0
4705,4
4706,4
4707,1
4708,4
4709,4
4710,4
4711,4
4712,4
4713,1
4714,4
4715,4
4716,4
4717,1
4718,0
4719,4
4720,4
4721,4
4722,4
4723,0
4724,4
4725,4
4726,4
4727,4
4728,1
4729,4
4730,0
4731,4
4732,2
4733,4
4734,4
4735,4
4736,1
4737,4
4738,2
4739,4
4740,4
4741,4
4742,0
4743,4
4744,2
4745,2
4746,4
4747,4
4748,1
4749,4
4750,4
4751,4
4752,4
4753,2
4754,4
4755,4
4756,0
4757,4
4758,2
4759,4
4760,4
4761,4
4762,4
4763,4
4764,4
4765,4
4766,0
4767,4
4768,1
4769,4
4770,0
4771,4
4772,4
4773,4
4774,1
4775,4
4776,4
4777,1
4778,4
4779,4
4780,2
4781,4
4782,4
4783,4
4784,0
4785,1
4786,4
4787,4
4788,1
4789,4
4790,4
4791,1
4792,4
4793,4
4794,0
4795,1
4796,4
4797,4
4798,4
4799,1
4800,4
4801,4
4802,0
4803,4
4804,4
4805,4
4806,4
4807,4
4808,4
4809,4
4810,4
4811,4
4812,1
4813,2
4814,1
4815,4
4816,2
4817,4
4818,0
4819,4
4820,4
4821,4
4822,4
4823,4
4824,0
4825,4
4826,4
4827,4
4828,4
4829,4
4830,2
4831,4
4832,4
4833,0
4834,4
4835,4
4836,0
4837,4
4838,4
4839,4
4840,0
4841,0
4842,4
4843,0
4844,4
4845,4
4846,4
4847,4
4848,0
4849,1
4850,4
4851,4
4852,4
4853,0
4854,4
4855,4
4856,0
4857,4
4858,0
4859,4
4860,4
4861,4
4862,4
4863,4
4864,4
4865,4
4866,4
4867,4
4868,0
4869,4
4870,0
4871,4
4872,4
4873,4
4874,2
4875,2
4876,4
4877,4
4878,0
4879,4
4880,4
4881,0
4882,4
4883,4
4884,4
4885,4
4886,0
4887,4
4888,1
4889,4
4890,1
4891,4
4892,2
4893,4
4894,4
4895,4
4896,4
4897,0
4898,4
4899,4
4900,4
4901,4
4902,4
4903,4
4904,4
4905,4
4906,4
4907,4
4908,1
4909,4
4910,4
4911,0
4912,4
4913,4
4914,4
4915,4
4916,4
4917,4
4918,0
4919,4
4920,4
4921,0
4922,4
4923,4
4924,4
4925,4
4926,4
4927,4
4928,4
4929,4
4930,4
4931,4
4932,4
4933,4
4934,4
4935,4
4936,4
4937,4
4938,2
4939,4
4940,4
4941,2
4942,4
4943,4
4944,4
4945,4
4946,4
4947,4
4948,4
4949,0
4950,4
4951,2
4952,2
4953,4
4954,4
4955,4
4956,4
4957,2
4958,1
4959,4
4960,4
4961,0
4962,4
4963,1
4964,4
4965,4
4966,4
4967,4
4968,4
4969,4
4970,4
4971,4
4972,0
4973,2
4974,4
4975,4
4976,4
4977,4
4978,4
4979,4
4980,0
4981,4
4982,4
4983,2
4984,4
4985,1
4986,2
4987,0
4988,0
4989,4
4990,4
4991,4
4992,4
4993,4
4994,4
4995,4
4996,4
4997,4
4998,4
4999,4
5000,4
5001,4
5002,4
5003,4
5004,4
5005,4
5006,4
5007,4
5008,4
5009,4
5010,4
5011,2
5012,0
5013,1
5014,4
5015,4
5016,4
5017,4
5018,4
5019,4
5020,1
5021,4
5022,4
5023,4
5024,4
5025,0
5026,4
5027,4
5028,4
5029,4
5030,4
5031,4
5032,4
5033,2
5034,4
5035,4
5036,0
5037,4
5038,0
5039,1
5040,1
5041,4
5042,4
5043,0
5044,4
5045,4
5046,0
5047,4
5048,2
5049,4
5050,4
5051,4
5052,0
5053,4
5054,4
5055,4
5056,4
5057,4
5058,0
5059,4
5060,4
5061,0
5062,4
5063,1
5064,4
5065,4
5066,4
5067,4
5068,4
5069,4
5070,2
5071,0
5072,4
5073,4
5074,4
5075,4
5076,4
5077,4
5078,4
5079,4
5080,0
5081,4
5082,0
5083,0
5084,4
5085,0
5086,4
5087,2
5088,4
5089,4
5090,0
5091,0
5092,4
5093,4
5094,4
5095,4
5096,4
5097,4
5098,4
5099,4
5100,2
5101,4
5102,4
5103,2
5104,4
5105,4
5106,4
5107,2
5108,4
5109,4
5110,4
5111,1
5112,4
5113,4
5114,4
5115,4
5116,1
5117,4
5118,4
5119,4
5120,1
5121,4
5122,4
5123,4
5124,0
5125,4
5126,4
5127,4
5128,0
5129,4
5130,1
5131,4
5132,4
5133,4
5134,0
5135,1
5136,4
5137,4
5138,4
5139,4
5140,4
5141,4
5142,4
5143,4
5144,4
5145,4
5146,4
5147,4
5148,4
5149,0
5150,2
5151,4
5152,4
5153,1
5154,4
5155,0
5156,2
5157,1
5158,4
5159,4
5160,1
5161,4
5162,4
5163,4
5164,0
5165,4
5166,4
5167,4
5168,0
5169,0
5170,4
5171,4
5172,1
5173,4
5174,4
5175,4
5176,4
5177,1
5178,4
5179,4
5180,4
5181,4
5182,4
5183,4
5184,4
5185,4
5186,4
5187,4
5188,0
5189,4
5190,4
5191,0
5192,1
5193,4
5194,2
5195,0
5196,0
5197,4
5198,0
5199,4
5200,4
5201,4
5202,4
5203,4
5204,4
5205,1
5206,2
5207,4
5208,0
5209,4
5210,4
5211,4
5212,4
5213,0
5214,4
5215,1
5216,4
5217,4
5218,0
5219,1
5220,4
5221,4
5222,4
5223,4
5224,4
5225,4
5226,1
5227,4
5228,4
5229,4
5230,4
5231,4
5232,4
5233,4
5234,4
5235,4
5236,4
5237,4
5238,4
5239,4
5240,1
5241,0
5242,0
5243,4
5244,4
5245,0
5246,4
5247,4
5248,4
5249,4
5250,0
5251,4
5252,4
5253,4
5254,4
5255,0
5256,0
5257,0
5258,2
5259,4
5260,4
5261,4
5262,1
5263,4
5264,4
5265,4
5266,4
5267,1
5268,4
5269,0
5270,4
5271,4
5272,4
5273,4
5274,4
5275,4
5276,4
5277,4
5278,4
5279,4
5280,1
5281,4
5282,4
5283,2
5284,0
5285,1
5286,4
5287,4
5288,4
5289,4
5290,4
5291,4
5292,4
5293,4
5294,4
5295,4
5296,4
5297,4
5298,0
5299,0
5300,4
5301,0
5302,4
5303,4
5304,0
5305,4
5306,4
5307,4
5308,4
5309,4
5310,4
5311,0
5312,0
5313,4
5314,4
5315,4
5316,4
5317,4
5318,4
5319,4
5320,0
5321,4
5322,1
5323,4
5324,4
5325,4
5326,4
5327,4
5328,1
5329,4
5330,4
5331,4
5332,4
5333,4
5334,4
5335,4
5336,4
5337,4
5338,4
5339,2
5340,0
5341,4
5342,4
5343,4
5344,0
5345,4
5346,4
5347,4
5348,2
5349,4
5350,4
5351,4
5352,4
5353,4
5354,4
5355,2
5356,0
5357,4
5358,4
5359,4
5360,4
5361,2
5362,4
5363,4
5364,0
5365,4
5366,4
5367,4
5368,4
5369,4
5370,4
5371,4
5372,4
5373,4
5374,4
5375,4
5376,4
5377,4
5378,4
5379,0
5380,0
5381,1
5382,4
5383,4
5384,0
5385,4
5386,1
5387,4
5388,2
5389,1
5390,2
5391,4
5392,4
5393,4
5394,1
5395,4
5396,4
5397,4
5398,4
5399,4
5400,4
5401,4
5402,0
5403,1
5404,4
5405,4
5406,4
5407,4
5408,1
5409,4
5410,0
5411,1
5412,4
5413,4
5414,4
5415,0
5416,4
5417,4
5418,4
5419,4
5420,4
5421,4
5422,4
5423,4
5424,4
5425,1
5426,4
5427,1
5428,4
5429,0
5430,1
5431,4
5432,4
5433,4
5434,4
5435,4
5436,4
5437,4
5438,4
5439,4
5440,0
5441,4
5442,4
5443,4
5444,4
5445,4
5446,4
5447,1
5448,4
5449,1
5450,4
5451,4
5452,4
5453,1
5454,4
5455,2
5456,4
5457,4
5458,4
5459,2
5460,4
5461,4
5462,4
5463,4
5464,4
5465,0
5466,4
5467,4
5468,4
5469,4
5470,4
5471,4
5472,4
5473,4
5474,4
5475,4
5476,4
5477,0
5478,4
5479,2
5480,4
5481,4
5482,4
5483,4
5484,4
5485,4
5486,4
5487,4
5488,4
5489,0
5490,4
5491,4
5492,4
5493,4
5494,4
5495,4
5496,4
5497,4
5498,4
5499,4
5500,2
5501,4
5502,4
5503,4
5504,4
5505,1
5506,4
5507,4
5508,4
5509,4
5510,4
5511,4
5512,4
5513,1
5514,4
5515,4
5516,4
5517,4
5518,4
5519,4
5520,4
5521,4
5522,4
5523,0
5524,4
5525,4
5526,0
5527,4
5528,4
5529,4
5530,4
5531,4
5532,0
5533,1
5534,4
5535,4
5536,0
5537,4
5538,4
5539,4
5540,1
5541,4
5542,4
5543,4
5544,4
5545,4
5546,0
5547,0
5548,4
5549,4
5550,4
5551,4
5552,4
5553,0
5554,4
5555,4
5556,4
5557,4
5558,4
5559,0
5560,4
5561,0
5562,4
5563,4
5564,4
5565,4
5566,4
5567,2
5568,4
5569,0
5570,4
5571,4
5572,0
5573,4
5574,0
5575,4
5576,4
5577,4
5578,0
5579,0
5580,1
5581,0
5582,2
5583,1
5584,4
5585,4
5586,4
5587,4
5588,4
5589,4
5590,0
5591,0
5592,1
5593,1
5594,4
5595,4
5596,4
5597,2
5598,0
5599,4
5600,4
5601,4
5602,0
5603,4
5604,4
5605,4
5606,4
5607,4
5608,4
5609,4
5610,4
5611,4
5612,4
5613,4
5614,1
5615,4
5616,4
5617,4
5618,1
5619,4
5620,4
5621,4
5622,4
5623,4
5624,2
5625,4
5626,2
5627,4
5628,4
5629,4
5630,4
5631,4
5632,1
5633,4
5634,4
5635,4
5636,4
5637,1
5638,0
5639,4
5640,4
5641,4
5642,4
5643,1
5644,0
5645,4
5646,4
5647,4
5648,4
5649,0
5650,0
5651,0
5652,4
5653,4
5654,4
5655,4
5656,1
5657,4
5658,4
5659,4
5660,1
5661,4
5662,4
5663,4
5664,1
5665,4
5666,1
5667,0
5668,4
5669,4
5670,4
5671,4
5672,4
5673,2
5674,4
5675,4
5676,4
5677,0
5678,4
5679,4
5680,0
5681,0
5682,4
5683,4
5684,0
5685,4
5686,1
5687,4
5688,1
5689,4
5690,4
5691,4
5692,2
5693,4
5694,1
5695,0
5696,4
5697,4
5698,4
5699,4
5700,4
5701,4
5702,4
5703,4
5704,0
5705,1
5706,4
5707,4
5708,4
5709,4
5710,4
5711,0
5712,1
5713,0
5714,4
5715,4
5716,4
5717,4
5718,4
5719,4
5720,4
5721,4
5722,4
5723,4
5724,0
5725,4
5726,4
5727,4
5728,4
5729,4
5730,4
5731,4
5732,0
5733,4
5734,4
5735,4
5736,4
5737,0
5738,4
5739,4
5740,4
5741,2
5742,1
5743,2
5744,0
5745,4
5746,4
5747,4
5748,4
5749,1
5750,4
5751,4
5752,4
5753,1
5754,2
5755,0
5756,1
5757,4
5758,4
5759,1
5760,4
5761,0
5762,4
5763,4
5764,1
5765,4
5766,4
5767,4
5768,4
5769,0
5770,4
5771,4
5772,4
5773,4
5774,4
5775,2
5776,4
5777,4
5778,4
5779,4
5780,4
5781,4
5782,4
5783,4
5784,4
5785,4
5786,4
5787,1
5788,4
5789,4
5790,4
5791,4
5792,1
5793,4
5794,4
5795,4
5796,4
5797,4
5798,4
5799,4
5800,4
5801,4
5802,2
5803,4
5804,4
5805,4
5806,0
5807,4
5808,4
5809,4
5810,4
5811,4
5812,4
5813,4
5814,4
5815,4
5816,4
5817,4
5818,4
5819,4
5820,4
5821,4
5822,4
5823,4
5824,0
5825,0
5826,4
5827,4
5828,0
5829,0
5830,0
5831,4
5832,4
5833,4
5834,4
5835,1
5836,0
5837,4
5838,4
5839,4
5840,2
5841,4
5842,0
5843,4
5844,4
5845,4
5846,4
5847,4
5848,4
5849,4
5850,4
5851,4
5852,4
5853,4
5854,0
5855,0
5856,4
5857,4
5858,4
5859,4
5860,4
5861,0
5862,4
5863,4
5864,4
5865,4
5866,0
5867,4
5868,4
5869,4
5870,4
5871,2
5872,4
5873,2
5874,1
5875,4
5876,4
5877,4
5878,4
5879,4
5880,4
5881,4
5882,1
5883,4
5884,4
5885,4
5886,4
5887,4
5888,4
5889,4
5890,4
5891,4
5892,4
5893,4
5894,4
5895,4
5896,4
5897,0
5898,4
5899,4
5900,4
5901,0
5902,4
5903,4
5904,0
5905,4
5906,4
5907,4
5908,4
5909,4
5910,4
5911,4
5912,4
5913,4
5914,4
5915,4
5916,0
5917,0
5918,4
5919,0
5920,4
5921,4
5922,4
5923,4
5924,4
5925,4
5926,4
5927,4
5928,2
5929,4
5930,1
5931,4
5932,0
5933,4
5934,4
5935,4
5936,4
5937,0
5938,0
5939,2
5940,4
5941,4
5942,0
5943,2
5944,4
5945,4
5946,4
5947,0
5948,2
5949,0
5950,4
5951,4
5952,4
5953,0
5954,4
5955,4
5956,4
5957,1
5958,4
5959,4
5960,4
5961,4
5962,4
5963,0
5964,4
5965,4
5966,0
5967,0
5968,4
5969,4
5970,4
5971,4
5972,4
5973,0
5974,1
5975,0
5976,4
5977,0
5978,4
5979,1
5980,4
5981,4
5982,0
5983,2
5984,4
5985,4
5986,4
5987,4
5988,4
5989,4
5990,4
5991,4
5992,1
5993,4
5994,0
5995,1
5996,0
5997,4
5998,0
5999,4
6000,0
6001,4
6002,4
6003,4
6004,0
6005,2
6006,2
6007,1
6008,0
6009,4
6010,2
6011,0
6012,2
6013,1
6014,4
6015,4
6016,4
6017,4
6018,4
6019,4
6020,4
6021,0
6022,1
6023,4
6024,1
6025,4
6026,4
6027,4
6028,4
6029,1
6030,4
6031,4
6032,4
6033,4
6034,1
6035,4
6036,4
6037,4
6038,4
6039,4
6040,1
6041,4
6042,0
6043,4
6044,4
6045,4
6046,4
6047,1
6048,4
6049,0
6050,0
6051,0
6052,4
6053,4
6054,4
6055,2
6056,1
6057,4
6058,0
6059,4
6060,0
6061,4
6062,1
6063,4
6064,2
6065,2
6066,4
6067,4
6068,4
6069,4
6070,4
6071,4
6072,1
6073,4
6074,0
6075,4
6076,4
6077,2
6078,0
6079,2
6080,4
6081,4
6082,0
6083,4
6084,4
6085,1
6086,0
6087,0
6088,4
6089,4
6090,0
6091,1
6092,1
6093,0
6094,4
6095,0
6096,0
6097,0
6098,4
6099,1
6100,4
6101,1
6102,0
6103,0
6104,1
6105,0
6106,4
6107,0
6108,4
6109,4
6110,4
6111,4
6112,4
6113,4
6114,4
6115,4
6116,4
6117,0
6118,4
6119,4
6120,0
6121,4
6122,0
6123,0
6124,0
6125,1
6126,0
6127,0
6128,4
6129,4
6130,0
6131,0
6132,0
6133,4
6134,0
6135,4
6136,0
6137,4
6138,2
6139,4
6140,4
6141,0
6142,0
6143,4
6144,4
6145,4
6146,4
6147,4
6148,4
6149,1
6150,4
6151,1
6152,1
6153,2
6154,4
6155,2
6156,4
6157,1
6158,4
6159,4
6160,0
6161,4
6162,2
6163,4
6164,4
6165,4
6166,2
6167,0
6168,0
6169,4
6170,1
6171,4
6172,4
6173,0
6174,2
6175,4
6176,4
6177,4
6178,1
6179,4
6180,4
6181,4
6182,0
6183,1
6184,2
6185,2
6186,2
6187,0
6188,1
6189,0
6190,4
6191,4
6192,1
6193,0
6194,4
6195,1
6196,1
6197,0
6198,4
6199,4
6200,4
6201,1
6202,2
6203,1
6204,2
6205,4
6206,2
6207,4
6208,4
6209,4
6210,4
6211,4
6212,4
6213,0
6214,4
6215,2
6216,0
6217,4
6218,4
6219,4
6220,4
6221,4
6222,1
6223,4
6224,4
6225,0
6226,2
6227,1
6228,2
6229,4
6230,4
6231,2
6232,1
6233,4
6234,1
6235,0
6236,0
6237,4
6238,4
6239,4
6240,1
6241,1
6242,4
6243,4
6244,0
6245,1
6246,1
6247,4
6248,2
6249,2
6250,4
6251,4
6252,0
6253,1
6254,4
6255,4
6256,0
6257,1
6258,4
6259,4
6260,4
6261,4
6262,0
6263,4
6264,4
6265,4
6266,4
6267,4
6268,0
6269,4
6270,4
6271,1
6272,0
6273,4
6274,1
6275,4
6276,4
6277,1
6278,4
6279,0
6280,4
6281,0
6282,4
6283,2
6284,0
6285,1
6286,4
6287,4
6288,1
6289,2
6290,0
6291,0
6292,0
6293,2
6294,0
6295,1
6296,2
6297,4
6298,2
6299,0
6300,4
6301,4
6302,0
6303,4
6304,4
6305,4
6306,4
6307,4
6308,0
6309,4
6310,4
6311,4
6312,1
6313,4
6314,4
6315,4
6316,2
6317,4
6318,2
6319,2
6320,4
6321,0
6322,4
6323,0
6324,1
6325,0
6326,0
6327,4
6328,0
6329,0
6330,1
6331,4
6332,4
6333,4
6334,0
6335,4
6336,4
6337,4
6338,4
6339,0
6340,4
6341,2
6342,1
6343,0
6344,4
6345,4
6346,4
6347,2
6348,4
6349,0
6350,4
6351,4
6352,1
6353,4
6354,1
6355,4
6356,4
6357,4
6358,0
6359,4
6360,4
6361,2
6362,1
6363,0
6364,4
6365,1
6366,4
6367,4
6368,4
6369,0
6370,0
6371,4
6372,0
6373,1
6374,2
6375,4
6376,0
6377,4
6378,4
6379,4
6380,1
6381,1
6382,1
6383,4
6384,0
6385,4
6386,4
6387,0
6388,0
6389,0
6390,4
6391,4
6392,4
6393,4
6394,4
6395,1
6396,4
6397,4
6398,4
6399,0
6400,4
6401,4
6402,0
6403,4
6404,4
6405,4
6406,4
6407,1
6408,1
6409,4
6410,0
6411,2
6412,4
6413,4
6414,0
6415,4
6416,1
6417,0
6418,0
6419,4
6420,1
6421,1
6422,0
6423,4
6424,1
6425,4
6426,4
6427,2
6428,4
6429,4
6430,4
6431,4
6432,4
6433,0
6434,4
6435,1
6436,4
6437,4
6438,4
6439,4
6440,1
6441,0
6442,4
6443,4
6444,0
6445,1
6446,4
6447,0
6448,1
6449,1
6450,4
6451,4
6452,4
6453,2
6454,4
6455,0
6456,4
6457,0
6458,1
6459,0
6460,0
6461,4
6462,4
6463,4
6464,4
6465,4
6466,1
6467,0
6468,4
6469,4
6470,0
6471,4
6472,4
6473,0
6474,2
6475,4
6476,4
6477,0
6478,0
6479,1
6480,0
6481,0
6482,1
6483,4
6484,0
6485,1
6486,4
6487,0
6488,0
6489,4
6490,0
6491,0
6492,0
6493,0
6494,0
6495,1
6496,4
6497,0
6498,0
6499,2
6500,1
6501,4
6502,0
6503,1
6504,4
6505,4
6506,1
6507,4
6508,2
6509,0
6510,4
6511,2
6512,2
6513,0
6514,4
6515,4
6516,4
6517,4
6518,1
6519,4
6520,0
6521,0
6522,4
6523,4
6524,4
6525,0
6526,0
6527,4
6528,2
6529,4
6530,4
6531,4
6532,1
6533,4
6534,2
6535,0
6536,0
6537,1
6538,4
6539,1
6540,0
6541,4
6542,4
6543,4
6544,0
6545,0
6546,1
6547,4
6548,2
6549,0
6550,0
6551,4
6552,4
6553,0
6554,0
6555,0
6556,2
6557,4
6558,4
6559,4
6560,4
6561,0
6562,2
6563,0
6564,4
6565,2
6566,4
6567,4
6568,4
6569,4
6570,4
6571,2
6572,0
6573,4
6574,4
6575,4
6576,4
6577,4
6578,1
6579,2
6580,0
6581,0
6582,0
6583,4
6584,1
6585,0
6586,4
6587,4
6588,4
6589,4
6590,4
6591,4
6592,0
6593,4
6594,1
6595,0
6596,0
6597,4
6598,1
6599,4
6600,4
6601,1
6602,4
6603,1
6604,0
6605,4
6606,0
6607,1
6608,4
6609,0
6610,0
6611,1
6612,1
6613,4
6614,0
6615,1
6616,2
6617,2
6618,0
6619,0
6620,0
6621,0
6622,0
6623,1
6624,4
6625,0
6626,0
6627,2
6628,1
6629,0
6630,4
6631,0
6632,1
6633,4
6634,0
6635,2
6636,0
6637,0
6638,4
6639,0
6640,2
6641,0
6642,0
6643,1
6644,4
6645,2
6646,4
6647,0
6648,1
6649,4
6650,2
6651,4
6652,0
6653,4
6654,2
6655,1
6656,1
6657,2
6658,1
6659,0
6660,4
6661,4
6662,4
6663,2
6664,4
6665,2
6666,4
6667,4
6668,4
6669,1
6670,2
6671,0
6672,0
6673,1
6674,0
6675,1
6676,1
6677,2
6678,1
6679,4
6680,1
6681,2
6682,2
6683,4
6684,1
6685,4
6686,1
6687,4
6688,4
6689,1
6690,2
6691,2
6692,0
6693,1
6694,4
6695,4
6696,2
6697,4
6698,1
6699,2
6700,4
6701,2
6702,4
6703,2
6704,0
6705,1
6706,1
6707,4
6708,0
6709,4
6710,1
6711,1
6712,2
6713,0
6714,0
6715,4
6716,4
6717,2
6718,0
6719,2
6720,1
6721,1
6722,1
6723,2
6724,4
6725,2
6726,0
6727,1
6728,1
6729,4
6730,0
6731,4
6732,4
6733,1
6734,0
6735,0
6736,4
6737,2
6738,4
6739,2
6740,2
6741,4
6742,0
6743,1
6744,4
6745,4
6746,0
6747,1
6748,0
6749,4
6750,4
6751,4
6752,0
6753,0
6754,1
6755,1
6756,2
6757,1
6758,4
6759,0
6760,2
6761,0
6762,4
6763,1
6764,2
6765,2
6766,4
6767,1
6768,0
6769,4
6770,1
6771,0
6772,4
6773,2
6774,1
6775,4
6776,4
6777,4
6778,4
6779,0
6780,4
6781,4
6782,2
6783,2
6784,4
6785,4
6786,4
6787,1
6788,4
6789,4
6790,1
6791,4
6792,0
6793,4
6794,2
6795,4
6796,0
6797,4
6798,4
6799,4
6800,0
6801,1
6802,0
6803,4
6804,1
6805,0
6806,0
6807,4
6808,1
6809,2
6810,2
6811,4
6812,0
6813,0
6814,4
6815,2
6816,4
6817,4
6818,1
6819,0
6820,0
6821,0
6822,1
6823,4
6824,1
6825,0
6826,4
6827,4
6828,0
6829,2
6830,4
6831,2
6832,2
6833,0
6834,0
6835,0
6836,2
6837,1
6838,1
6839,4
6840,0
6841,1
6842,4
6843,4
6844,4
6845,0
6846,1
6847,2
6848,1
6849,1
6850,2
6851,0
6852,1
6853,1
6854,4
6855,2
6856,4
6857,0
6858,4
6859,4
6860,4
6861,2
6862,0
6863,4
6864,0
6865,0
6866,4
6867,0
6868,0
6869,0
6870,4
6871,1
6872,0
6873,4
6874,0
6875,4
6876,4
6877,1
6878,0
6879,0
6880,1
6881,0
6882,1
6883,2
6884,1
6885,1
6886,0
6887,2
6888,4
6889,1
6890,4
6891,2
6892,1
6893,0
6894,1
6895,4
6896,2
6897,4
6898,1
6899,2
6900,0
6901,2
6902,4
6903,1
6904,0
6905,0
6906,0
6907,1
6908,1
6909,1
6910,4
6911,4
6912,1
6913,0
6914,1
6915,0
6916,0
6917,1
6918,1
6919,4
6920,0
6921,0
6922,1
6923,2
6924,0
6925,4
6926,1
6927,4
6928,1
6929,2
6930,2
6931,1
6932,0
6933,4
6934,4
6935,1
6936,1
6937,4
6938,1
6939,4
6940,2
6941,1
6942,1
6943,0
6944,4
6945,2
6946,0
6947,1
6948,1
6949,4
6950,2
6951,0
6952,0
6953,2
6954,0
6955,4
6956,4
6957,4
6958,4
6959,4
6960,4
6961,4
6962,4
6963,4
6964,0
6965,1
6966,4
6967,0
6968,4
6969,1
6970,0
6971,1
6972,0
6973,1
6974,0
6975,4
6976,0
6977,0
6978,4
6979,1
6980,4
6981,0
6982,1
6983,2
6984,4
6985,0
6986,2
6987,0
6988,4
6989,0
6990,0
6991,4
6992,0
6993,0
6994,1
6995,1
6996,4
6997,4
6998,4
6999,1
7000,0
7001,4
7002,1
7003,4
7004,4
7005,4
7006,0
7007,4
7008,2
7009,4
7010,4
7011,1
7012,0
7013,1
7014,4
7015,4
7016,4
7017,2
7018,1
7019,0
7020,0
7021,4
7022,1
7023,1
7024,2
7025,2
7026,4
7027,2
7028,4
7029,0
7030,0
7031,1
7032,1
7033,1
7034,4
7035,4
7036,2
7037,2
7038,1
7039,4
7040,4
7041,4
7042,4
7043,1
7044,1
7045,0
7046,1
7047,1
7048,2
7049,1
7050,0
7051,0
7052,0
7053,4
7054,4
7055,4
7056,1
7057,1
7058,0
7059,2
7060,0
7061,4
7062,4
7063,2
7064,4
7065,2
7066,1
7067,2
7068,2
7069,0
7070,4
7071,0
7072,0
7073,1
7074,0
7075,2
7076,4
7077,1
7078,2
7079,0
7080,0
7081,2
7082,0
7083,4
7084,2
7085,4
7086,2
7087,0
7088,0
7089,2
7090,1
7091,4
7092,2
7093,0
7094,0
7095,4
7096,1
7097,0
7098,2
7099,4
7100,0
7101,4
7102,4
7103,2
7104,2
7105,4
7106,1
7107,1
7108,0
7109,4
7110,0
7111,4
7112,0
7113,1
7114,4
7115,4
7116,4
7117,4
7118,1
7119,0
7120,2
7121,1
7122,4
7123,2
7124,0
7125,4
7126,1
7127,1
7128,4
7129,1
7130,4
7131,0
7132,4
7133,2
7134,0
7135,0
7136,2
7137,4
7138,1
7139,2
7140,4
7141,1
7142,4
7143,1
7144,4
7145,0
7146,1
7147,4
7148,4
7149,0
7150,1
7151,0
7152,4
7153,0
7154,0
7155,4
7156,0
7157,1
7158,1
7159,0
7160,1
7161,2
7162,2
7163,2
7164,4
7165,4
7166,4
7167,0
7168,1
7169,0
7170,1
7171,1
7172,4
7173,4
7174,2
7175,4
7176,4
7177,0
7178,0
7179,2
7180,1
7181,0
7182,1
7183,4
7184,2
7185,1
7186,0
7187,2
7188,0
7189,4
7190,1
7191,4
7192,0
7193,0
7194,0
