,Sqrt_TS_History_7,CLASS1
4,6.771310329437256,1
10,2.189011812210083,1
25,2.456795215606689,1
27,0.8141366839408875,1
29,2.464151382446289,2
33,4.326956748962402,2
36,1.48737895488739,1
43,13.432530403137209,1
51,3.61891770362854,1
53,17.461933135986328,1
56,6.268725395202637,1
63,4.355351448059082,2
66,13.283230781555176,2
71,1.2308467626571655,1
80,0.7705943584442139,1
85,3.956046581268311,1
86,4.943854331970215,2
91,3.7521042823791504,2
92,0.6113335490226746,1
93,4.622641086578369,1
97,5.53944730758667,1
98,20.67206573486328,2
103,6.219923496246338,1
106,8.833015441894531,1
109,10.100519180297852,1
110,8.603357315063477,1
115,8.672806739807129,2
134,8.443225860595703,2
137,3.142708778381348,1
142,14.9208984375,2
144,12.01430606842041,2
153,1.0997294187545776,1
156,20.847644805908203,1
162,14.802051544189451,1
166,25.80697059631348,1
172,3.4201221466064453,1
173,3.987570762634277,1
177,4.946238040924072,1
183,3.610619306564331,1
191,0.5320728421211243,1
192,3.664552688598633,2
197,0.4140607118606567,1
198,16.206640243530273,2
203,9.55263900756836,1
204,4.762943267822266,1
209,6.755931377410889,1
213,8.575704574584961,1
218,3.550454378128052,1
221,5.6849565505981445,1
224,12.371350288391112,1
225,7.604968547821045,2
226,14.940671920776367,2
227,30.28721809387207,1
230,1.8392488956451416,2
231,20.348953247070312,1
232,5.008262634277344,2
237,8.245814323425293,1
241,9.770223617553713,1
242,6.765561580657959,1
254,14.378654479980469,1
261,2.6755313873291016,1
266,15.547868728637695,1
281,26.46697998046875,2
285,2.816103458404541,1
286,10.938543319702148,1
290,1.7180927991867063,2
291,3.989665269851685,1
301,1.5683197975158691,2
302,107.12580871582033,2
303,7.680952548980713,1
305,18.521120071411133,2
308,12.966822624206545,1
312,6.17092227935791,1
318,5.994326114654541,2
319,42.636695861816406,1
320,1.3158915042877195,2
323,4.90619707107544,1
325,29.91340446472168,2
326,6.423117160797119,2
327,12.126299858093262,2
330,8.481039047241211,1
331,2.732649564743042,1
333,8.423738479614258,2
336,12.683781623840332,1
337,15.62484645843506,1
338,6.360996723175049,2
340,4.941051006317139,1
345,1.9022995233535769,2
349,17.89257049560547,2
350,3.4717984199523926,1
352,1.262865424156189,1
356,21.85851287841797,1
361,4.960161685943604,1
365,0.5169176459312439,1
367,3.749321222305298,1
373,5.914671421051025,1
379,1.71272075176239,2
383,3.7165350914001465,1
384,4.957828044891357,1
385,3.738745450973511,1
398,1.6725274324417114,1
399,4.805692195892334,2
402,12.95797634124756,1
406,11.624284744262695,2
407,4.766408443450928,2
408,4.250300884246826,1
412,13.314509391784668,2
417,8.18940544128418,1
423,29.22377014160156,1
426,18.79713630676269,2
429,12.961688041687012,2
430,11.126016616821287,1
431,7.332908630371094,1
434,5.673600196838379,1
443,2.4922215938568115,1
445,12.052597999572754,1
447,4.1998820304870605,1
450,2.443645477294922,2
451,11.645024299621582,1
454,36.91538619995117,1
457,8.910910606384277,1
459,3.470744371414185,1
464,4.585687160491943,1
477,4.646787643432617,2
478,9.247333526611328,1
486,10.098834037780762,1
490,7.636778354644775,1
498,3.8529052734375,1
499,2.2469944953918457,1
503,1.745720386505127,2
509,6.219404697418213,1
515,8.729521751403809,1
516,5.303332328796387,1
518,4.014907836914063,1
525,1.917107343673706,1
527,3.598973035812378,2
532,2.256478786468506,1
533,12.751648902893066,1
536,1.7814866304397583,1
542,6.730687141418457,2
544,5.845663547515869,2
548,18.31265640258789,2
552,2.5405757427215576,1
559,1.6050251722335815,1
560,1.514723777770996,1
561,2.516288995742798,1
562,18.357257843017575,1
565,0.5298004150390625,1
568,47.52335357666016,2
570,24.97631072998047,1
577,5.967158794403076,1
593,5.095990180969238,1
595,3.580937147140503,1
597,5.214064598083496,2
598,12.534795761108398,1
600,20.10321044921875,2
606,2.2947144508361816,1
612,31.576072692871094,2
615,1.179245114326477,1
619,44.20548629760742,1
623,2.177616596221924,1
624,3.312023878097534,1
630,0.3697146773338318,1
648,1.7595778703689575,2
650,4.862074851989746,1
655,24.955955505371094,2
657,2.228553533554077,2
662,5.015732288360596,2
664,3.307468891143799,1
665,8.475360870361328,2
666,13.891401290893556,2
668,4.932187557220459,1
669,2.0100314617156982,1
674,4.655084133148193,1
677,5.212073802947998,2
684,16.922237396240234,2
685,7.408899784088135,1
688,14.201656341552734,1
689,82.85000610351562,1
699,3.8741989135742183,1
702,3.4719903469085693,1
712,3.2899537086486816,1
715,12.703454971313477,1
720,1.84908127784729,2
722,18.48603057861328,2
734,3.281128406524658,1
740,2.3122923374176025,2
745,9.879402160644531,2
746,1.8333925008773804,2
747,5.4321064949035645,2
748,2.6278624534606934,1
750,1.6440117359161377,2
751,7.4853196144104,2
756,4.44575834274292,1
759,2.4842801094055176,2
760,0.9305366277694702,1
765,11.905942916870115,2
772,0.8210326433181763,1
774,2.668102264404297,2
775,5.783598899841309,2
784,37.06122970581055,1
786,17.79842185974121,1
788,17.02097511291504,2
789,2.968746900558472,1
795,5.182058334350586,1
797,10.34426498413086,1
803,7.636237144470215,2
804,3.981669187545776,1
805,2.6101057529449463,1
807,13.308197975158691,2
808,7.1850666999816895,1
811,1.3914271593093872,2
818,5.051315784454346,1
828,1.8856581449508667,1
829,9.737438201904297,1
834,4.377479076385498,2
836,9.100363731384276,1
837,9.6951904296875,1
838,6.773107528686523,1
846,5.315569877624512,1
850,4.768773555755615,1
856,1.3839960098266602,1
857,6.495924949645996,1
859,0.3131442070007324,2
863,6.459713459014893,1
870,11.234057426452637,1
871,7.891917705535889,1
872,6.256847858428955,2
874,3.4263269901275635,1
885,2.885281801223755,1
895,9.5581693649292,1
898,5.541152477264404,1
906,5.8100361824035645,1
907,11.951589584350586,1
909,10.416348457336426,1
910,19.88803482055664,1
911,22.81781578063965,1
914,2.1349148750305176,1
918,8.534388542175293,2
927,15.071846961975098,1
931,5.991986274719238,1
932,53.75532150268555,2
935,1.7878631353378296,2
936,12.370257377624512,1
942,6.930593967437744,2
944,6.096129894256592,1
946,3.8618528842926025,2
950,9.32963752746582,1
961,5.317836761474609,1
962,14.337459564208984,2
966,4.4429192543029785,1
969,6.146471977233887,2
979,3.313600778579712,1
981,3.665929079055786,1
985,2.5109965801239014,1
990,5.333835124969482,1
993,3.713066339492798,1
998,3.166224241256714,1
1010,4.849720001220703,1
1011,13.089157104492188,2
1018,15.311274528503418,2
1020,5.436959266662598,1
1029,57.205997467041016,2
1035,2.091054201126098,1
1037,34.231693267822266,2
1038,4.831951141357422,1
1046,2.598912477493286,1
1068,2.814675807952881,2
1084,11.906587600708008,2
1085,0.4937414228916168,1
1090,2.257803440093994,2
1092,15.06588077545166,1
1093,11.596932411193848,1
1095,17.034364700317383,1
1109,84.53605651855469,1
1115,6.509139060974121,1
1116,3.6988394260406494,1
1121,2.476489543914795,1
1127,15.05329418182373,2
1128,6.844351768493652,1
1129,5.734292507171631,1
1130,2.05143404006958,1
1132,1.769248366355896,1
1133,5.866706848144531,1
1143,3.662893772125244,1
1148,9.744190216064451,1
1153,5.833340167999268,1
1155,6.056347370147705,1
1159,5.601932048797607,1
1163,1.1717677116394043,1
1166,15.401551246643066,2
1170,5.259490489959717,2
1184,6.300765037536621,1
1186,14.736138343811035,2
1187,2.94732666015625,2
1189,41.768550872802734,1
1201,14.640436172485352,2
1202,3.0385637283325195,1
1213,4.756029605865479,2
1215,83.32281494140625,2
1225,4.177146911621094,1
1233,34.08012771606445,2
1238,3.514589786529541,1
1241,1.852962613105774,1
1242,1.7703478336334229,2
1243,2.8130669593811035,1
1248,22.66589736938477,2
1249,2.844135284423828,1
1256,4.464781284332275,1
1262,2.947181940078736,1
1263,1.7727768421173096,1
1264,9.941027641296388,1
1266,6.159060478210449,2
1268,15.940635681152344,1
1276,3.6964290142059326,2
1277,23.73566055297852,1
1279,1.886305570602417,1
1282,11.602742195129396,2
1298,17.84195327758789,2
1299,7.2492170333862305,1
1303,6.552154064178467,1
1305,18.54633903503418,1
1320,3.471832275390625,2
1322,1.1609175205230713,1
1323,48.61152648925781,1
1339,4.410139560699463,2
1340,2.611769437789917,1
1342,2.3606765270233154,1
1344,28.243637084960938,2
1347,5.904130935668945,1
1355,2.7215092182159424,1
1360,4.731286525726318,2
1364,3.2600772380828857,2
1370,1.3085776567459106,1
1372,25.75697898864746,2
1381,22.226686477661133,2
1400,0.8138595223426819,1
1401,26.670196533203125,2
1402,7.199278354644775,1
1406,5.026402473449707,1
1410,44.263519287109375,1
1417,11.195290565490724,2
1424,5.254900932312012,1
1427,3.9879307746887207,2
1440,9.033589363098145,1
1467,5.406227111816406,1
1480,13.197542190551758,2
1482,4.469364643096924,1
1489,10.53121280670166,1
1494,6.009584903717041,1
1508,6.172617435455322,1
1509,10.423266410827637,2
1513,3.999711513519287,2
1514,1.232182502746582,2
1515,8.928892135620117,1
1518,8.901907920837402,1
1523,3.12764835357666,1
1533,22.92036819458008,1
1535,8.89505386352539,2
1536,4.351826190948486,2
1538,6.049949645996094,2
1549,9.619769096374512,1
1551,4.24542760848999,1
1557,0.012698907405138,2
1563,1.6746896505355835,1
1565,1.7389978170394895,2
1568,22.502685546875,1
1581,4.0057525634765625,1
1589,11.319906234741213,1
1591,7.294474601745605,1
1594,2.802522897720337,2
1610,3.076003074645996,1
1614,23.027482986450195,1
1621,3.759389162063599,1
1629,6.163133144378662,1
1633,2.0001890659332275,1
1634,1.1309195756912231,1
1641,9.760536193847656,1
1643,2.929254531860352,1
1647,30.40022850036621,1
1663,4.572300434112549,2
1664,6.6937785148620605,2
1677,4.132580280303955,1
1684,3.2007429599761963,2
1688,2.292322158813477,2
1690,6.3314361572265625,2
1705,10.48305320739746,2
1711,12.002817153930664,1
1713,5.065334320068359,1
1720,31.613893508911133,1
1721,6.7380051612854,1
1722,6.867742538452148,1
1731,5.044341087341309,1
1736,6.482275485992432,2
1737,6.731448650360107,2
1744,2.470172643661499,2
1756,2.4892609119415283,2
1760,3.0058295726776123,2
1763,4.347235679626465,1
1765,35.216548919677734,1
1772,5.484254837036133,2
1773,9.098692893981934,1
1775,4.516788959503174,1
1777,7.362209320068359,1
1790,9.994565963745115,1
1792,7.596180915832519,1
1798,8.810483932495117,1
1800,3.668961524963379,1
1803,7.249626636505127,2
1804,7.908693313598633,1
1805,0.4148910045623779,2
1811,4.533860206604004,1
1817,6.572597980499268,2
1826,3.074113368988037,2
1828,14.78380012512207,1
1831,2.7771689891815186,1
1832,10.82310962677002,2
1834,5.17108678817749,1
1838,7.840146541595459,2
1839,91.64202880859376,1
1851,12.861373901367188,2
1860,3.280517578125,2
1871,43.14232635498047,2
1872,2.4284861087799072,1
1873,10.433673858642578,1
1876,3.006397485733032,1
1878,2.2250430583953857,1
1881,2.6382057666778564,1
1887,1.5935711860656738,1
1891,6.564277648925781,1
1893,6.886962890625,2
1899,4.616722106933594,1
1903,19.426347732543945,1
1907,33.704383850097656,2
1920,3.741010189056397,2
1922,0.1712096184492111,2
1923,1.9416126012802124,2
1927,3.951186418533325,1
1934,5.581100463867188,1
1935,1.3552861213684082,1
1941,3.1088826656341557,1
1942,5.876501560211182,2
1946,7.642818927764893,1
1949,5.052063941955566,1
1950,4.148144245147705,1
1956,1.2001924514770508,1
1957,5.659807205200195,2
1963,2.2384908199310303,1
1966,1.4110729694366455,1
1972,9.018028259277344,2
1983,15.599745750427246,1
1991,11.21360969543457,1
1993,20.417407989501957,1
2000,10.271382331848145,1
2006,3.3552839756011963,1
2007,5.2742600440979,1
2016,4.9781270027160645,1
2018,0.6314613819122314,1
2019,2.404258728027344,1
2021,3.752644300460816,1
2026,6.856340408325195,2
2029,5.067816257476807,1
2034,6.33516788482666,2
2036,2.7076938152313232,2
2037,15.18483066558838,1
2039,1.6661803722381592,1
2046,6.900554656982422,1
2051,17.937347412109375,2
2057,2.760213851928711,2
2060,36.991676330566406,1
2065,16.02794075012207,1
2067,36.42554473876953,1
2074,4.058537006378174,1
2079,4.042738437652588,1
2081,0.8736543655395508,1
2083,14.305156707763672,1
2085,0.5560117959976196,2
2089,16.63945960998535,1
2090,7.915011882781982,1
2093,3.8261659145355225,1
2096,0.5227104425430298,1
2097,13.467884063720703,1
2098,38.84163665771485,1
2099,1.2226815223693848,1
2102,2.755427598953247,1
2103,3.501932382583618,1
2107,2.7462716102600098,1
2121,2.6870269775390625,1
2127,6.390512943267822,2
2129,7.269530296325684,1
2131,14.526449203491213,1
2136,3.243216037750244,1
2142,1.3103771209716797,1
2147,5.68064022064209,1
2158,0.5688496232032776,2
2161,20.16602325439453,1
2164,5.062195301055908,1
2169,4.908629417419434,2
2171,2.8023784160614014,1
2175,0.5117084383964539,1
2194,5.801147937774658,1
2195,7.216275215148926,2
2202,9.669966697692873,1
2203,78.0516128540039,2
2205,4.270191669464111,1
2213,12.143354415893556,1
2216,10.575369834899902,1
2224,10.482782363891602,1
2226,6.664898872375488,1
2228,3.202000617980957,1
2233,4.7469096183776855,1
2237,4.362816333770752,1
2240,3.037606716156006,1
2244,7.414749622344971,1
2246,13.28346824645996,2
2253,9.993703842163086,1
2258,3.7670376300811768,2
2269,3.961835861206055,1
2271,40.694374084472656,1
2276,2.601632833480835,2
2280,16.32514762878418,1
2281,4.104811191558838,1
2285,1.396392583847046,1
2287,3.6109540462493896,2
2288,6.643006801605225,1
2308,2.071753025054932,1
2311,15.28904151916504,1
2323,2.7102670669555664,2
2326,5.939764499664307,1
2331,0.8269617557525635,1
2339,3.553583860397339,1
2341,8.652329444885254,2
2342,7.754054546356201,1
2343,14.085676193237305,2
2344,5.105527400970459,1
2348,9.989425659179688,1
2350,4.3240509033203125,1
2364,3.619323968887329,1
2373,18.026994705200195,1
2376,4.721511363983154,2
2380,3.839974164962769,1
2390,19.635822296142575,2
2393,19.134204864501957,2
2395,4.041947364807129,1
2397,7.095762729644775,2
2404,8.34329605102539,2
2408,4.277922630310059,1
2409,4.72276496887207,1
2411,1.6368417739868164,1
2413,0.9808050990104676,2
2420,1.853213667869568,1
2424,10.570691108703612,1
2427,2.740192174911499,1
2429,4.634002208709717,1
2432,2.7985057830810547,1
2441,21.445491790771484,2
2447,2.4412026405334477,1
2450,2.669311761856079,1
2454,5.134932041168213,1
2455,2.1295268535614014,1
2465,3.162838935852051,1
2468,3.233767509460449,2
2471,4.871625900268555,1
2473,3.1543519496917725,1
2475,8.589069366455078,1
2491,18.986764907836918,2
2494,10.087905883789062,1
2506,4.284663200378418,1
2507,4.277654647827148,1
2518,2.4252970218658447,1
2520,10.441573143005373,1
2525,4.834147930145264,1
2529,1.7810107469558716,1
2534,2.6518354415893555,2
2536,8.525352478027344,2
2538,8.752095222473145,2
2539,60.1212272644043,2
2543,10.894542694091797,2
2545,4.128958225250244,2
2548,5.017650604248047,2
2551,45.16084289550781,1
2557,1.8360058069229128,1
2561,6.764647006988525,1
2566,2.106585502624512,1
2573,2.90802264213562,1
2576,2.3883395195007324,1
2578,6.636811256408691,2
2581,0.2111791670322418,1
2583,17.95145034790039,2
2585,6.645012378692627,1
2592,4.881756782531738,1
2596,4.217120170593262,1
2605,8.529722213745117,1
2606,4.10758113861084,1
2607,22.0300350189209,2
2611,1.9378100633621216,2
2615,3.44002366065979,2
2618,46.03238296508789,1
2635,2.726914882659912,1
2638,7.558467388153076,2
2640,16.397708892822266,2
2644,4.517078399658203,1
2648,7.241410255432129,1
2661,3.235950231552124,1
2662,4.287949562072754,1
2664,59.75950241088867,2
2665,1.2669284343719482,2
2668,1.525731325149536,1
2669,5.871907711029053,1
2670,0.2719816863536834,2
2674,3.488487243652344,1
2678,7.266203880310059,1
2679,9.790831565856934,1
2682,4.093209743499756,1
2697,5.651162624359131,1
2700,13.378148078918455,1
2702,8.038423538208008,2
2707,4.229329586029053,1
2708,4.537054061889648,2
2709,7.5944504737854,1
2712,41.81563949584961,2
2732,3.065736055374145,2
2733,21.240741729736328,2
2734,30.08641242980957,1
2746,1.646467685699463,1
2747,3.880232810974121,1
2753,5.041018962860107,1
2758,0.3141335248947143,1
2775,3.6178441047668457,1
2778,3.0172152519226074,1
2783,56.71397399902344,2
2787,6.011136054992676,1
2789,3.341862678527832,1
2793,1.157246470451355,2
2801,0.5652658343315125,1
2803,5.546488285064697,1
2805,4.990642547607422,1
2809,9.70278549194336,1
2811,3.15087890625,1
2820,11.66586685180664,2
2823,3.9043257236480713,2
2825,6.56500244140625,1
2831,32.26025390625,1
2832,8.522765159606934,2
2833,10.248412132263184,1
2834,5.769258499145508,1
2835,24.897926330566406,1
2837,24.717086791992188,1
2843,5.749808311462402,1
2845,3.523300170898437,1
2858,14.930005073547363,2
2860,5.4630560874938965,1
2861,8.72011947631836,1
2864,3.3816628456115723,1
2865,111.4765853881836,1
2874,2.9664011001586914,2
2881,5.3114333152771,2
2882,6.017643451690674,1
2883,2.975117921829224,2
2884,5.888630390167236,1
2888,5.373473644256592,1
2893,4.043916702270508,1
2896,2.9407713413238525,1
2897,1.81328558921814,1
2908,2.115219593048096,2
2922,5.790808200836182,1
2926,3.553685188293457,1
2930,12.558369636535645,1
2932,0.0260499566793441,2
2934,0.1217320337891578,2
2944,12.642304420471191,1
2946,13.810458183288574,2
2958,5.210832118988037,2
2967,2.0156185626983643,1
2968,7.812439918518066,1
2971,2.439879894256592,1
2976,2.6237218379974365,1
2977,5.745455741882324,2
2981,15.243770599365234,2
2983,2.557856559753418,2
2985,7.391767978668213,2
2987,10.43568515777588,2
2990,2.2583086490631104,1
2992,3.1213607788085938,1
2996,2.3850200176239014,2
3003,9.992326736450195,2
3005,1.8909385204315183,1
3011,15.98315143585205,1
3018,2.5342276096343994,1
3020,1.640849232673645,2
3022,7.302740573883057,2
3024,8.569372177124023,1
3025,12.264699935913086,1
3042,2.031776428222656,1
3043,4.492239475250244,1
3045,2.9291272163391118,1
3052,3.4404327869415283,2
3053,6.498751640319824,2
3059,3.5004684925079346,2
3060,17.122779846191406,2
3061,17.558910369873047,1
3065,4.567901134490967,2
3067,3.528798818588257,2
3071,1.1475728750228882,1
3073,1.1630752086639404,1
3077,10.330256462097168,1
3078,14.281454086303713,1
3085,6.026684761047363,1
3086,6.95358943939209,1
3091,14.829018592834473,2
3097,4.241124153137207,2
3103,3.289469718933105,1
3104,3.783898115158081,2
3106,7.256308078765869,1
3111,3.792783737182617,1
3114,0.8054438233375549,1
3117,1.137058973312378,1
3122,10.100001335144045,2
3126,3.8428356647491455,1
3129,14.6383638381958,2
3130,70.60421752929688,2
3131,3.1140851974487305,1
3133,2.0799522399902344,1
3142,1.7923779487609863,1
3145,10.631465911865234,1
3147,5.402316570281982,1
3155,2.038374662399292,1
3156,8.761982917785645,1
3163,4.197393894195557,2
3172,2.8834636211395264,1
3185,12.640362739562988,2
3189,6.397712707519531,1
3192,2.9970152378082275,2
3193,4.171404838562012,2
3205,2.9330430030822754,1
3209,5.909153938293457,1
3211,3.2384355068206787,1
3215,6.224198341369629,2
3217,2.9229657649993896,1
3223,2.8850669860839844,2
3224,2.5760726928710938,1
3225,6.5816569328308105,1
3226,5.07440996170044,1
3230,1.0369011163711548,1
3231,4.067211627960205,1
3236,0.4435256719589233,2
3243,51.387451171875,1
3244,2.525136232376098,1
3246,10.519700050354004,1
3249,3.0372159481048584,1
3251,1.43736732006073,1
3254,1.0499873161315918,2
3257,35.78790664672852,2
3258,8.725095748901367,1
3264,20.517793655395508,1
3266,22.99856758117676,1
3269,4.818778991699219,2
3271,1.7537599802017212,1
3273,4.197253704071045,1
3275,8.483689308166504,1
3277,8.805326461791992,2
3281,12.14832592010498,1
3285,20.797199249267575,2
3286,4.361335277557373,1
3298,8.539987564086914,1
3300,4.300938606262207,1
3307,12.188100814819336,2
3309,45.1771354675293,2
3314,30.370088577270508,1
3320,4.67035722732544,1
3321,1.93625807762146,1
3324,7.081762313842773,1
3328,5.905049800872803,2
3332,1.4378663301467896,1
3344,2.8014485836029053,1
3345,10.416852951049805,1
3346,7.14523458480835,2
3347,2.0705578327178955,1
3348,18.382801055908203,2
3358,5.0316481590271,1
3363,3.602494955062866,1
3367,22.69043731689453,1
3374,2.588586807250977,1
3377,5.660345077514648,1
3379,25.16629981994629,2
3380,7.460525035858154,1
3381,32.88916778564453,1
3388,4.457998752593994,1
3392,3.401583433151245,1
3397,27.811878204345703,1
3400,9.023548126220703,1
3401,7.652938842773437,1
3404,6.35252046585083,1
3407,3.80904483795166,1
3408,2.746537685394287,2
3411,78.50853729248047,2
3412,8.358927726745605,1
3417,5.432097434997559,1
3419,29.020952224731445,2
3420,4.698411464691162,1
3423,5.1749587059021,2
3426,31.574846267700195,2
3430,11.026177406311035,1
3431,9.579354286193848,1
3434,4.421139240264893,2
3447,10.80201530456543,1
3449,2.963918447494507,2
3452,4.720515251159668,1
3453,11.848565101623535,1
3461,5.943931579589844,1
3469,9.184611320495604,1
3472,8.327991485595703,2
3477,14.151937484741213,1
3480,4.648588180541992,1
3483,5.611650466918945,1
3484,7.466649532318115,2
3489,4.045615196228027,2
3495,10.554028511047363,1
3500,5.81899356842041,1
3501,6.603382110595703,2
3506,9.971060752868652,1
3507,3.5797927379608154,1
3508,10.139641761779783,1
3510,4.107617378234863,1
3512,3.78096866607666,1
3515,38.25432968139648,2
3521,6.579470157623291,2
3539,18.092914581298828,2
3542,2.1115448474884038,2
3552,6.809886932373047,1
3556,0.6484492421150208,2
3561,0.8627215623855591,1
3570,4.577786922454834,1
3571,10.009319305419922,2
3573,2.5831332206726074,1
3575,1.706417441368103,1
3578,18.923969268798828,1
3584,4.012178421020508,1
3586,1.473934292793274,1
3592,2.7640302181243896,1
3593,2.9135677814483643,1
3598,0.4365859627723694,2
3599,1.20009446144104,2
3600,29.111347198486328,2
3603,8.223605155944824,2
3605,10.508905410766602,2
3612,3.2116382122039795,1
3617,5.195790767669678,1
3624,7.76939582824707,2
3631,2.950547218322754,1
3638,3.3553221225738525,1
3639,2.5910677909851074,1
3645,0.375694215297699,2
3648,1.86513090133667,2
3653,4.081196308135986,2
3655,3.1417787075042725,2
3660,39.91098403930664,2
3663,0.4672892689704895,2
3670,4.694883823394775,1
3672,1.772252917289734,2
3678,7.087881088256836,2
3681,4.274827480316162,2
3685,7.579530239105225,1
3693,7.010311603546143,1
3694,1.589599609375,1
3695,3.7476513385772714,1
3699,10.652920722961426,1
3705,3.319211006164551,2
3706,4.162465572357178,1
3708,4.025052547454834,2
3719,2.0593435764312744,1
3724,4.821389675140381,2
3730,10.865056991577148,2
3735,10.561482429504396,2
3739,1.5559834241867063,1
3745,2.160353183746338,2
3753,1.1154552698135376,2
3763,14.730057716369627,1
3764,4.378587245941162,1
3770,2.4100897312164307,1
3780,2.613882780075073,1
3787,3.0647246837615967,2
3790,0.8460364937782288,1
3792,3.204174041748047,1
3793,2.53680419921875,1
3795,1.4776875972747805,1
3799,2.2962136268615723,1
3802,4.253161907196045,1
3805,2.047288417816162,1
3817,6.872028827667236,1
3822,3.7993688583374015,1
3832,14.61575984954834,1
3833,22.740455627441406,2
3837,5.380958557128906,1
3839,3.887354612350464,1
3840,11.91703987121582,2
3842,0.7008429169654846,2
3844,15.639973640441896,1
3861,8.149710655212402,2
3862,3.800363302230835,1
3864,5.6821608543396,1
3871,2.9667980670928955,1
3875,4.226442813873291,1
3880,5.070051670074463,1
3883,3.188037872314453,1
3885,44.147457122802734,1
3887,15.802069664001465,1
3888,1.7229803800582886,1
3890,122.34673309326172,2
3895,6.915400505065918,1
3908,4.411111831665039,1
3930,3.564547300338745,2
3931,12.93539333343506,1
3941,12.492969512939451,2
3944,3.3129568099975586,1
3945,3.501458644866944,1
3946,9.385293960571287,1
3948,3.515740871429444,1
3949,12.752877235412598,1
3951,8.866015434265137,1
3952,0.8377916216850281,1
3955,1.047188401222229,2
3957,4.810088157653809,1
3963,5.833999633789063,1
3964,2.476386785507202,1
3971,21.32600975036621,1
3972,26.11637687683105,2
3977,3.8580379486083984,1
3981,3.1232826709747314,1
3985,0.729443371295929,2
3989,15.338510513305664,1
3999,8.033742904663086,1
4012,10.156054496765137,2
4016,3.474807977676392,2
4017,37.891231536865234,1
4020,0.0519733950495719,1
4022,0.1538804322481155,1
4031,2.160264492034912,2
4034,6.202761173248291,1
4045,2.0003621578216557,1
4046,3.235654592514038,1
4048,8.25782585144043,1
4057,6.210485935211182,1
4060,11.014811515808104,1
4063,106.71775817871094,2
4067,2.711090087890625,1
4072,36.53736877441406,2
4076,13.936647415161133,1
4089,3.262397766113281,1
4092,4.738754749298096,2
4093,6.157456874847412,1
4095,1.4770084619522097,2
4099,6.128819942474365,2
4103,6.80589485168457,1
4104,4.777008533477783,1
4106,10.47998332977295,2
4107,71.11947631835938,2
4114,1.555638074874878,2
4126,5.7473907470703125,2
4144,32.435359954833984,1
4146,10.810953140258787,1
4148,13.223922729492188,1
4151,4.566734790802002,1
4157,2.1519775390625,1
4158,1.5627485513687134,2
4159,6.784739017486572,1
4167,37.04655456542969,2
4169,5.200028896331787,1
4186,2.3193464279174805,2
4196,3.560249328613281,1
4203,2.62020206451416,1
4206,1.5900590419769287,1
4207,5.63685941696167,1
4214,8.888092041015625,1
4223,15.761250495910645,2
4224,5.056465148925781,1
4226,0.518113374710083,1
4248,3.849165201187134,1
4249,1.3913068771362305,1
4251,8.82746410369873,1
4258,6.046718120574951,1
4261,3.461458683013916,2
4262,50.00347900390625,1
4276,4.526082515716553,1
4280,5.748384475708008,1
4284,2.4286112785339355,1
4288,3.4936580657958984,1
4298,7.434845447540283,1
4301,10.198250770568848,1
4307,2.848426818847656,2
4309,0.1498118042945861,1
4310,9.605246543884276,1
4315,4.280455589294434,2
4317,3.512295722961426,1
4322,4.318886756896973,1
4329,15.318477630615234,1
4330,6.471011161804199,2
4331,13.827706336975098,2
4338,2.0502517223358154,1
4343,47.33411407470703,1
4352,6.746898174285889,1
4355,4.756559371948242,2
4357,11.630309104919434,1
4359,12.875864028930664,1
4366,4.936441421508789,1
4374,4.985201835632324,1
4381,4.238586902618408,1
4382,4.659697532653809,1
4383,12.53844928741455,1
4385,1.775202751159668,1
4386,18.011245727539062,2
4390,3.343252420425415,1
4392,3.827309846878052,1
4395,0.1333215981721878,1
4403,12.48504638671875,1
4409,0.9256053566932678,1
4412,1.8037837743759155,2
4417,6.465322017669678,2
4419,24.76650619506836,1
4427,4.933940887451172,1
4435,12.491888046264648,2
4446,7.844856262207031,2
4459,3.475829601287842,2
4462,24.03483390808105,2
4476,3.0331475734710693,1
4516,2.320148229598999,2
4520,24.30387687683105,2
4523,0.4998376071453094,1
4535,1.1996972560882568,1
4550,19.91397857666016,1
4552,1.490126132965088,2
4562,11.407318115234377,1
4587,31.30851554870605,2
4600,4.541110515594482,1
4608,3.034355878829956,2
4610,8.565042495727539,1
4613,4.548051834106445,2
4621,5.243191242218018,2
4628,10.47802448272705,2
4641,7.062314033508301,1
4647,10.891311645507812,2
4667,3.21550726890564,2
4678,3.3188040256500244,1
4696,17.672277450561523,1
4699,10.197279930114746,1
4701,6.133757591247559,2
4707,7.038745880126953,1
4717,59.536869049072266,1
4732,3.273668050765991,2
4736,5.874232769012451,1
4738,2.4551451206207275,2
4744,15.330835342407228,2
4748,2.088745355606079,1
4758,11.373336791992188,2
4777,3.561421632766724,1
4780,21.557933807373047,2
4788,3.445043563842773,1
4791,3.987828969955444,1
4830,6.99314546585083,2
4849,4.012472629547119,1
4890,2.9759538173675537,1
4908,48.098968505859375,1
4941,5.255974769592285,2
4952,0.5287482142448425,2
4957,1.907120943069458,2
4958,21.388233184814453,1
4963,4.6691508293151855,1
4973,26.49370002746582,2
4983,4.648958683013916,2
4985,20.782655715942383,1
5013,2.7140376567840576,1
5020,3.290325403213501,1
5033,23.530658721923828,2
5048,14.49948024749756,2
5063,1.9550859928131104,1
5070,1.488742470741272,2
5100,16.43549156188965,2
5103,3.1626217365264893,2
5107,34.39834976196289,2
5111,1.757878065109253,1
5116,2.703445672988892,1
5135,5.9112548828125,1
5153,10.179585456848145,1
5160,6.551719665527344,1
5172,7.753713130950928,1
5177,0.8624435067176819,1
5194,2.967527151107788,2
5206,5.6994476318359375,2
5215,44.37892532348633,1
5219,10.763155937194824,1
5240,52.591217041015625,1
5262,19.383962631225582,1
5267,5.524249076843262,1
5280,9.992010116577148,1
5322,1.6133219003677368,1
5328,52.23542404174805,1
5339,51.44974899291992,2
5348,7.892334938049316,2
5355,3.297800779342652,2
5381,26.82699966430664,1
5388,2.1721060276031494,2
5389,4.314284324645996,1
5394,1.613794207572937,1
5403,3.758923053741455,1
5408,5.539341449737549,1
5411,6.757669448852539,1
5425,6.172637462615967,1
5427,1.3424783945083618,1
5430,12.500577926635742,1
5447,9.503382682800291,1
5449,7.568811416625977,1
5479,2.702845811843872,2
5500,4.407040119171143,2
5505,2.5746352672576904,1
5513,2.2934298515319824,1
5533,4.51584529876709,1
5540,16.020292282104492,1
5580,2.602719783782959,1
5582,23.984027862548828,2
5583,2.4746127128601074,1
5592,2.7193472385406494,1
5618,8.72654914855957,1
5624,43.75130462646485,2
5666,29.8996524810791,1
5673,3.667383909225464,2
5686,4.390334129333496,1
5688,4.718793869018555,1
5705,6.632814884185791,1
5712,5.377437114715576,1
5741,8.250105857849121,2
5743,27.362648010253903,2
5749,2.8769547939300537,1
5754,31.43898582458496,2
5756,1.6059318780899048,1
5759,5.377782344818115,1
5775,5.663197040557861,2
5792,1.4024158716201782,1
5840,2.517088890075684,2
5873,9.384428977966309,2
5874,26.65394401550293,1
5882,4.815042495727539,1
5928,14.136929512023926,2
5930,4.26703405380249,1
5948,10.236139297485352,2
5957,1.882228136062622,1
5974,14.005358695983888,1
5979,17.3461971282959,1
5992,8.608457565307617,1
5995,2.6837260723114014,1
6005,2.8617939949035645,2
6010,11.12684154510498,2
6013,5.435258388519287,1
6029,8.781449317932129,1
6034,8.1825532913208,1
6047,16.758222579956055,1
6055,4.333104133605957,2
6056,11.82277774810791,1
6072,8.951440811157227,1
6077,5.656023025512695,2
6085,39.61234664916992,1
6091,8.20572280883789,1
6092,2.9805312156677246,1
6099,5.021313190460205,1
6101,14.45812702178955,1
6104,4.386065483093262,1
6125,1.5721933841705322,1
6149,2.0289227962493896,1
6153,3.479077816009521,2
6155,4.161036491394043,2
6162,0.8217982649803162,2
6166,25.36477851867676,2
6170,8.38620662689209,1
6178,8.592306137084961,1
6183,85.9722671508789,1
6184,3.5915751457214355,2
6186,7.2649664878845215,2
6188,5.023016452789307,1
6192,3.558591365814209,1
6195,2.1368303298950195,1
6203,34.50687789916992,1
6204,8.450427055358887,2
6206,3.6866414546966553,2
6215,0.4623808562755584,2
6222,18.431739807128903,1
6227,18.84686279296875,1
6231,1.607074737548828,2
6232,23.445556640625,1
6240,0.7554571032524109,1
6241,5.465681552886963,1
6245,7.2939019203186035,1
6249,10.590631484985352,2
6253,8.042302131652832,1
6271,0.0346883982419967,1
6274,11.511504173278809,1
6277,8.339632034301758,1
6283,5.959126949310303,2
6285,0.7700921297073364,1
6288,5.2198028564453125,1
6289,9.812528610229492,2
6293,7.254326343536377,2
6295,4.291281223297119,1
6296,87.28791809082031,2
6298,4.541652679443359,2
6312,6.142130374908447,1
6316,0.5438658595085144,2
6319,2.4318134784698486,2
6324,11.248546600341797,1
6330,1.61863112449646,1
6341,3.350331544876098,2
6342,1.638251543045044,1
6347,53.22392272949219,2
6352,2.1052966117858887,1
6361,4.230191230773926,2
6362,10.687207221984863,1
6373,4.287725448608398,1
6374,4.153106689453125,2
6380,3.534822940826416,1
6382,7.004726886749268,1
6407,0.7382487654685974,1
6408,2.1951470375061035,1
6421,8.969169616699219,1
6427,2.154236078262329,2
6440,8.088671684265137,1
6453,28.51532554626465,2
6482,18.29526138305664,1
6495,2.755557060241699,1
6499,2.4634909629821777,2
6500,4.428398132324219,1
6506,2.355142831802368,1
6518,2.227815628051758,1
6534,33.4486083984375,2
6537,3.997450351715088,1
6539,25.617586135864254,1
6546,1.4488601684570312,1
6565,18.49557113647461,2
6571,3.151939868927002,2
6579,3.237991571426392,2
6584,5.879189968109131,1
6598,9.25042724609375,1
6603,5.508825302124023,1
6607,4.479416370391846,1
6611,4.1007399559021,1
6612,5.613660335540772,1
6615,5.1011962890625,1
6616,8.820712089538574,2
6623,1.2484312057495115,1
6628,46.80478286743164,1
6635,3.037116050720215,2
6640,2.362720251083374,2
6643,2.5256056785583496,1
6645,35.217308044433594,2
6648,7.324664115905762,1
6654,7.0022478103637695,2
6658,12.416316986083984,1
6663,5.327892780303955,2
6665,7.289315700531006,2
6669,3.989544153213501,1
6673,2.517855644226074,1
6675,2.831418752670288,1
6678,2.771525859832764,1
6680,2.9989795684814453,1
6681,0.6942425966262817,2
6682,5.491876125335693,2
6690,6.286090850830078,2
6693,5.099005699157715,1
6698,2.322456359863281,1
6701,4.47255277633667,2
6703,8.83512020111084,2
6705,86.28116607666016,1
6706,6.59087610244751,1
6710,3.757096290588379,1
6711,1.631067395210266,1
6717,8.087947845458984,2
6719,19.857999801635746,2
6721,107.80818176269533,1
6723,0.6744279861450195,2
6725,13.014202117919922,2
6727,4.302881240844727,1
6733,13.424962997436523,1
6739,5.379604816436768,2
6756,5.773008823394775,2
6760,9.647192001342772,2
6763,6.977632522583008,1
6764,5.218392372131348,2
6765,2.3957087993621826,2
6774,4.852414608001709,1
6782,21.732051849365234,2
6787,4.052685737609863,1
6790,10.809121131896973,1
6804,0.4226243197917938,1
6810,8.794539451599121,2
6818,5.025521755218506,1
6824,2.0722343921661377,1
6829,32.603309631347656,2
6831,2.4602839946746826,2
6832,5.877803325653076,2
6836,183.24436950683597,2
6841,20.653493881225582,1
6847,14.685667037963867,2
6848,7.493889808654785,1
6849,4.979329586029053,1
6850,19.473392486572266,2
6852,36.74365997314453,1
6861,1.8598496913909912,2
6871,4.862548828125,1
6877,13.224919319152832,1
6880,6.020049095153809,1
6882,30.19106674194336,1
6883,72.50481414794922,2
6894,4.996346473693848,1
6898,5.156465530395508,1
6901,4.052376747131348,2
6907,7.090200424194336,1
6908,5.322357177734375,1
6912,4.993664264678955,1
6914,5.920956134796143,1
6917,7.02022123336792,1
6922,1.6028847694396973,1
6923,218.06300354003903,2
6928,11.7897310256958,1
6931,2.3712661266326904,1
6935,6.969046592712402,1
6940,4.951601982116699,2
6941,2.355635643005371,1
6945,1.4676671028137207,2
6947,3.472975969314575,1
6948,7.0355424880981445,1
6953,11.774089813232422,2
6965,10.052124977111816,1
6982,9.44493579864502,1
6983,8.65648078918457,2
6986,0.8169845938682556,2
6994,5.675810813903809,1
7002,4.860592842102051,1
7011,3.754986524581909,1
7018,3.379358053207397,1
7022,4.451080799102783,1
7024,8.518071174621582,2
7025,6.566948890686035,2
7032,11.368450164794922,1
7036,44.17380142211914,2
7037,3.181360006332397,2
7038,13.951275825500488,1
7043,11.668461799621582,1
7044,2.9910356998443604,1
7046,9.258639335632324,1
7047,9.035674095153809,1
7048,15.064160346984863,2
7057,2.1245625019073486,1
7059,13.742287635803224,2
7063,13.135855674743652,2
7066,7.773717403411865,1
7067,17.10167121887207,2
7078,1.989489316940308,2
7090,3.9681742191314697,1
7092,0.9291456341743468,2
7096,0.9045356512069702,1
7098,6.89984655380249,2
7103,0.0951128229498863,2
7106,3.2743420600891118,1
7107,5.4058942794799805,1
7113,12.1183500289917,1
7118,1.9297600984573364,1
7121,3.3505356311798096,1
7123,26.980640411376957,2
7126,8.757526397705078,1
7127,3.718040704727173,1
7129,25.792436599731445,1
7133,15.67444133758545,2
7143,5.114789009094238,1
7146,10.318229675292969,1
7150,3.292412757873535,1
7158,2.6543219089508057,1
7160,1.906264424324036,1
7162,3.076560735702514,2
7163,1.6175165176391602,2
7168,5.579985618591309,1
7170,6.021880626678467,1
7171,7.708269596099853,1
7179,7.705146789550781,2
7180,1.574906349182129,1
7182,10.382762908935549,1
7190,5.800931930541992,1
