,CLASS1,Frac_Variability,HR_24,Signif_Avg,Pivot_Energy
4,1,0.42913482,0.0159968080752423,24.49722,2065.1467
10,1,0.0,0.0077435723052986,16.672523,3402.819
25,1,0.0,0.0185198934980351,13.404971,1446.4923
27,1,0.45170566,0.0029474737704344,6.878327,2795.2131
29,2,0.84219086,0.0223745862964559,23.338678,691.1044
33,2,0.44942507,0.0294281274808776,16.086971,598.2377
36,1,0.0,0.0122153455937874,7.125673,2084.9785
43,1,0.0,0.0149446895275618,56.51904,1430.0842
51,1,0.10027631,0.0208817838460008,18.235521,1420.2627
53,1,0.4184122,0.0157661665828008,64.89692,1330.3015
55,3,0.47500834,0.0222123526288927,9.9780035,1586.7131
56,1,0.22463594,0.0197122189984201,13.523349,1811.7891
63,2,0.72519034,0.0272037425103934,24.288837,571.9983
66,2,0.9433384,0.0219532988305228,28.245321,724.0235
71,1,0.31255382,0.0163016438135141,24.767956,1412.678
80,1,0.2576234,0.000922932466841,11.777328,6929.809
85,1,0.19884299,0.0161053019704575,12.1987915,2113.031
86,2,0.65228546,0.0391180612241817,19.939705,443.26532
91,2,0.90885466,0.0280232877978365,28.707115,851.2023
92,1,0.2706897,0.0166902578006398,10.465015,1596.9047
93,1,0.10265498,0.0044530657416785,15.602418,3904.386
97,1,0.25407124,0.0174371820626267,22.789745,2267.393
98,2,1.3735869,0.026209313925954,18.718227,1445.7444
103,1,0.34275222,0.0178152660524711,29.602173,969.3571
106,1,0.31218225,0.0160750499629742,27.131353,1939.0461
109,1,0.18697871,0.0101938275969183,32.22765,1482.6697
110,1,0.43549657,0.0186630726236681,61.90344,880.4098
115,2,0.5585473,0.0250431557203076,24.017208,917.8061
134,2,1.6535703,0.0213238734743761,89.21285,635.79504
137,1,0.4917453,0.0176382625188252,19.135262,1398.9402
142,2,0.70863044,0.0245162968944926,52.35371,644.55035
144,2,0.75941986,0.023470323407359,53.71871,580.7013
153,1,0.66033083,0.0228540579371318,6.9553857,1139.5641
156,1,0.26706934,0.0106169701901536,76.817635,1674.1256
162,1,0.27859876,0.0098979771529752,36.550503,2297.5273
166,1,0.54187524,0.011373893420757,69.93408,3312.808
172,1,0.0,0.0239951005821965,7.230222,971.94495
173,1,0.21633819,0.0140550888725049,18.241486,2534.6191
177,1,0.21209995,0.0073236243893411,12.513439,4434.8145
183,1,0.6108893,0.0240182631702102,8.099487,1687.8866
191,1,0.0,0.0201746837709168,7.270876,3203.5183
192,2,0.2779596,0.0183187402183216,16.853624,1624.0604
197,1,0.31231037,0.0066354511999482,11.949308,2666.2856
198,2,0.49642843,0.0143349031535183,67.48478,1393.5527
203,1,0.818748,0.0107390759338454,47.78714,2118.0635
204,1,0.368834,0.0151281457100817,32.64234,2359.9734
209,1,0.76364005,0.0159584471907134,21.445501,1896.5369
213,1,0.5644799,0.0162667289352449,27.240294,2448.3782
218,1,0.0,0.0226258843498135,8.034237,2790.8643
221,1,0.3549441,0.0165639171240279,13.841837,1588.0786
224,1,0.46739912,0.017517086002846,54.94009,885.1005
225,2,1.1394556,0.025178559936098,44.944794,629.8015
226,2,0.7945252,0.0216315333314482,30.092163,777.66565
227,1,0.2655233,0.016487628501751,87.6642,954.7823
230,2,0.64903826,0.0247586923672016,28.416601,667.8174
231,1,0.444219,0.0096140465869364,69.56279,2226.9585
232,2,0.7548437,0.0335608210846353,17.510614,400.69135
237,1,0.20691784,0.00992057939294,35.67798,2212.2485
241,1,0.32834288,0.0132551247636271,31.172943,2823.0833
242,1,0.26946416,0.0121101072343477,37.178997,1485.3032
254,1,0.3344144,0.0170670408708507,45.370388,1025.1377
261,1,0.0,0.0135596225229686,13.494346,4659.956
266,1,0.2758661,0.0127722280632917,50.52877,1438.547
281,2,0.7865966,0.0213771523532847,59.444836,1837.2594
285,1,0.0,0.0196678899463453,8.742901,1932.7537
286,1,0.39539698,0.007196246492014,26.588034,3320.7654
290,2,0.66361696,0.0308832095772613,16.462927,449.92404
291,1,0.8237543,0.01977275088354,23.681274,779.1218
301,2,0.078214355,0.0272573186540331,8.110159,819.1394
302,2,0.9711829,0.0250400988576839,216.54633,461.98013
303,1,0.09274889,0.0136307254666605,25.096943,1553.1144
305,2,1.1002387,0.0296408387619525,34.527103,1018.31445
308,1,0.14599109,0.0166493709380695,46.39756,3649.7273
312,1,0.28900188,0.0183314915309073,12.511329,2873.151
318,2,0.34870806,0.0313589767755044,14.940613,503.13306
319,1,0.37257105,0.0178567891302745,155.20131,776.33264
320,2,0.52293426,0.0321573158767094,6.812342,914.672
323,1,0.0,0.0128181437659841,17.96409,2050.6216
325,2,0.76530045,0.0232232444495859,70.55322,555.12805
326,2,0.86603665,0.0254909289015775,21.271841,585.7902
327,2,1.0150174,0.0197033004944445,38.742313,1153.0234
330,1,0.379281,0.0176649687337938,37.64927,1621.4591
331,1,0.41812518,0.0138618130764708,10.510932,7858.0493
333,2,0.70797324,0.0309297925360595,13.947945,647.2438
336,1,0.20147334,0.01659851726384,41.88115,1187.8068
337,1,0.7662553,0.0154844615380607,47.701366,2526.1877
338,2,0.8799592,0.0236489708335375,30.647429,737.8447
340,1,0.03718294,0.0118424545010684,15.63953,2546.6372
345,2,0.99932146,0.0224010939876702,26.498932,1094.6694
349,2,0.57976186,0.0210919318848924,57.702072,1049.114
350,1,0.0,0.0088038191394909,17.84154,3083.7349
352,1,0.0,0.0185898971473278,4.3986087,1587.877
356,1,0.13753784,0.0138372798944392,91.17019,1145.064
361,1,0.2866901,0.0134493810668007,15.483045,2938.1946
365,1,0.35518366,0.0145914159556382,15.22335,7320.02
367,1,0.2986392,0.0137397450911966,24.63712,3197.745
373,1,0.49980885,0.0172789185868904,28.198174,970.0506
379,2,1.170488,0.0279054514388645,13.1522255,705.30426
383,1,0.0,0.021327823643874,6.4977074,3093.7573
384,1,0.12554996,0.0179517140451509,25.454832,1104.9729
385,1,0.96830565,0.0137075069506775,17.10013,2696.778
398,1,0.060885843,0.0091403161390109,10.988258,2480.4307
399,2,0.69751227,0.0266319941004973,20.428009,572.5509
402,1,0.5288636,0.0072558304607844,38.43588,4006.6326
406,2,0.44215408,0.0232426932956188,65.05709,715.51337
407,2,0.0,0.0037251130134444,9.965991,2938.8613
408,1,0.0,0.0166413265089746,14.5246,1831.0087
412,2,1.1010146,0.0234165945575039,59.269447,642.4592
417,1,0.16313803,0.0116517212181394,30.855371,2301.4739
423,1,0.15536742,0.0086079528112373,104.148834,2421.055
426,2,0.95034295,0.0215860365316559,70.62777,738.83
429,2,0.8475463,0.0281723383057522,38.22627,404.0092
430,1,0.31523117,0.0158358711999,40.553074,3459.0796
431,1,0.48239565,0.014082806490572,15.999188,3155.156
434,1,0.23253256,0.0191588918012559,16.476215,1608.5587
443,1,0.44392523,0.0136096501000879,7.608292,4313.077
445,1,0.6684058,0.018700309802729,87.57336,762.67505
447,1,0.6692759,0.0188305385379465,6.682879,1997.585
450,2,0.61903656,0.0260063711077934,9.924049,851.6177
451,1,0.39411476,0.0127767506808785,45.684544,1701.2908
454,1,0.30240378,0.0184968624959399,111.308716,863.61633
457,1,0.53462356,0.0136608904139998,21.65224,1465.6677
459,1,0.0,0.0128139832130802,15.893586,1753.6908
464,1,0.25417575,0.0088745721875367,23.2941,3788.7065
477,2,0.64194876,0.0275781986624272,15.044248,584.08923
478,1,0.40652758,0.015261418225667,27.619675,2361.1997
486,1,0.40643388,0.0137518492391167,40.257175,1531.9746
490,1,0.4303833,0.0197939419945827,17.4538,1150.6598
498,1,0.5926611,0.0170190405208192,20.273046,1851.3926
499,1,0.41298202,0.0069296659522155,27.273413,2474.2642
503,2,0.99588865,0.0258418444500689,18.699427,804.7715
509,1,0.37177792,0.0185027842826509,29.376339,1002.2595
515,1,0.4592857,0.0154524607962702,34.934772,1932.764
516,1,0.44325408,0.0163179562228744,23.387638,1255.1698
518,1,0.2048374,0.0078680225976982,13.557986,3186.1233
525,1,0.0,0.0071396336652908,10.458513,4965.1035
527,2,0.59786206,0.019824811893025,11.189045,1166.2592
532,1,0.49664712,0.0192934497621856,13.015724,2869.344
533,1,1.1866536,0.0212031009705673,47.1223,892.01337
536,1,0.31898677,0.0056269869262482,8.08378,4110.5444
542,2,1.1457661,0.027710849648755,69.58533,481.06982
544,2,0.88775665,0.0281348189121203,30.561274,568.252
548,2,0.79630965,0.0214936822006046,33.263733,720.9136
552,1,0.0,0.0276388732448018,10.807272,841.9329
559,1,0.0,0.0159665278261857,10.998882,1595.5239
560,1,0.0,0.0085161487358551,12.302172,4412.6504
561,1,0.32336596,0.0123863148300375,15.144321,4722.2876
562,1,0.37764886,0.0128463126446263,74.383995,1754.0548
565,1,1.3208382,0.0164016897600844,14.313315,2269.9963
568,2,1.0886257,0.0237843249742466,190.3643,547.0052
570,1,0.3952649,0.0178256195711716,108.473495,918.9236
577,1,0.5196566,0.0157620797022454,20.299698,1692.8757
593,1,0.1746383,0.0097461467164185,11.924552,4728.3066
595,1,0.26182884,0.0131458372229149,32.310226,1664.4768
597,2,0.0,0.0230782476743498,16.832548,827.5641
598,1,0.26876882,0.0202443516380856,46.64856,825.96063
600,2,0.7228722,0.019122830902242,88.283325,696.5675
606,1,0.54263616,0.0179838519255675,15.464209,2713.5815
612,2,0.93472654,0.0221589243260007,129.47285,823.1508
615,1,0.5888169,0.0035095917199944,9.151814,2952.3733
619,1,0.47050664,0.0157263165482355,186.9741,1273.8538
623,1,0.19634141,0.0140643586360132,14.314509,4122.56
624,1,0.3215453,0.0101582162676902,15.263435,3245.782
630,1,0.3577122,0.0220176400635608,12.184264,2038.0245
648,2,0.5932702,0.0259554460603731,8.340703,763.17163
650,1,0.18968205,0.0140077637008035,25.575588,2406.3828
655,2,1.0305789,0.0210963491068239,82.76316,1183.5239
657,2,0.50161135,0.0286512677497884,13.145168,1331.9689
662,2,0.8123775,0.024871036348514,34.653217,718.24335
664,1,0.2789728,0.0145440294503936,17.05085,2064.3645
665,2,1.4741691,0.0286827494651866,48.60506,416.9963
666,2,1.2256252,0.0258585565438313,16.3935,666.3337
668,1,0.0,0.0139525649504756,15.277015,6626.783
669,1,0.0,0.0140412098258026,9.07293,3477.035
674,1,0.0,0.0114159533613909,12.82764,2164.9453
677,2,1.446969,0.0216294478259233,37.086666,802.0716
682,3,0.0,0.0178761568919216,6.523491,2312.1975
684,2,0.7612582,0.0231038997155912,178.35457,541.66
685,1,0.40585074,0.0137401132056388,20.565123,2228.3235
688,1,0.34247074,0.0122324351586538,37.684334,3128.7134
689,1,0.9990194,0.0203664361016693,144.56494,894.7909
699,1,0.0,0.0174699248736704,10.842164,2012.2163
702,1,0.37784892,0.0183103685610523,20.77289,3718.1204
712,1,0.6883588,0.0164810396976605,30.243114,2064.514
715,1,0.39346272,0.0098094931947957,29.483458,2758.1921
720,2,0.72612786,0.029238386879503,13.837252,520.6228
722,2,0.9467097,0.0261619332288895,71.458046,558.3656
734,1,0.3119648,0.0119528477283636,16.780472,4077.7424
740,2,0.762726,0.017711035160175,17.523247,1326.2301
745,2,0.6396318,0.0253296674856674,99.72479,435.75806
746,2,0.3343844,0.030290111697213,8.541355,740.6769
747,2,1.2946417,0.027027327862231,37.786686,499.34387
748,1,0.0,0.0152531130757802,13.057512,2359.7244
750,2,1.397636,0.0243986929781149,10.988957,1757.0021
751,2,0.79860777,0.0241010875230503,15.3380375,1256.2445
756,1,0.42704675,0.0159300782355279,21.275236,2525.2727
759,2,0.5415614,0.0278035980251437,12.383144,507.34262
760,1,0.9286254,0.0058216670131296,7.786442,2859.8718
765,2,0.6982317,0.019738602602815,42.07726,1003.4206
772,1,0.7634931,0.0198210186956738,6.515493,1228.7161
774,2,0.11975377,0.0204703319900874,12.047947,1146.6658
775,2,1.9569927,0.0216772612712622,65.609764,659.24646
784,1,0.42600566,0.0149594135643363,114.103264,991.2757
786,1,0.22907557,0.0181240797363147,62.481247,1108.4604
788,2,0.60206705,0.0222654117510301,42.681274,821.4995
789,1,0.0,0.0110321633504118,10.176293,4053.6453
795,1,0.339896,0.0107583775925005,13.5763,4989.13
797,1,0.18630166,0.0154678255286923,33.77156,1956.6931
801,3,0.32150677,0.0155029308259934,26.185318,2401.4055
803,2,1.2927645,0.0253951079654126,27.983913,715.847
804,1,0.0,0.0158183798147935,7.5344915,3047.3254
805,1,0.34311378,0.0146234883243516,13.762308,2306.3877
807,2,0.5906184,0.026162732126917,87.510796,577.16125
808,1,0.5385098,0.01228290454702,19.615696,4283.616
811,2,0.50578916,0.0223118729292292,11.832921,1149.4149
818,1,0.30398265,0.0069403072147862,19.97706,2458.2747
828,1,0.0,0.0135713721953028,13.692459,4530.0303
829,1,0.27650476,0.0148903423874821,28.786041,1536.8129
834,2,0.8668572,0.0233788004829606,17.60633,683.9742
836,1,0.2502966,0.0080510194570269,29.822828,2403.4587
837,1,0.37611818,0.0127608125779792,43.3309,2114.8997
838,1,0.13397387,0.0117530560391516,25.883715,1991.3485
846,1,0.25915295,0.0167257180694219,23.235636,2267.7073
849,3,0.50662124,0.0191876350525371,251.5423,974.9004
850,1,0.57709557,0.0040945329753455,20.408197,5744.0986
856,1,0.35657355,0.0257454171298083,7.3219776,1382.7957
857,1,0.16917014,0.0162149448381617,39.788887,2694.6006
859,2,0.566969,0.0326395450773023,4.708267,769.55646
863,1,0.11748015,0.0119625094285424,26.636171,2018.0634
870,1,0.756446,0.01467540183402,41.50807,2300.3826
871,1,0.3705083,0.0121430718658733,35.272255,1804.0219
872,2,0.45325917,0.0313375927698169,37.897503,518.8951
874,1,0.27689254,0.015133431331571,24.080229,3175.7322
885,1,0.0,0.0041954265863059,7.1302943,5738.507
895,1,0.36951154,0.0137122646464562,29.252275,1584.5408
898,1,0.294744,0.0189775815517561,24.013233,2995.416
906,1,0.606509,0.0157420540904331,32.362617,1574.5503
907,1,0.2561892,0.0115387334474558,41.379913,2049.7812
909,1,0.45248845,0.0128393434051534,38.39438,2764.468
910,1,0.28728473,0.0160321165990378,80.157974,1068.8932
911,1,0.42507148,0.0196550294528865,103.37487,648.91846
914,1,0.4666982,0.0170465217236428,22.091341,2246.4998
918,2,0.5385262,0.0536194823889621,14.541455,557.9488
927,1,0.37161693,0.0078530830060156,41.110497,3181.5198
931,1,0.22241794,0.0125400098900271,27.491709,1869.5684
932,2,0.774464,0.0237773069680865,96.58291,505.48682
935,2,0.0,-0.0081092781881148,9.0145855,2916.9348
936,1,0.3893801,0.0208061762802981,40.958652,823.59485
942,2,1.4066836,0.0260626319924395,16.228243,806.30835
944,1,0.57424724,0.0181345386369976,27.571934,1293.8962
946,2,0.0,0.0207483400262176,13.70287,935.74445
950,1,0.29890013,0.0249135469870929,31.466127,759.78687
961,1,0.32500896,0.024598241647005,23.601128,735.90466
962,2,1.485231,0.0188055672136532,226.89351,639.8997
966,1,0.40870315,0.0116945864757914,19.917597,3604.52
969,2,0.81009763,0.0279198209259728,35.944412,497.6533
979,1,0.28027487,-0.0107721520347536,11.968086,5486.2495
981,1,0.0,0.0142868913372545,16.51842,8414.622
985,1,2.3227956,0.0178335370806461,12.106973,1520.9679
990,1,0.64083886,0.016751922376065,31.735037,1171.2002
993,1,0.47109926,0.0190983396032102,10.144218,1165.1022
998,1,0.0,0.0173568203537719,11.624699,1634.037
1010,1,0.22711313,0.0163397176291751,10.289222,2466.1465
1011,2,0.80116624,0.0304361651727085,36.64287,978.01514
1018,2,0.74268806,0.0239522800253244,24.111116,716.9914
1020,1,0.37426892,0.0176351601215595,20.307972,1549.1743
1029,2,0.8354504,0.0310060451201974,146.01923,381.35083
1035,1,0.3508254,0.0171292576538147,10.282987,1874.3735
1037,2,0.571608,0.024353650692387,61.02579,546.3514
1038,1,0.41186026,0.0231485344552945,21.75386,1406.3059
1046,1,0.5216299,0.0145599553861391,20.429445,1559.9371
1068,2,0.8784831,0.0263282870296109,24.166164,822.8525
1072,3,0.3426897,0.0313952086304182,13.377575,612.9544
1084,2,0.9584666,0.0272079764414483,19.908537,1130.8817
1085,1,0.27618846,0.0082408330304554,11.617396,5340.615
1090,2,0.7443865,0.0237114979140645,74.607,575.5654
1092,1,0.011470686,0.0123249154835409,57.874634,2089.1255
1093,1,0.32582438,0.0195304450487071,41.315685,1055.8533
1095,1,0.513291,0.019385660057045,32.571613,869.0331
1109,1,0.5516793,0.018580877896731,258.51013,873.59894
1115,1,0.23873256,0.0120150744817678,19.914165,2881.741
1116,1,0.13037063,0.0195382329428682,15.082256,1940.8285
1121,1,0.3936221,0.0129802082775688,21.231548,2769.053
1127,2,0.48724928,0.0256902296808886,44.64831,658.0166
1128,1,0.5156558,0.0170978712400452,47.29402,1927.4333
1129,1,0.24052568,0.0101393263013522,23.48558,1856.244
1130,1,0.56762815,0.0211099500692524,14.204053,1055.0642
1132,1,0.37968385,0.0227044104468878,9.0991745,989.2858
1133,1,0.40513188,0.0123529573689829,19.747355,3039.2334
1143,1,0.0,0.0188197703120469,11.815137,1962.6301
1148,1,0.29272628,0.0234468629024293,32.876137,750.52374
1153,1,0.19002491,0.0130517035918486,19.509777,1993.8114
1155,1,0.0,0.004090753957026,12.91811,6728.482
1159,1,0.1486964,0.0138542027967763,21.074654,2685.9055
1163,1,0.03679147,0.0128070221410808,9.450008,5041.8047
1166,2,0.6601595,0.0257122422386813,77.89479,435.50934
1170,2,0.6552725,0.0232010873422643,14.270526,983.7516
1184,1,0.23062599,0.0138318843126987,30.34222,1945.1829
1186,2,0.40893424,0.027087053681348,46.504147,518.4282
1187,2,1.1478361,0.0214272978900606,28.151424,1790.9221
1189,1,0.29368258,0.0129566649561326,180.19302,1638.016
1201,2,0.40446264,0.0321164581976035,56.70437,362.9587
1202,1,0.36292544,0.0196421322664043,11.58108,4492.4756
1213,2,0.47262236,0.0259521482838855,28.776577,521.2506
1215,2,0.4193569,0.021341442260405,247.8632,692.18915
1225,1,0.0,0.0186840658494241,17.336464,7180.868
1233,2,0.58392316,0.0242544035078078,111.60072,470.3668
1238,1,0.7299626,0.0148723107514181,8.66409,2413.4478
1241,1,0.0,0.0140721824805826,7.5825114,7255.873
1242,2,0.5023414,0.0311914596774754,7.4945703,836.69385
1243,1,0.2248146,0.0105861953712389,10.160359,3974.6125
1248,2,1.2714287,0.023851939441642,81.1929,860.49896
1249,1,0.05355176,0.0164437933909645,19.857424,4749.828
1256,1,0.4745475,0.0164250718459903,20.664488,4141.065
1262,1,0.4538875,0.018480916658601,11.571869,2239.4846
1263,1,0.0,0.0135124698130007,11.40915,3510.7053
1264,1,0.3309874,0.0061182020033324,32.16244,3794.9016
1266,2,0.4985989,0.0244693188386174,27.303608,1051.6042
1268,1,0.31197006,0.0077667687055121,68.68331,3785.2827
1276,2,0.5054677,0.0253600118529176,17.994814,930.51465
1277,1,0.57400674,0.0176369658122126,118.629745,1036.9147
1279,1,0.0,0.0149528736662508,9.482065,4614.7646
1282,2,1.6804475,0.0191940501286166,58.84804,1110.5452
1298,2,1.3912292,0.0219616825019705,75.04797,961.34717
1299,1,0.2900184,0.0106713966298139,32.84967,2438.0178
1303,1,0.08410534,0.0098205080298638,21.449156,2599.8071
1305,1,0.38787973,0.0195621910853157,66.86216,843.9112
1320,2,0.0,0.0247502885002584,15.130138,897.68317
1322,1,0.63675,0.0197157770553589,9.614018,3338.8547
1323,1,0.42126828,0.0148781068592599,135.02632,1565.2386
1339,2,0.21031582,0.0164146586250874,10.133104,2076.7922
1340,1,0.38820568,0.0168462519919637,7.855156,1530.7094
1342,1,0.72789097,0.0169281520062561,11.687562,1948.3816
1344,2,0.7200915,0.0213689683324845,93.77892,860.0025
1347,1,0.09590281,0.009778299652904,19.097061,2138.5198
1355,1,0.18835746,0.0159018985303232,17.091045,2621.1262
1360,2,0.33104116,0.0284235549857992,7.294941,939.1377
1364,2,1.0391853,0.0311648069294145,27.482376,698.3393
1370,1,1.732129,0.0196520842417793,75.35938,1016.3238
1372,2,0.5235435,0.0234362281618595,79.96186,625.76685
1381,2,0.44013086,0.023556248103888,59.144497,760.4456
1400,1,0.2717615,0.0113353274238639,14.119129,2607.9622
1401,2,0.7417449,0.0291774248040848,21.570189,281.0474
1402,1,0.14297648,0.0079892765112575,30.270435,4207.4043
1406,1,0.0,0.0114881901326683,20.878815,2184.4753
1410,1,0.75329214,0.0196540607869825,249.87148,653.401
1417,2,0.7851708,0.0317792177948688,49.626972,449.3913
1424,1,0.2482548,0.0157846049327643,25.662888,4575.322
1427,2,1.0177257,0.0322639485528144,12.975497,957.7873
1440,1,0.5816141,0.0108846911658061,76.43496,1981.5234
1467,1,0.24483563,0.0149097222008606,27.388674,1593.9229
1480,2,0.67327636,0.0338839921094914,22.582521,473.3806
1482,1,0.556782,0.0110245545068184,18.00206,2197.1323
1489,1,0.22191396,0.0112872606042005,28.699732,2395.201
1494,1,0.20942451,0.0149610045544161,22.978104,1655.1942
1508,1,0.0,0.0166337898552988,22.023596,3591.774
1509,2,0.76090306,0.0239791494626668,60.79063,713.85504
1513,2,0.04574248,0.0374212709901788,9.513901,819.5167
1514,2,0.22636685,0.0318120128032535,13.078906,581.13007
1515,1,0.47972074,0.01550313190394,31.036577,2987.4067
1518,1,0.2075906,0.0120248845198517,42.19593,2076.5833
1523,1,0.55482936,0.0146734571022595,16.044662,4187.8467
1533,1,0.31745616,0.0161840368347404,68.23372,1191.9451
1535,2,0.65885615,0.024330218267274,16.701574,835.253
1536,2,0.76043755,0.0243072401638586,32.646084,773.14886
1538,2,1.07923,0.0276352860350571,21.234486,464.88724
1549,1,0.0,0.0025987714582139,26.778605,3053.8494
1551,1,0.39377475,0.0211524139692304,15.486256,1229.1926
1557,2,0.5469602,0.0304972143711277,12.047324,939.27167
1563,1,0.40142262,0.0223049492581211,10.706359,1627.1892
1565,2,0.7484529,0.0249800841204047,11.582193,1055.1176
1568,1,0.19357546,0.0150243827992994,89.55751,1303.206
1581,1,0.5497792,0.0202254734570385,13.36516,2011.1968
1589,1,0.3822409,0.0153782748859073,46.907944,1772.5565
1591,1,0.24864615,0.0133343108434688,29.062435,2054.5532
1594,2,0.0,0.019830101352219,8.753725,1771.487
1610,1,0.0,-0.0019696110903446,6.8361025,4632.0435
1614,1,0.40684476,0.0138392266117486,58.99663,1761.3152
1621,1,0.44039777,0.0100652449955698,14.727509,3654.2031
1629,1,0.2351775,0.0164649211671611,28.905853,1351.7965
1633,1,0.6736696,0.0089157229206674,13.375583,3476.355
1634,1,0.0,0.0143015083886034,7.1709127,4480.7544
1637,3,0.19972272,0.0135411114229931,45.12229,2426.1682
1641,1,0.31236702,0.0181768201388101,26.967234,1236.1757
1643,1,1.0621176,0.0198102889682361,23.510777,1771.7241
1647,1,0.2395896,0.0110188254641453,103.309135,2064.887
1663,2,1.6312078,0.0232811324945605,26.559017,885.76697
1664,2,0.89864933,0.0311767257216469,29.423487,444.56415
1677,1,0.0,0.0088935009363927,17.985044,7899.9976
1684,2,1.0288708,0.0317644251124647,20.563713,628.9199
1688,2,0.86472374,0.0291454320244134,27.626427,1111.0568
1690,2,1.4640449,0.0188262735159794,52.55027,1062.681
1705,2,0.80918473,0.0270679137674761,34.907345,553.41064
1711,1,0.33767372,0.0087137008581434,38.209976,3248.945
1713,1,0.6162285,0.0043388942129863,15.98739,5578.7993
1720,1,0.43438935,0.0113331162510177,98.13947,2018.3262
1721,1,0.07100992,0.0157379564842313,21.621521,2141.426
1722,1,0.21830171,0.0136996766799135,19.517662,1531.9559
1731,1,0.3121306,0.0135033007647509,23.412285,1468.0398
1736,2,0.77240014,0.0199913296864506,40.131313,850.0899
1737,2,1.383717,0.0209705457609259,36.336643,938.8886
1744,2,0.49152738,0.0281547110581585,26.142519,1172.8663
1756,2,0.45133662,0.0298377927471048,12.054968,850.76794
1760,2,0.6067344,0.027356312954818,9.751144,880.9632
1763,1,0.0,0.0154532696649223,17.054016,2811.4155
1765,1,0.42806557,0.0171476858247391,94.476944,1033.9956
1772,2,0.7208718,0.0240174793972494,42.798534,687.1215
1773,1,0.50419235,0.0171415857684805,40.037594,1416.1589
1775,1,0.16390799,0.0170637842378322,21.515911,1338.9369
1777,1,0.66625804,0.0192882674858561,24.611385,1588.863
1790,1,0.112940684,0.0131300667603814,39.958965,1711.7299
1792,1,0.6127209,0.0141634888655012,41.689476,1316.024
1798,1,0.50500846,0.0166873196587597,30.333746,1935.0239
1800,1,0.4017481,-0.0089111244919974,13.369087,5906.1167
1803,2,0.8100294,0.0217981695289848,33.522633,979.7549
1804,1,0.36330625,0.0079679362898098,29.126858,3359.345
1805,2,0.7063997,0.0308003101387083,17.09506,727.67114
1811,1,0.38609183,0.0197254266041857,43.294113,863.3683
1817,2,1.0685992,0.0236435411003056,39.272427,591.90216
1826,2,0.919595,0.0243094548538073,23.24747,929.95215
1828,1,0.08075449,0.0138318021185975,59.528973,1470.1066
1831,1,0.12012008,0.0073879325635387,9.103139,3059.4285
1832,2,0.67964154,0.0198591487828754,92.253296,765.29
1834,1,0.0,0.016177878487825,15.572915,2380.5884
1838,2,0.52763784,0.0274596024252503,25.743517,480.37427
1839,1,0.34593248,0.0179075358690485,318.78537,1606.1707
1851,2,1.222705,0.0224179920086581,75.831154,597.1089
1860,2,0.5298519,0.0260181636140026,20.650263,1112.9417
1871,2,0.6193912,0.0230896293032177,134.91803,688.5124
1872,1,0.0,0.0097169593018639,15.722685,2242.509
1873,1,0.37042874,0.0185633088065563,28.018559,1521.0173
1876,1,0.43399435,0.0039779814618773,15.766313,6450.779
1878,1,0.0,0.0124867428401572,8.528998,2416.8494
1881,1,0.034755643,0.0125569121243056,5.0836277,2594.0796
1887,1,0.0,0.0124080054711755,6.3647194,2367.091
1891,1,0.020400073,0.0140391598234129,16.33907,2801.1086
1893,2,1.1357791,0.0224463215105998,30.680183,805.6224
1899,1,0.16597795,0.0162693475091641,19.618368,3272.6353
1903,1,0.33443576,0.0170889330707315,88.16355,1654.7288
1907,2,0.72932494,0.0251114502838858,107.73347,599.7917
1920,2,0.47869015,0.0323929208569149,12.911283,1178.2853
1922,2,0.931893,0.0191643275345835,11.868536,1740.0431
1923,2,1.5627581,0.0225113182432817,62.214603,634.7083
1927,1,0.0,0.0203146495566438,10.843475,2080.763
1934,1,0.32296655,0.0158312382887009,21.24519,6047.0054
1935,1,0.5259976,0.0216219939790457,11.237037,1442.6187
1941,1,0.36897314,0.0128204327032123,18.529352,2637.6602
1942,2,0.54658824,0.0393924970650233,17.299553,465.77213
1946,1,0.74971753,0.0138995095077681,51.73621,1888.5891
1949,1,0.7203461,0.0219481061424856,21.965317,2081.761
1950,1,0.0,0.0178888087562766,11.926907,2900.7522
1956,1,0.6139883,0.0208387497036004,9.031821,1143.3765
1957,2,0.7153295,0.0207977876157802,25.254816,1136.637
1963,1,0.16959333,0.016136790300061,10.466968,2424.9937
1966,1,0.5483549,0.0191070977686758,11.337212,2678.8457
1972,2,0.77612275,0.0248668171363821,32.13813,896.3043
1983,1,0.1664859,0.017036939267542,44.90694,1087.1627
1991,1,0.21235807,0.0190593416792571,41.87455,1044.7502
1993,1,0.30912825,0.0162235408588681,52.797146,1116.0048
2000,1,0.17551117,0.0192842105636962,45.08811,1146.4551
2006,1,0.26344785,0.0159491104788516,18.425447,1303.8625
2007,1,0.45463592,0.0151910582288536,14.185967,4711.216
2016,1,0.6078053,0.0182554996194343,15.122711,1363.8147
2018,1,0.0,0.0174083734248938,4.354326,2409.0889
2019,1,0.6969452,0.013331729301243,17.367416,3424.3276
2021,1,0.0,0.0177063105573079,13.654581,2396.0388
2026,2,0.29207584,0.0158285760604252,30.648434,2013.3102
2029,1,0.3553791,0.0087637684529811,26.133951,3626.4182
2034,2,0.674774,0.0252094856015436,19.368418,604.53705
2036,2,1.115916,0.0309807918239354,11.910328,388.74786
2037,1,0.18062872,0.0133066355890628,62.330997,1659.1713
2039,1,0.27671677,0.0183780913889359,10.71027,2449.1992
2046,1,0.50635517,0.0193007818298266,35.12758,1173.8939
2051,2,0.8346359,0.0211846086588637,127.96069,638.7271
2057,2,0.7958577,0.0200913933379175,46.2827,834.84247
2060,1,0.38346556,0.01367886456903,105.44142,1325.8129
2065,1,0.09571378,0.0136596292029766,68.88323,1725.0938
2067,1,0.5508418,0.017499693398327,72.8428,1261.7032
2074,1,0.3713503,0.0173198255801842,11.851293,2282.9924
2079,1,0.40881318,0.0163795891418624,32.128048,1425.1322
2081,1,0.0,0.0082121769210597,9.457214,4643.6143
2083,1,0.3933462,0.0198441292305342,54.69822,960.60803
2085,2,0.0,0.0210328532564511,5.2509675,1660.4757
2089,1,0.2717291,0.0156375752193275,44.93436,1250.847
2090,1,0.5283747,0.0117810530209464,44.322044,2137.5396
2093,1,0.0,0.006697306376323,14.360656,2533.3125
2096,1,0.0,0.0088512266695656,10.344735,4160.2046
2097,1,0.19242166,0.0162487518425235,39.74739,1265.1254
2098,1,0.23783113,0.0179121586688569,123.624344,805.6974
2099,1,0.46947223,0.0218109638430363,10.847583,2194.0493
2102,1,0.0,0.0096100456998925,11.487505,2149.9285
2103,1,0.0,0.0129877794920881,10.357139,5915.091
2107,1,0.30785987,0.0198734062012811,16.016642,1733.3641
2121,1,0.21624064,0.0244122667802183,12.001809,888.4054
2127,2,0.27313384,0.0232290448186903,24.357399,782.50916
2129,1,0.0,0.017828404718479,23.845493,1503.9662
2131,1,0.35440448,0.0155759507295112,102.10135,1146.164
2136,1,0.3497218,-0.0036420766180839,16.54088,4017.0173
2142,1,0.0,0.0129565851989206,6.2785883,4871.977
2147,1,0.19258821,0.0166247671511549,11.9816885,2011.6924
2158,2,1.7242976,0.0286290833083699,41.470356,598.9155
2161,1,0.4866774,0.0219072798069178,78.87547,590.86707
2164,1,0.69299436,0.0203994661078079,20.415203,1220.0295
2169,2,0.37168708,0.0224425929320656,22.861046,706.8989
2171,1,0.33763137,0.0200461878847626,14.421297,1342.1178
2175,1,0.46496135,0.0208086285575736,8.153221,2072.5503
2194,1,0.19769627,0.0121720024508711,20.394627,1757.0621
2195,2,1.0681512,0.0219059777502343,47.70662,611.017
2202,1,0.33282,0.0069155579251851,38.432007,3503.839
2203,2,1.0108045,0.0423998449695335,73.21124,388.3529
2205,1,0.0,0.0079147169922264,9.137579,4496.9375
2213,1,0.30322278,0.0149314283653998,37.773808,1258.8734
2216,1,0.102225326,0.0166997509136634,44.07962,1630.0175
2224,1,0.23009552,0.0156497014669463,38.479702,2714.001
2226,1,0.33736137,0.0130082394981993,20.82915,4666.9316
2228,1,0.3215998,0.0213025088928363,20.041275,1326.2517
2233,1,0.0,0.0118501585300375,16.33451,2406.0278
2237,1,0.31459257,0.0117959915526165,25.395576,2267.128
2240,1,0.22590582,0.0108674947532471,14.502377,2289.5947
2244,1,0.64444256,0.0198588084528981,37.701553,1490.4508
2246,2,0.8329821,0.0226673685817651,53.00068,624.2219
2253,1,0.37209037,0.0191087884180573,26.415112,955.14465
2258,2,0.275591,0.0201321063890911,8.996871,1121.6204
2269,1,0.24224913,0.0082531404051448,17.51718,2268.0046
2271,1,0.51589274,0.020578050003001,108.08605,718.81854
2276,2,0.3002838,0.0251684680176934,13.462445,909.9999
2280,1,0.16433287,0.0162580173629141,62.685207,1057.801
2281,1,0.28178605,0.0174933250883866,16.496159,2525.6794
2285,1,0.0,0.0199525272052322,6.347662,1468.5795
2287,2,0.68894386,0.0250226710420231,17.154495,801.4267
2288,1,0.44335532,0.0117272086179942,12.181055,5489.4756
2308,1,0.0,0.0142142176085545,5.3237705,2339.5806
2311,1,0.39182055,0.0187187360603667,42.528454,1075.4205
2323,2,0.0,0.0192522587406555,11.769186,1605.7522
2326,1,0.30907062,0.0095997042959729,35.320652,2341.6575
2331,1,0.7825707,0.0151779238963047,21.688337,1644.3534
2339,1,0.24871965,0.012757799440259,21.675596,3477.0518
2341,2,1.0277808,0.0266421376110665,42.802067,995.7679
2342,1,0.27870715,0.015987052964066,30.902176,1672.1273
2343,2,0.32429805,0.0216775452608565,60.772793,683.06116
2344,1,0.0,0.0163655122135021,7.1640835,3990.2354
2348,1,0.18387356,0.0137470336549472,44.079483,2207.259
2350,1,0.6117055,0.0134767812481995,16.825396,2328.0774
2364,1,0.49737743,0.0079789284676973,8.358484,6918.5303
2373,1,0.18702859,0.0119501009009277,61.32,1594.3237
2376,2,0.59832084,0.0249983859008323,18.511412,782.5557
2380,1,0.0,0.0088460537676843,8.571514,7355.828
2390,2,0.9703142,0.0250117763588146,69.09253,1211.0056
2393,2,0.9289996,0.0226748196654007,107.42688,605.3166
2395,1,0.53962135,0.0142943192548309,15.470137,2301.237
2397,2,0.5187671,0.01768048875976,24.831177,1484.769
2404,2,0.42126507,0.0209698139555205,31.86828,1033.4694
2408,1,0.22024807,0.0131063694104922,12.358333,3711.9106
2409,1,0.25277823,0.0170426018086614,14.604819,1660.3705
2411,1,0.40807182,0.0155980186299365,9.204538,3023.3767
2413,2,1.0000772,0.0270747334443044,13.585436,789.3817
2420,1,0.4801342,0.0134060099178829,14.127581,2774.27
2424,1,0.4227319,0.0185389561193732,37.131557,1260.5793
2427,1,0.0,0.0258701192662645,7.631705,868.57513
2429,1,0.6525973,0.0168547659314644,40.072815,1510.7345
2432,1,0.73384476,0.0142197700068392,11.394455,1559.5995
2439,3,0.38614786,0.0208528997811807,25.003729,940.68304
2441,2,1.1696975,0.0265515624342368,24.450735,613.45593
2447,1,0.3210833,0.0206892081030116,15.427487,1130.2739
2450,1,0.0,0.0178367778713144,15.407728,4584.958
2454,1,0.4612455,-0.0029136592318837,16.599703,3950.146
2455,1,0.0914069,0.01349330042616,12.376102,2150.897
2465,1,0.5347828,0.009616109195551,14.326554,5752.33
2468,2,0.7117105,0.0250634093480231,26.106943,582.6046
2471,1,0.39397636,0.027304123213659,13.644668,915.2231
2473,1,0.44500613,0.0172783503159564,7.4689765,2826.892
2475,1,0.6977792,0.0183899758047251,27.802893,941.3066
2491,2,0.568162,0.0257454315556481,48.67475,516.68756
2494,1,0.28371525,0.0110199543856783,33.391163,2311.738
2506,1,0.44135174,0.0156820522831128,12.737674,2087.9905
2507,1,0.20691285,0.0172341125617604,21.571068,2211.8384
2518,1,0.5228723,0.0062430953257709,7.8303056,3342.52
2520,1,0.23838598,0.0130882945569494,62.957996,1431.3417
2525,1,0.0,0.000934383243743,16.243816,5783.5776
2529,1,0.54644895,0.0166525488330799,4.1294956,1887.5258
2534,2,0.0,0.0225853031877846,8.956284,1496.1675
2536,2,0.6553747,0.0265458769236804,26.74015,526.1724
2538,2,0.6200512,0.0275629053355329,22.794302,525.61847
2539,2,0.07035547,0.0168778087348504,210.69171,809.3663
2543,2,0.85512716,0.0308902033241163,21.080597,865.77124
2545,2,0.36268443,0.0252711721264305,12.473578,646.40515
2547,3,0.0,0.0148516279383484,6.3284187,2481.7417
2548,2,0.40097106,0.0281177569592802,12.656609,593.81616
2551,1,0.82516885,0.0200934559043239,137.74771,698.45703
2557,1,0.053820014,0.0315433744831475,7.0520597,800.6824
2561,1,0.8785402,0.0216354553914429,33.293285,994.76086
2566,1,0.0,0.0142679393366897,12.609257,4742.5645
2573,1,0.24010059,0.020358582290403,10.118636,1344.2725
2576,1,0.0,0.0112809429993428,10.345217,6240.046
2578,2,0.9485233,0.0232551897491954,66.50545,625.19653
2581,1,0.0,0.0129004363390254,14.274531,4314.1636
2583,2,0.83485645,0.0262011906492281,32.438484,660.6185
2585,1,0.4857745,0.0188006701650849,31.332073,1136.7112
2592,1,0.2170026,0.0199319203853224,12.157741,1892.5978
2596,1,0.46675447,0.012637706788574,26.93348,5920.5435
2605,1,0.44052556,0.0153284431274797,34.563465,1393.8301
2606,1,0.3641759,0.0082752346550897,18.047733,2750.0564
2607,2,0.6936605,0.0229047179992601,59.64281,634.4398
2611,2,0.5127019,0.0243473509858493,20.739805,857.37195
2615,2,0.30031016,0.0297036000886901,13.421348,579.12103
2618,1,0.24773736,0.0132858168773331,177.83748,1051.6537
2635,1,0.41600358,0.0172741175407415,13.989779,2564.6714
2638,2,0.6333591,0.0272778415629374,32.416737,607.44556
2640,2,0.7030746,0.0273205842643933,23.088705,610.844
2644,1,0.3605365,0.0131285233415529,18.810661,2086.91
2648,1,0.5008257,0.0171685630156188,26.326113,1189.0608
2661,1,0.0,0.0213172603662702,12.193177,1533.5089
2662,1,0.20712155,0.0123493820183905,24.810518,2047.6166
2664,2,1.633365,0.0262665479652958,48.510708,518.23755
2665,2,0.35621962,0.0305231344559796,7.0722704,603.2139
2668,1,0.21939443,0.0114257687837654,8.691513,4953.972
2669,1,0.4277097,0.0097864545124502,34.772873,2829.1873
2670,2,1.2914909,0.0251510077764171,20.477503,675.382
2674,1,0.28526494,0.0230499433198823,14.271237,899.662
2678,1,0.5589465,0.0132993563714141,37.30838,1651.4935
2679,1,0.0,0.0102296598125199,39.38044,2446.557
2682,1,0.12860432,0.0143087925052132,23.519194,2907.8708
2697,1,0.27641544,0.0070050683911009,21.419384,3004.5415
2700,1,0.07594041,0.010544008585253,47.201523,2163.9343
2702,2,0.62269676,0.0245218458173565,20.569586,1113.1394
2707,1,0.38281065,0.0164879248148707,13.582955,1747.7549
2708,2,0.51081514,0.0226791080554275,38.705544,583.9268
2709,1,0.22153503,0.0091259905862397,29.776564,2940.9321
2712,2,0.65816116,0.0206851397146568,100.98823,1246.2073
2732,2,0.7685406,0.0204925051637707,23.947119,1336.6062
2733,2,0.68293077,0.0252008736427088,37.874607,750.4781
2734,1,0.2769032,0.011054745182263,79.41844,2382.347
2746,1,0.90141857,0.0195148536083753,22.740902,1924.5521
2747,1,0.0,0.0065838238298381,9.349051,4161.6177
2753,1,0.0,0.0102370169684259,12.557535,2924.5571
2758,1,0.0,0.0133956845468084,6.0618367,4677.7803
2775,1,0.8018389,0.020848703069306,16.755781,2215.7573
2778,1,0.2988105,0.0129400877791631,10.417295,4945.0264
2783,2,1.0434148,0.0225021561285951,190.04185,755.2748
2787,1,0.15858153,0.0196154833798824,19.870935,1431.7568
2789,1,0.9723449,0.0217055531952843,12.270943,947.65704
2793,2,1.4830459,0.0293747305433823,19.295551,540.51935
2801,1,0.28012896,0.0064282236971843,11.142923,2882.9094
2803,1,0.20703888,0.0168631177807677,13.042036,3455.4495
2805,1,0.41379288,0.0141649284790591,21.469519,3069.437
2809,1,0.18917221,0.0185481296902594,43.42405,1470.7095
2811,1,0.3800077,0.0079706502088457,15.366472,3957.0613
2820,2,0.8991984,0.0298212618747936,27.088892,957.25256
2823,2,0.45786315,0.0261315738114217,13.911331,767.8556
2825,1,0.49459955,0.0104725324849288,22.48182,2588.0261
2831,1,0.4079882,0.021133793909581,102.241646,792.84906
2832,2,0.92460024,0.0229470421020593,17.039724,1177.4685
2833,1,1.3247846,0.0178585121382764,36.040447,1111.3962
2834,1,0.91570747,0.0201164643677339,39.804134,1031.6898
2835,1,0.296434,0.0149430817277333,101.08075,1108.5087
2837,1,0.2609811,0.0179500363837444,78.21619,862.7913
2843,1,0.1310058,0.0081290367949124,21.20326,2920.1072
2845,1,0.24126175,0.0121362978490326,17.506063,3819.0325
2858,2,0.9392671,0.0252771519562067,37.857166,556.6979
2860,1,0.18411435,0.0115088188738928,20.787718,6261.03
2861,1,0.64150304,0.0171639441493795,82.22847,1311.156
2864,1,0.60236174,0.0170744686314743,16.022617,1785.4413
2865,1,0.27106196,0.0129915674919106,363.7002,1328.1703
2874,2,0.5764798,0.0228357519470182,29.081606,704.76276
2881,2,0.61833185,0.0325304735197807,31.032867,559.5918
2882,1,0.23439443,0.0149953952576087,22.331364,2728.5947
2883,2,0.0,0.0272537478169093,6.043629,1444.9559
2884,1,0.0,0.0116029206674129,24.965721,1951.4752
2888,1,0.0,0.0131997411949843,17.882582,3335.4128
2893,1,0.25668183,0.010867349101215,21.775673,2311.6055
2896,1,0.6782054,0.0133187000525983,16.916739,2666.1008
2897,1,0.0,0.0113289226140437,7.290803,3208.5967
2908,2,0.6980948,0.0281720026590066,16.786146,479.832
2922,1,0.49377972,0.0134133784288242,49.458336,2152.0422
2926,1,0.30716684,0.0158281606574512,15.104761,1982.1498
2930,1,0.20994478,0.012079397199999,38.53476,1790.6028
2932,2,0.6944949,0.0276389530191706,9.802293,1202.072
2934,2,0.31375253,0.0327563152224164,12.755002,445.40497
2944,1,0.1396945,0.0088432480548876,59.176388,2582.7122
2946,2,0.82921433,0.0247029749683801,42.452316,700.3198
2958,2,0.16438574,0.0233772556019948,16.303097,1297.8593
2967,1,0.0,0.01700469835147,7.2478166,2471.829
2968,1,0.37522364,0.009086070413391,26.583076,2640.3533
2971,1,0.26129133,0.0086981610372712,18.734795,2293.9688
2976,1,0.85774606,0.0144840038600441,18.131557,3993.0896
2977,2,0.6345545,0.0203254946099841,20.578156,1148.3264
2981,2,1.2486922,0.0213272727440852,106.328865,633.77966
2983,2,0.58790624,0.0273875271421972,19.6403,558.2598
2985,2,0.5937584,0.021107596580583,36.4066,803.53687
2987,2,0.7457146,0.0215827886865083,35.778862,794.0129
2990,1,0.5016904,0.0087782815793084,11.250992,3048.6758
2992,1,0.8125625,0.0188689821096202,14.333831,2398.3438
2996,2,1.3671062,0.0299041765004307,37.265625,627.79456
3003,2,0.6813509,0.026509782372523,43.45363,617.6184
3005,1,0.2691905,0.0185065750304386,16.481068,2209.169
3011,1,0.10394934,0.0181871236998312,62.926144,840.2938
3018,1,0.54587007,0.019492066598583,12.437306,1524.9645
3020,2,0.77752554,0.0284538698906859,6.0593762,871.7617
3022,2,0.85312563,0.0260953311358339,25.193707,454.88528
3024,1,0.3174671,0.0129619594203051,30.157938,3961.2974
3025,1,0.26164818,0.0129236051380481,53.82692,2579.5305
3042,1,0.49468604,0.0155982825368319,10.650318,3340.4753
3043,1,0.1821288,0.0205705779739448,20.880785,1162.1898
3045,1,0.669603,0.0150051460315035,22.595457,1383.3735
3048,3,0.0,0.0142922021618544,14.792193,2716.5637
3052,2,0.5714975,0.0336189493456205,5.6845307,385.26105
3053,2,0.894961,0.0361124797662128,12.261848,867.25604
3059,2,0.0,0.0245121174875115,6.414719,1220.5951
3060,2,0.56497073,0.0248501786805467,115.44356,557.2389
3061,1,0.35030994,0.0200219098570001,54.319763,775.72235
3065,2,0.9625273,0.0279932117094352,20.716358,596.42163
3067,2,0.78027546,0.0324043647327362,6.26143,396.9778
3069,3,0.0,0.0149989641527892,11.776125,2667.928
3071,1,0.0,0.0186966055170134,5.5012627,1772.2466
3073,1,0.0,0.0161023792076166,6.6313977,4080.2454
3077,1,0.19772124,0.0191358701999481,40.491962,1056.6067
3078,1,0.25485477,0.0094018687049225,67.82402,1952.1598
3085,1,0.36869445,0.0133385013080068,17.30912,2525.8962
3086,1,0.20725293,0.0113361295193304,39.58166,2157.8865
3091,2,0.78863287,0.0240807959329748,38.79202,628.7818
3097,2,1.5007352,0.0223803588320668,43.25314,671.13324
3103,1,0.39844748,0.0136614665922306,17.227545,4124.1523
3104,2,0.42296943,0.015962229002551,17.253815,2262.4387
3106,1,0.34727186,0.014593218403329,34.976906,1615.489
3111,1,0.45358396,0.0106220409606327,14.490264,4226.384
3114,1,0.3938742,0.0158875766935958,8.611886,2922.9556
3117,1,0.17471595,0.0155578860168753,13.037053,3406.7798
3122,2,0.66817856,0.0257066351696159,21.212458,899.54395
3126,1,0.32377204,0.0059408529176875,13.307058,3483.1316
3129,2,0.34601662,0.0259327004653445,35.388588,874.2371
3130,2,0.9893492,0.020183370010628,241.15784,607.85724
3131,1,0.45530063,0.0072047801634595,14.321377,2803.99
3133,1,0.5848105,0.0238409695054442,11.794817,887.0756
3142,1,0.18679948,0.0218201723530087,10.218987,1601.9933
3145,1,0.2179164,0.0160314244051811,40.037365,1222.1594
3147,1,0.35816926,0.0151493518731071,19.66594,4306.3228
3155,1,0.40599918,0.014202810367273,12.369127,5835.3857
3156,1,0.5652584,0.0098564484990301,25.16733,2336.567
3163,2,0.48779157,0.0242860145091224,20.105742,838.85364
3172,1,0.5188087,0.0177758356484297,13.2828045,2778.0757
3185,2,0.6336336,0.0270741385254527,49.156372,453.43716
3189,1,0.1574427,0.0130052698084419,30.014484,2369.7493
3192,2,0.0,0.0119401966863931,5.331422,2820.8264
3193,2,0.90604067,0.0244104015786927,20.487,893.86127
3205,1,0.0,0.0124432362180583,9.84071,3030.8818
3209,1,0.27075753,0.0144528199803759,16.837374,2108.161
3211,1,0.4075422,0.0083572172410102,14.448824,5515.1465
3215,2,0.0,0.0265884244887335,19.206123,715.1247
3217,1,0.110798456,0.021832919528839,9.2392235,2457.837
3223,2,0.9911865,0.0245523597579466,23.351831,902.414
3224,1,0.31508085,0.0146838112424963,20.27409,3040.7847
3225,1,0.4650473,0.0111330776101627,15.600673,3708.8743
3226,1,0.7340604,0.0214925566464347,14.100859,1194.175
3230,1,0.17078382,0.0161907964974057,7.7341638,4033.5283
3231,1,0.3002559,0.018926829466632,15.123641,2233.3303
3236,2,0.4516601,0.0373192006765011,8.677343,624.07324
3243,1,0.35229808,0.0148475508524444,150.38737,1300.0087
3244,1,0.565193,0.0247958681207776,13.355201,1485.571
3246,1,0.5423511,0.0176219259567139,45.294125,1254.1093
3249,1,0.3715032,0.0167140064780052,14.030116,1534.3861
3251,1,0.32786328,0.0144680420099713,17.006443,3216.9136
3254,2,0.60189843,0.0346720925190812,5.1906567,721.1092
3257,2,0.7654774,0.0232695671331893,77.17368,754.2908
3258,1,0.47609606,0.0156516706284106,21.226305,1485.0393
3264,1,0.2757673,0.0111925679233176,90.58414,2509.471
3266,1,0.37616107,0.018365143397062,85.730865,795.1773
3269,2,0.55584997,0.0334311250983546,31.54034,495.0314
3271,1,0.0,0.0253845565276093,7.099082,551.05347
3273,1,0.0,0.0140933433107614,11.107328,6201.4272
3275,1,0.31316486,0.0208836558543362,42.26156,917.5763
3277,2,0.680231,0.0270664444101541,28.353697,750.48376
3281,1,0.9014628,0.0139890642265795,37.964783,1588.2869
3285,2,1.4092293,0.0239724581425572,205.53326,436.4208
3286,1,0.08967542,0.0217614389423047,23.599022,697.6643
3298,1,0.5484568,0.0125106710925457,19.967072,2641.3855
3300,1,0.7185058,0.0107559570375282,6.9158916,5464.764
3307,2,0.72016776,0.028957406350071,17.616346,888.4828
3309,2,1.0074621,0.0328224684121047,135.40009,370.4004
3314,1,0.8513268,0.0175998604842119,110.65716,806.53516
3316,3,0.12679616,0.0175917028829458,46.983215,1142.0322
3320,1,0.22093618,0.0139532716388426,13.815763,4672.042
3321,1,0.3421369,0.0072657481436326,17.027428,3648.34
3324,1,0.65963006,0.0150563075832604,53.16975,1425.8414
3328,2,0.2288926,0.021081702662355,18.081593,1356.745
3332,1,0.17280786,0.0173909165478433,12.506087,1508.8757
3341,3,0.11683269,0.0226374109043881,7.7947173,1731.3464
3344,1,0.3754975,0.0220449851621322,13.902496,1561.091
3345,1,0.34883785,0.0171503430134743,23.37387,1213.0328
3346,2,0.7497755,0.0289481831022694,20.269619,451.16776
3347,1,0.26253274,0.0180945138646821,12.345967,1231.6323
3348,2,0.8620972,0.0245427432878977,106.846344,534.4775
3358,1,0.3312882,-0.0041732088182176,16.012419,2804.4773
3363,1,0.19964918,0.0089111855750609,12.310832,3572.6338
3367,1,0.09017507,0.0102096487735329,78.55666,1697.539
3374,1,0.3194373,0.0144109117627299,21.628801,1764.6025
3377,1,0.32809278,0.018309775415494,12.347789,1276.735
3379,2,0.5674401,0.0236985370740784,124.39673,690.2838
3380,1,0.27712485,0.0056798452589953,16.277449,3142.15
3381,1,0.18385848,0.0141312661346198,145.04639,1146.8175
3388,1,0.11153602,0.0167835465087043,15.851638,2659.0615
3392,1,0.5810739,0.0143148758791812,8.149824,2480.7297
3397,1,0.2163253,0.016694630165577,101.98539,1170.6356
3400,1,0.16395704,0.0162350187735134,25.450785,2054.1326
3401,1,0.47100154,0.0127006084805335,28.29541,1785.2908
3404,1,0.40283877,0.0119848896272972,22.536194,2253.968
3407,1,0.07757526,0.0247534573940141,10.329673,1202.6986
3408,2,0.6746724,0.0336806614121743,9.8728,498.31003
3411,2,0.8876849,0.0234279319462328,319.28165,980.92523
3412,1,0.16234548,0.0155839849421916,26.823055,2530.7998
3417,1,0.36255088,0.012203675010624,25.64081,1591.5989
3419,2,0.74292475,0.022087138936441,48.383648,753.13806
3420,1,0.25233075,0.0053747883204416,10.52666,2851.5862
3423,2,0.8662479,0.0227118043829796,28.150171,723.6823
3426,2,0.8968133,0.0239147733321536,40.925606,902.6272
3430,1,0.793037,0.0233581617796484,24.284006,880.96344
3431,1,0.37222525,0.0177033473286582,20.795622,2041.68
3434,2,0.39199525,0.0287635513208872,19.57476,399.76562
3447,1,0.55909854,0.0190324658781872,53.966095,872.7882
3449,2,0.8651906,0.0161748697026127,13.270989,1852.9785
3452,1,0.48715195,0.0132089102655906,22.684422,1857.938
3453,1,0.36498377,0.0123406205326768,56.070625,1923.4457
3461,1,0.16762443,0.0189509011880212,18.139769,1658.6356
3466,3,0.18971638,0.0121498331264784,15.015602,1772.683
3469,1,0.18317553,0.0144493819289348,46.387486,2897.2393
3472,2,0.78523743,0.0235438696969084,43.740093,703.0697
3477,1,0.16918282,0.012378319251426,57.85807,1403.2875
3480,1,0.0,0.0177362925694582,19.134396,1507.8235
3483,1,0.27028117,0.0171964350167894,15.775237,2660.3687
3484,2,1.0411584,0.0201514351078069,53.728268,1606.9875
3489,2,0.65121096,0.024429720868635,11.452998,1898.0092
3495,1,0.67677516,0.014281739365016,48.61807,1320.6333
3500,1,0.07234623,0.0113189223843861,22.006552,3993.6094
3501,2,0.7436978,0.0249063832971231,49.87276,843.6533
3506,1,0.2422978,0.0149967664923513,46.23556,1244.4479
3507,1,0.37501478,0.0154433128426124,18.640816,6033.942
3508,1,0.8561637,0.023002755665364,31.434862,1350.1145
3510,1,0.27169064,0.0021581478348224,11.936917,3830.6277
3512,1,0.75521266,0.0102758840623863,19.536144,2084.631
3515,2,0.8709777,0.0219642487433486,58.689003,883.6266
3521,2,0.9732856,0.0241042630863221,18.09879,893.33545
3539,2,0.5892943,0.0228372488955742,57.50342,710.24304
3542,2,1.2694988,0.0204280482791044,10.235977,994.07556
3552,1,0.37775537,0.0083788559375285,20.233543,2580.1733
3556,2,0.8756091,0.0278114461881486,13.004804,687.14667
3561,1,0.0,-0.0028832528576806,6.43094,4090.5767
3570,1,0.6571597,0.0205738231009841,46.341568,1044.0303
3571,2,0.6218688,0.0261756287378286,32.574963,772.1839
3573,1,0.0,0.0126050710470701,4.562377,4780.0884
3575,1,0.22921793,0.0156286512455002,19.904634,5522.844
3578,1,0.82508403,0.0246322185714081,54.115337,913.23663
3584,1,0.40284938,0.0108339247033094,20.73729,2300.0227
3586,1,0.18013245,0.010355074121797,16.878498,1815.3651
3592,1,0.3147567,0.0122181155205798,9.951668,4272.0
3593,1,0.7553701,0.0258218835052824,12.031047,1488.2147
3598,2,1.2215457,0.0310763058474272,55.11693,617.1745
3599,2,0.78440094,0.0273664248205852,7.4884744,877.4663
3600,2,0.78820336,0.0250704179454114,54.645515,1058.6018
3603,2,0.51188785,0.0215987717822119,19.957851,900.3457
3605,2,0.79002714,0.0217264666180115,36.61208,951.94543
3612,1,0.62930804,0.0132109953228638,16.854095,3349.9612
3617,1,0.35425103,0.0051886419747431,9.387276,2501.504
3624,2,0.5902839,0.0237861650453173,54.45285,763.96344
3631,1,0.48820335,0.0157299422016562,16.886013,2987.2012
3638,1,0.25771642,0.0073757746291959,12.710141,6725.7256
3639,1,0.3426789,0.0157469620524718,13.167476,2509.4976
3645,2,1.3709224,0.0294508285873848,9.400273,660.2563
3648,2,0.4336044,0.0153768631366382,12.902141,2793.079
3653,2,0.4908882,0.024682110683113,16.000544,1147.5299
3655,2,0.83119565,0.0186345413043327,44.361946,946.0958
3660,2,0.76957214,0.0227437607680269,170.95378,513.87646
3663,2,0.8996664,0.0245301028608979,23.825872,773.082
3666,3,0.0,0.0200582243349888,24.854147,1740.3789
3670,1,0.2580249,0.0126949085316903,16.374716,3211.696
3672,2,0.46537203,0.021987010207148,19.268732,1012.1407
3678,2,1.3206477,0.0271560262538221,25.732422,608.2786
3681,2,1.0271343,0.0228697445372916,29.236506,785.728
3685,1,0.2246233,0.0122440425660111,30.810917,2005.6353
3693,1,0.35467896,0.0202202443218594,21.324442,1570.7365
3694,1,0.26587245,0.0140501159087177,9.849373,3016.5764
3695,1,0.61671305,0.0183381424279219,17.463886,1537.7689
3699,1,0.37890002,0.0156853276725821,34.061646,4250.803
3705,2,0.5147882,0.0511448785356781,8.458298,500.0995
3706,1,0.0,0.0166677965646836,16.490726,2804.5747
3708,2,0.722741,0.0267347579953382,25.972578,673.9931
3719,1,0.3855183,0.0166835460511465,16.582117,1647.7268
3724,2,0.8021338,0.0213721665059875,18.990015,1015.1207
3730,2,0.42517585,0.0233895508401519,31.092659,774.18243
3735,2,0.5234557,0.0283780786722258,15.508006,482.81207
3739,1,0.0,0.0125622814213373,8.296353,4768.273
3745,2,0.3039906,0.0135208223496794,11.348547,1765.5629
3753,2,0.3095493,0.0321553266885355,9.481206,807.26776
3763,1,0.44870192,0.0145286496175851,25.61365,2211.0605
3764,1,0.46732727,0.0152534963955071,24.696606,2422.4805
3770,1,0.717622,0.0127155634716203,14.341498,2564.096
3780,1,0.69754064,0.0170177935642497,15.368939,2255.6394
3787,2,1.3018806,0.0216998158082746,85.93299,994.9036
3790,1,0.31178275,0.0184691930670499,6.834245,1665.0864
3792,1,0.45520893,0.0190961667676308,19.673021,868.2087
3793,1,0.18388422,0.0176271251618805,14.22145,1718.9324
3795,1,0.4703779,0.0144811976677848,12.743696,2422.2478
3799,1,0.0,0.0125284341264744,8.385197,6876.3228
3802,1,0.6070954,0.0222150194035067,15.295132,1605.2372
3805,1,0.31167,0.01718217959376,13.961295,2552.8955
3817,1,0.80726564,0.0147292246660666,32.123596,1508.9084
3822,1,0.74721116,0.0022709018767311,10.384184,4660.885
3832,1,0.25401044,0.0097840263975733,72.30116,1859.839
3833,2,1.4240853,0.0186083196927502,60.889545,960.4427
3837,1,0.40175456,0.0059621158954417,21.189342,2896.9683
3839,1,0.0,0.0149445612390249,11.500405,3884.0251
3840,2,0.72685987,0.0204140674824519,60.47023,775.4684
3842,2,0.4337952,0.0249453935038081,19.190931,1201.5459
3844,1,0.6297938,0.0216028304257798,49.44118,752.14844
3861,2,1.8495672,0.0219106824084062,130.02838,561.3956
3862,1,0.0,-0.008242985976199,16.095495,4294.949
3864,1,1.4368491,0.0159312817548726,23.15953,1399.6017
3871,1,0.9373388,0.0170859222925031,26.70667,1261.9376
3875,1,0.7344688,0.0165351119150359,12.433289,3192.4927
3880,1,0.0,0.0102764753705744,28.499517,2924.7458
3883,1,0.31316915,0.0188476657688572,21.804195,1288.6122
3885,1,0.31608775,0.0125034233901615,171.1042,1291.459
3887,1,0.6844148,0.023154356028133,41.319557,924.7998
3888,1,0.6457628,0.0168347053447785,16.260546,2969.1897
3890,2,0.722019,0.0209601308316312,305.41434,1550.062
3895,1,0.20436092,0.0105063622501472,35.55487,5031.829
3908,1,0.9698813,0.0150019505781247,18.592617,3086.8035
3925,3,0.0,0.0151491300423187,13.508469,2643.0706
3930,2,0.42501056,0.0213431787685555,13.457529,1020.81805
3931,1,0.25770894,0.014155318803545,30.289341,2728.4285
3941,2,0.76528895,0.0242507091800016,39.66008,609.1664
3944,1,0.26928484,0.0151376162283617,27.715363,2211.8684
3945,1,0.0,0.0073258764302543,10.5070095,5767.271
3946,1,0.34452608,0.0243102690553145,25.952892,1026.3754
3948,1,0.33558062,0.0132306316950878,15.085735,3052.4514
3949,1,1.0511773,0.0216524055556998,14.985223,2124.1157
3951,1,0.17857623,0.0132641372610776,26.555172,6695.083
3952,1,0.3217163,0.0166188578585644,20.187233,2606.0454
3955,2,0.7243527,0.0250565882212093,7.6595454,2086.8464
3957,1,0.46730953,0.0159873133678295,13.516248,2022.3586
3963,1,0.38459474,0.0106031121833908,15.660103,3642.368
3964,1,0.32421234,0.0115052068689023,23.1213,4587.0356
3971,1,0.39038345,0.0119950174979296,91.40201,1893.9276
3972,2,1.4643154,0.0186231490056034,55.87013,1172.0729
3977,1,0.0,0.0096393945714315,24.577854,3008.3657
3981,1,0.63567734,0.0237517203140228,10.458027,841.8196
3985,2,0.6942134,0.0263308333873399,8.362858,652.8681
3989,1,0.18045616,0.0116622423833189,58.520924,1868.4006
3999,1,0.09269341,0.0165718034429656,26.493622,1541.875
4012,2,0.5656379,0.0220181949464339,16.337069,987.79144
4016,2,0.75388354,0.0254200399709629,11.256073,1221.554
4017,1,0.44341102,0.0167273598445361,92.05228,1353.6685
4020,1,0.0,9.502725713403822e-05,5.33125,4953.448
4022,1,0.11920303,0.0130260566155053,9.765517,3890.1975
4031,2,1.2451243,0.0229038988201619,81.28936,706.34485
4034,1,0.50086886,0.0194824122687578,19.53988,1524.0381
4045,1,0.30168056,0.0219188784060024,12.165396,1851.1039
4046,1,0.475678,0.0111818379703167,10.232476,2354.9753
4048,1,0.39685923,0.015593575989245,37.759266,1276.6624
4057,1,0.25170228,0.0200127050161245,23.922104,1634.983
4060,1,0.14553776,0.0121768298216345,28.690687,2962.6238
4063,2,0.9267425,0.0225197493552362,243.14622,533.41864
4067,1,0.67503124,0.0182639901166025,11.926887,1579.7808
4072,2,1.0766884,0.0280422273756202,62.85345,470.7349
4076,1,0.29523763,0.008760182647618,34.320847,2617.8723
4089,1,0.0,0.0183185450686086,12.738605,3148.614
4092,2,0.16260639,0.0323653976283205,9.487576,916.11273
4093,1,0.31079498,0.0056109168021102,19.127045,3141.5105
4095,2,0.8335467,0.0331260836789675,14.518527,564.49396
4099,2,0.26295015,0.0251256439123697,30.673624,804.6135
4103,1,0.20021208,0.0068381931425502,20.860071,3748.723
4104,1,0.0,0.0122825561756428,17.213139,3372.5967
4106,2,0.1633094,0.0185648366905895,50.782707,989.02545
4107,2,0.5723926,0.0251532461444937,245.44182,863.8242
4114,2,0.8971778,0.0256991305645027,17.561031,887.95184
4126,2,0.38367108,0.0224260274316975,28.490204,1051.7126
4137,3,0.07393957,0.028410623368698,11.272249,819.4857
4144,1,0.38973805,0.0187277608608755,113.93103,847.82697
4146,1,0.20291348,0.0113783080449051,45.124893,2189.8567
4148,1,0.6221481,0.0158393415372984,39.039875,2484.2874
4150,3,0.0,0.0154659769316618,6.124202,7097.502
4151,1,0.0,0.0125649543208839,15.711189,3553.2598
4157,1,0.34119305,0.0180834181544848,13.964249,1662.1478
4158,2,1.0672672,0.0241474808764371,8.8543625,1029.5917
4159,1,0.21599257,0.0078649982488841,33.089287,3174.9148
4167,2,0.78407544,0.026169402823279,172.5883,532.909
4169,1,0.5236744,0.0184876764527156,41.28646,1359.9792
4186,2,0.4863887,0.0192377838127725,7.5957294,1804.0535
4196,1,0.0,0.0169269540791817,8.703403,3055.2256
4203,1,0.13209862,0.0183238923396056,13.078586,2438.4468
4206,1,0.0,0.0082642721209674,8.333476,3035.0845
4207,1,0.29649058,0.0143778298419017,23.745228,2739.0942
4214,1,0.23088005,0.0085253890009927,19.833874,2386.8535
4223,2,0.96913254,0.0235077581341239,23.05635,916.67474
4224,1,0.0,0.0070938451287684,14.31959,3905.5388
4226,1,0.49927035,0.0182755451639313,13.985774,1439.7865
4248,1,0.0,0.013271104723302,14.537119,4596.865
4249,1,0.47558987,0.0208027461581489,7.5869527,1685.187
4251,1,0.14035757,0.0086256591735939,41.32693,3094.217
4258,1,0.18923265,0.0080667357237839,18.867077,4737.854
4261,2,0.6100913,0.0309250843606299,7.3391523,963.95013
4262,1,0.44982943,0.0155435535837282,142.06847,980.3239
4276,1,0.0,0.0112264072465288,16.61969,11253.905
4280,1,0.20265903,0.0098466876815863,26.041332,2238.0256
4284,1,0.46801093,0.0161320275482814,7.8287153,2120.7878
4288,1,0.22363897,0.0142474998231987,10.361599,4881.816
4298,1,0.70494264,0.015671098656513,67.420555,1168.2997
4301,1,0.27981976,0.0110473654492405,30.40314,4966.24
4307,2,0.94851345,0.022182687198934,24.52269,755.3751
4309,1,0.0,0.016131024793038,9.48598,4746.342
4310,1,0.52571213,0.0148881583613627,23.48539,3459.4426
4315,2,0.4780038,0.0219156926507135,25.135372,871.78894
4317,1,0.34776706,0.0183234361634605,9.571068,4450.4316
4322,1,0.31982034,0.0159058729826634,14.058318,1780.4841
4329,1,0.34445056,0.0141149470044306,37.528263,1961.3284
4330,2,1.1768152,0.0232297808157747,37.26559,758.03064
4331,2,0.91888446,0.0193975313176586,39.338192,1125.2687
4338,1,0.34472606,0.0198148843198411,8.942074,1665.5253
4343,1,0.19830167,0.0083421096449726,130.34932,3697.7556
4352,1,0.0,0.0184087592082209,23.208004,2144.8257
4355,2,0.0,0.0226253450331538,8.145773,1187.7327
4357,1,0.43074477,0.0162525846253618,41.14044,1257.3628
4359,1,0.14571764,0.0154572705578261,41.985756,2898.8806
4366,1,0.0,0.0232653903305104,16.837542,1890.9719
4374,1,0.20745905,0.0149161479092875,11.271777,2471.9539
4381,1,0.46996054,0.020038899323342,7.586957,3295.5356
4382,1,0.25180164,0.0074420672726855,12.265962,2509.9292
4383,1,0.6150776,0.0149726027576206,64.54491,3359.9028
4385,1,0.83964735,0.0205626463081552,28.245876,1861.0077
4386,2,0.35136637,0.0234640050220548,58.104584,677.2754
4390,1,0.0,0.0153833444413926,9.737489,3323.9666
4392,1,0.0,0.0009669166371807,11.323313,3273.225
4395,1,0.0,0.0005898812252356,7.8197494,7393.2812
4403,1,0.0,0.0211708965947998,55.06428,901.11316
4409,1,0.3611117,0.0163020651968283,13.434256,3148.122
4412,2,1.0904758,0.0276129501816524,35.02967,547.62616
4417,2,0.40521023,0.0267143563475824,13.701763,1288.6919
4419,1,0.24116805,0.0089884089870706,75.75006,2642.6091
4427,1,0.6321793,0.0154729046692314,24.70376,1665.836
4435,2,0.41477418,0.0257896927342961,32.785793,644.3726
4446,2,0.33998314,0.0189109604269141,20.85782,1804.3379
4459,2,0.74185765,0.0254161248710734,17.447836,1302.0718
4462,2,0.6538573,0.0287815535691624,39.678143,603.1773
4476,1,0.0,0.0210721639650442,14.909152,1217.8619
4516,2,1.5091134,0.0229479668885716,46.0598,1216.4557
4520,2,0.7056244,0.0282101715702758,45.134937,614.17456
4523,1,0.3151901,0.0143857339868373,11.901658,4896.468
4535,1,0.4183995,0.0115235102388874,8.276096,4829.4336
4550,1,0.56265694,0.0177228859994616,48.64219,1055.4203
4552,2,0.58641756,0.0300552004655356,16.401928,1107.9056
4561,3,0.0,0.0230659878241951,45.70479,819.2377
4562,1,0.3986169,0.0155454080421347,58.748085,1201.961
4587,2,0.79097825,0.0265741536671389,173.67653,612.6254
4600,1,0.1196418,0.0160969448377857,12.691574,2101.4465
4608,2,1.0062034,0.0236235843100553,41.690792,590.5953
4610,1,0.34216404,0.009099952275888,27.74031,3584.8027
4613,2,0.45124483,0.0303710977750453,24.577503,440.9185
4621,2,0.80596745,0.0236487995376122,16.151144,876.36993
4628,2,0.80752987,0.0224189405621022,40.33337,1553.8027
4641,1,0.6306942,0.0194687512980924,24.497997,1446.3766
4647,2,0.6400617,0.0251742170166676,64.95605,1250.6715
4667,2,0.6139581,0.029678958486015,26.301123,549.26306
4678,1,0.28041726,0.0196936152822193,21.474916,1667.5684
4696,1,0.5656272,0.0170632063757654,40.15716,1088.7756
4699,1,0.64457494,0.0221978474375164,42.208862,1399.4686
4701,2,0.54163843,0.0247080457844912,13.950311,715.2448
4707,1,0.43391564,0.0165557340075849,16.645594,4914.335
4717,1,0.3106867,0.0130262874442422,186.86383,1535.0867
4732,2,0.91568965,0.0336876753724793,15.724507,769.3177
4736,1,0.29513425,0.0121373331008667,21.140455,3497.208
4738,2,0.58236414,0.0231350904828325,10.319147,986.60114
4744,2,0.5990945,0.0246254492851751,59.45079,585.8272
4748,1,0.0,0.0129397739709785,9.758637,2411.3586
4758,2,0.7218045,0.023132749832871,122.02408,700.6742
4777,1,0.16680387,0.0127793799064228,18.455753,3709.2283
4780,2,0.77359223,0.0245998076377501,47.303165,949.7344
4788,1,0.23847494,0.0168002911605748,22.093771,3981.3474
4791,1,0.31838924,0.0170360748573986,9.916338,1843.6339
4830,2,1.25389,0.0231404864337691,63.250866,634.8621
4849,1,0.0,0.0113338484259232,17.431038,3274.0522
4890,1,1.0071115,0.0244688355782588,20.246254,1875.8839
4908,1,1.8467355,0.0167816880324721,46.32935,1178.9198
4941,2,0.63775504,0.0200687740557736,29.250694,1222.1324
4952,2,0.90467393,0.0254709117949912,30.605835,562.5665
4957,2,0.67771083,0.0298419700862681,11.511403,839.7059
4958,1,0.18760088,0.01264756145168,74.61231,2225.9834
4963,1,0.59751326,0.0164631916115572,22.081928,1919.9601
4973,2,0.6183581,0.0258446663292594,80.08854,501.10547
4983,2,0.7455269,0.0247864144029882,17.807705,1178.635
4985,1,0.48072886,0.0116196588011184,64.907486,1891.1755
5013,1,0.58799076,0.0091481716872804,14.417434,2135.553
5020,1,0.23669057,0.0114813870675612,17.457537,3007.6082
5033,2,0.8555626,0.0227022727672198,65.69289,841.2203
5048,2,0.8692247,0.0231122583765511,73.00897,775.28784
5063,1,0.6469841,0.0098598353742594,19.031548,2685.9875
5070,2,0.32978332,0.0274097434478813,10.581881,774.42834
5100,2,0.6026463,0.0235979539215346,38.645195,744.6347
5103,2,0.2668396,0.015425660835683,19.565369,2311.1345
5107,2,0.6566526,0.0248792397652078,71.725494,506.60898
5111,1,0.57815295,0.0128987276043452,22.62621,1894.9055
5116,1,0.0,0.0189744777381058,8.83745,2344.9775
5135,1,0.58994585,0.0182911744998226,22.446157,1725.3438
5153,1,0.086420424,0.0136547434011888,27.998024,3098.0886
5160,1,0.4654885,0.0100669191349681,17.34959,2877.5564
5172,1,0.0,0.0169810164954252,26.863043,3271.4268
5177,1,0.0,0.0147200070100871,10.422526,3967.8032
5194,2,0.16910195,0.0454004955227121,4.869782,346.27356
5206,2,0.5865589,0.0167334802028899,18.273838,1146.5002
5215,1,0.35351115,0.0162142546051192,123.47652,1254.5431
5219,1,0.25491086,0.016069466402605,37.57441,1246.5757
5240,1,0.56554943,0.0207210429641786,89.575905,857.08215
5262,1,0.79005945,0.0123416647379283,63.182255,1502.4495
5267,1,0.17369032,0.024181000988061,13.083428,1335.8611
5280,1,0.4243185,0.0113830515309954,21.648808,2928.6704
5322,1,0.47751617,0.0095595065067573,12.870064,3272.1306
5328,1,0.6081881,0.0211237174461114,182.90518,642.5593
5339,2,1.1910946,0.0230637027568784,53.717644,614.91833
5348,2,1.6100785,0.0235202203956588,58.34715,961.9596
5355,2,0.76683897,0.0260358054894296,9.38155,1243.3116
5381,1,0.24307708,0.0220718707798115,91.64761,779.6385
5388,2,0.7207599,0.02355205605583,8.379415,1543.5413
5389,1,0.0,0.0103924943775658,8.522591,7375.097
5394,1,0.67440826,0.0190817418899718,20.010782,2079.9775
5403,1,0.0,0.0195375821734717,6.087471,2598.7
5408,1,0.31916723,0.0145215109014324,15.274743,3683.166
5411,1,0.3681274,0.0116836621808143,33.50539,2048.3872
5425,1,0.0,0.0088821272760799,17.985785,2560.4734
5427,1,0.93350375,0.0110918895142961,10.473063,2438.568
5430,1,0.39235863,0.0099613969466327,33.56098,2890.2349
5447,1,0.9824425,0.0164203679955456,45.487286,2448.5554
5449,1,0.43847334,0.0126486606578414,25.927525,1882.448
5479,2,0.8556616,0.0237249653811002,27.636,849.1598
5500,2,0.55528724,0.023304275727975,23.433247,879.1184
5505,1,0.0,0.0164907617061223,12.075187,3693.4229
5513,1,0.5105797,0.0139264420694392,12.39271,5295.3213
5533,1,0.6104121,0.0204535209337335,34.716064,1167.2802
5540,1,0.39384457,0.0238484972240215,63.927643,654.16846
5580,1,0.3706609,0.0142857167531895,12.895326,5053.23
5582,2,0.9371492,0.0273857231320139,72.46809,664.042
5583,1,0.26546112,0.0104844852363938,25.696165,2501.39
5592,1,0.5175855,0.0043449147112455,7.8838863,2635.7695
5618,1,0.4131807,0.0162754044029927,31.17719,1574.1945
5624,2,1.3800772,0.0275030410723728,203.58696,666.35754
5666,1,0.43293083,0.0128831617963442,77.46251,1689.5078
5673,2,0.7726083,0.0340832273705108,9.787242,463.48846
5686,1,0.0,0.0129535219517904,18.725918,6590.247
5688,1,0.668801,0.0081766199441465,19.44169,4142.7246
5705,1,0.41570172,0.0141785379975731,39.84988,2336.3542
5712,1,0.0,0.0191847888433277,23.805899,1487.6514
5741,2,1.2347541,0.022471157700693,33.968452,1214.5948
5743,2,1.1508172,0.025052672472492,30.87326,1422.9845
5749,1,0.4313718,0.0123188741495093,10.839062,4078.8616
5754,2,0.9994158,0.0225876054742307,80.52445,1068.0088
5756,1,0.79715216,0.0202536577532346,10.864395,1742.8378
5759,1,0.37528908,0.0197021060723644,34.15745,1274.849
5775,2,1.0594854,0.0208253848632292,36.84551,853.72797
5792,1,0.0,-0.0010724130317053,9.126729,3034.7769
5840,2,0.26962334,0.0175211952206719,10.106302,1670.889
5873,2,0.73890704,0.0254724259097746,67.46014,631.8528
5874,1,0.16605246,0.0141453355805033,109.41743,1312.2651
5882,1,0.50836635,0.0106802458528389,19.977966,4698.9688
5928,2,0.5602549,0.0261469682743273,62.6842,710.9633
5930,1,0.42259508,0.0136140357394765,17.845064,5415.299
5948,2,0.84714437,0.0239607067858018,38.86058,804.1676
5957,1,0.30998525,0.0142257318069665,20.920856,2850.1501
5974,1,0.19607812,0.0152424228433716,69.0165,2341.4458
5979,1,0.3354334,0.0124689127766771,58.458576,1488.7122
5992,1,0.15822737,0.0168261578482224,25.853252,1656.9689
5995,1,0.4267172,0.0102868719557951,32.461773,2982.8706
6005,2,2.0800018,0.0201931320450758,40.971188,908.14404
6010,2,0.5733919,0.0223744069786312,42.4482,720.7424
6013,1,0.0,0.0186538149793255,11.146508,2064.6157
6029,1,0.37706566,0.0123163535306102,49.13504,2776.5198
6034,1,0.28031564,0.0183613822928256,36.32135,1616.814
6047,1,0.35504055,0.0099106672231334,51.743275,3704.1619
6055,2,0.657518,0.025683823234651,11.624691,649.4135
6056,1,0.28658122,0.0125524385687464,29.679762,4596.7607
6072,1,0.40752867,0.0129748805794851,26.508951,4121.7754
6077,2,0.42531326,0.0287928996372453,20.83744,494.56863
6085,1,0.63610184,0.0247635176505292,77.78638,621.87524
6091,1,0.34113112,0.0124124128935485,53.306038,2638.4705
6092,1,0.5711933,0.0200241970173011,8.08617,2457.4553
6099,1,0.33617046,0.0096257056900801,15.202285,5272.196
6101,1,0.5940561,0.0118815918209367,31.317549,3666.5996
6104,1,0.19214661,0.0173830434004015,21.077124,1557.8403
6125,1,0.4594087,0.015284246286799,16.240795,3745.5396
6149,1,0.67306983,0.0241289318218423,26.210123,845.6084
6153,2,1.1255659,0.0238136535647129,16.244642,972.3315
6155,2,0.6304991,0.024498282529411,26.252705,876.55786
6162,2,0.3990363,0.0297982710621537,9.896333,840.0893
6166,2,1.3437713,0.0222436940220813,108.02428,695.1142
6170,1,0.25144777,0.0105980541406377,29.313831,4289.139
6178,1,0.20002067,0.0099147850604312,39.297695,2366.523
6183,1,0.51520133,0.0128336983522245,180.33183,1827.5332
6184,2,0.0,0.0263179126283263,17.632856,867.4066
6186,2,0.93878603,0.0198286845576978,46.636375,1252.1571
6188,1,1.1923257,0.0133133697783768,60.965855,2001.729
6192,1,0.24181266,0.0198929319834203,18.401995,2200.7202
6195,1,0.4211986,0.0107016638533289,13.202097,6350.475
6203,1,0.58657485,0.0197378222570326,63.944656,948.347
6204,2,0.7091088,0.0214157207275626,13.913935,1319.7822
6206,2,0.8628438,0.0260660031010033,27.518984,607.516
6215,2,0.9973623,0.0240847463473178,18.784754,1241.707
6222,1,0.3641835,0.0122763065157512,75.737045,1531.9622
6227,1,0.32241347,0.0203241490024376,45.367764,1106.2273
6231,2,0.17798412,0.0408509805126148,7.734793,711.4933
6232,1,0.5330571,0.014297086842758,78.69911,1873.7046
6240,1,0.47125363,0.0140046489293394,14.362011,3641.672
6241,1,0.0,0.0158161811073839,18.385714,4891.6963
6245,1,0.05983775,0.0209677897914904,29.782116,1338.8894
6249,2,0.5297707,0.022241636929567,28.320824,2890.3281
6253,1,0.24070936,0.0140184214084768,33.78586,1684.1741
6271,1,0.37681776,0.0120839138971043,14.815451,2490.02
6274,1,0.39797774,0.0191616732577119,25.486313,1208.3909
6277,1,0.3780617,0.0201065894336013,39.12261,1043.612
6283,2,0.21550371,0.0167909786426069,32.69935,1276.5712
6285,1,0.0,0.0093775468963563,4.272764,2287.1677
6288,1,0.2522153,0.0160936392395231,21.119448,3014.9832
6289,2,0.6824664,0.0258972355189579,21.250467,617.88885
6293,2,0.63623226,0.0167775726871877,26.999588,1325.3708
6295,1,0.54240525,0.0290918123023759,18.326307,1436.4985
6296,2,0.72042644,0.0228599298502904,141.7713,659.07086
6298,2,0.5341272,0.0274836746504558,6.920618,749.29987
6312,1,0.6143912,0.0239436823476253,25.115232,1150.4702
6316,2,1.6623926,0.0197130074850058,7.1477213,2202.8208
6319,2,0.0,0.0128039693307515,10.019969,5083.2036
6324,1,0.2532171,0.0104508926661455,27.904266,2382.9685
6330,1,0.63705516,0.0227388044349498,14.658494,1560.1128
6341,2,1.0356536,0.0242300160688727,22.001745,1086.9137
6342,1,0.32232884,0.0125808422698284,14.576458,3192.8384
6347,2,1.429093,0.0245365941372618,69.155266,782.7376
6352,1,0.3580481,0.0128119428556946,22.998333,2370.9104
6361,2,0.55321485,0.0272937761418539,22.966518,1002.7041
6362,1,0.3004533,0.0169439764632435,48.395634,1071.2318
6373,1,0.29709917,0.0122338734692394,22.004496,4931.767
6374,2,0.6368182,0.0240459412650933,12.242559,832.0708
6380,1,0.0,0.0148310568106942,12.072107,4799.2534
6382,1,0.33874643,0.0138470435461017,23.05113,3559.9082
6407,1,0.25545162,0.0144634269245455,9.9458,3500.5593
6408,1,0.5689535,0.014868013000956,7.8418694,1710.0237
6421,1,0.33766377,0.0252451523587774,27.128372,656.55597
6427,2,0.9654168,0.0196839319342664,15.982144,1094.6318
6440,1,0.22434527,0.0091220490136779,34.39025,3125.0347
6453,2,0.59759295,0.0274942565989622,125.05174,475.0293
6482,1,0.25078848,0.0155761949284773,60.068604,1187.7799
6495,1,0.106668375,0.0152945067952352,15.591379,3128.6487
6499,2,0.56089395,0.0292035009314746,11.749147,482.7294
6500,1,0.14526731,0.0161707952916922,15.478961,2538.108
6506,1,0.2796923,0.0168549961114644,12.48103,3169.3352
6518,1,0.37445578,0.0135818417664357,20.077389,3474.4922
6534,2,0.6547541,0.0233632342819008,69.07253,834.8543
6537,1,0.0,0.0167882712868389,10.839076,1908.1819
6539,1,0.37742803,0.013226508134108,71.359436,1573.0421
6546,1,0.2343028,0.0232587596094109,8.911859,3229.3362
6565,2,0.23065095,0.0194488267354232,52.239445,912.7376
6571,2,0.5807065,0.0232734084186797,17.52083,1116.0719
6579,2,1.2322006,0.0244552024456464,28.059929,666.36017
6584,1,0.46425733,0.0129733281450546,29.556896,2041.2372
6598,1,0.31208998,0.0091823333202116,31.736813,2505.3052
6603,1,0.38047746,0.0125947872031088,16.557037,2964.3845
6607,1,0.23047103,0.0122440834405289,11.716931,4876.6533
6611,1,0.63209236,0.0174597375954374,20.191938,3459.4456
6612,1,0.5044314,0.0204987072478675,35.442535,849.65894
6615,1,0.5649548,0.014807168297446,24.226442,1643.2391
6616,2,0.60113835,0.0229774318161682,23.322926,993.413
6623,1,0.0,0.0129781896509425,8.549404,4928.658
6628,1,0.5065144,0.0162423655038928,109.460464,922.6743
6635,2,0.5266416,0.0275242534473003,17.263765,593.7525
6640,2,0.0,0.0219084948676305,8.3314705,1434.6068
6643,1,0.6026605,0.018203568069483,16.543783,1717.5535
6645,2,0.6085417,0.0260265641423608,86.34011,445.53406
6648,1,0.40558615,0.0181483216360373,21.258926,2006.0693
6654,2,0.7314153,0.0232880626952423,40.70901,626.86615
6658,1,0.30180907,0.0093664715269543,46.525017,2471.139
6663,2,0.7395059,0.0279787020190275,42.018173,454.20438
6665,2,1.0517516,0.0244045087938843,77.78219,811.7411
6669,1,0.34498754,0.0082884663804105,17.380568,2112.718
6673,1,0.6186061,0.015655337828323,17.388426,1988.7141
6675,1,0.4593333,0.0019176748722631,14.5944605,3633.5117
6678,1,0.0,0.0065686412801168,7.6403756,3125.2227
6680,1,0.32956496,0.0069320029285701,16.289658,3180.159
6681,2,0.6352143,0.028701279478149,6.1676145,723.0438
6682,2,0.96258533,0.0381080322138879,44.399162,430.64948
6690,2,0.44017375,0.0279803042764477,20.686453,411.76544
6693,1,0.27116275,0.0076388983068081,18.967545,4022.5947
6698,1,0.0,0.0147621458485611,12.445309,2029.2424
6701,2,1.3438234,0.0220609504087803,54.992016,725.8029
6703,2,0.31152058,0.0203305595931553,29.167147,980.46655
6705,1,0.2885547,0.0136931457357648,248.35109,1160.9734
6706,1,0.22636862,0.0124074405279797,17.238337,2422.2168
6710,1,0.6047788,0.0154530281754837,15.743336,1977.6534
6711,1,0.2380092,0.0193522129343863,7.288661,1458.44
6717,2,0.70854825,0.0251212950706044,45.61719,864.0468
6719,2,1.4587234,0.0314181081366052,48.702934,554.1716
6721,1,0.8698746,0.0194849701765539,343.18484,992.3785
6723,2,0.4502037,0.0506147464793572,4.287818,890.6259
6725,2,1.1373132,0.0230879196132127,57.275505,616.18854
6727,1,0.33639956,0.0229114825571384,14.080447,901.5252
6733,1,0.53907526,0.0183185056765853,26.825665,1008.06573
6739,2,0.4154424,0.0242032198951319,32.278263,559.5474
6756,2,0.8937147,0.0289108783491097,21.693861,490.11984
6760,2,0.07910961,0.0209903478670382,37.22542,936.0744
6763,1,0.0,0.0208096107872868,17.021431,1665.3905
6764,2,0.2838994,0.0238041671422501,11.611737,1684.9128
6765,2,0.68001777,0.0195490467616034,21.42644,933.73517
6774,1,0.40030244,0.0205267131527947,22.667458,1511.9042
6782,2,1.0694926,0.0205251611372952,38.362625,795.4233
6787,1,0.0,0.0162880937105509,11.720815,2179.0547
6790,1,0.30216396,0.0088365878757201,37.090794,2238.7046
6804,1,0.43905032,0.0162306866098623,8.009702,2239.3362
6810,2,0.8377627,0.0236456955940327,28.976145,626.9968
6818,1,0.2962858,0.0133594913987067,23.301886,2425.3398
6824,1,0.0,0.0150663477272571,7.1525726,6083.0303
6829,2,0.58785677,0.0298718207725778,65.86334,351.5532
6831,2,0.5546057,0.0216700512630809,14.000244,1308.6333
6832,2,0.8713592,0.026015634283498,27.095078,503.75565
6836,2,1.541038,0.0235848332847922,340.59933,1098.6932
6841,1,0.63903695,0.0180446023668812,37.56463,1020.0113
6847,2,0.6286675,0.0253753978101576,30.637463,587.64514
6848,1,0.38244402,0.0189602482684317,38.431454,764.1445
6849,1,0.0,0.022520846293739,14.528086,1331.0789
6850,2,0.48589805,0.021512027220555,114.70223,657.03754
6852,1,0.6985555,0.0200213864542417,114.041954,676.2188
6861,2,0.18075262,0.0203783635604631,4.758612,1204.1262
6871,1,0.29815573,0.0192997518990518,15.246832,2349.2385
6877,1,0.19004393,0.0175888994993402,46.412354,1233.9131
6880,1,0.0,0.0149528051061133,14.899225,3593.129
6882,1,0.27445,0.0129691995757883,96.01147,1504.773
6883,2,1.4002513,0.0183455633931514,93.559006,1248.6472
6894,1,0.27316505,0.0156539475539256,18.92669,2593.5947
6898,1,0.018744398,0.0137213095202907,22.235342,6868.143
6901,2,1.6693679,0.0199390002677901,57.83423,831.77765
6907,1,0.42845717,0.0112977180825898,25.922829,5086.0435
6908,1,0.47272578,0.0193947745263554,18.298613,1780.6285
6912,1,1.0413699,0.0192689773981873,55.20534,966.00336
6914,1,0.78405654,0.0120263194531864,24.771214,1856.1826
6917,1,0.24600123,0.0157130099939699,30.928034,1616.7155
6922,1,0.5418318,0.0131040654040004,8.758787,3710.9646
6923,2,1.0681067,0.0266252933357755,448.02448,908.0032
6928,1,0.27125028,0.0177727336712947,35.657955,1197.516
6931,1,0.7167652,0.0173553078834505,14.814501,1742.7356
6935,1,0.3502103,0.0166458883862071,28.68214,1367.8834
6940,2,0.8258648,0.0258398525171788,68.32748,871.8236
6941,1,0.26548752,0.0177565570056998,14.245481,1969.1644
6945,2,0.0,0.014447274500038,10.108976,2006.8042
6947,1,0.2441916,0.0119627504124382,6.240223,7865.4653
6948,1,0.053938687,0.0118354823249697,33.297375,1854.5684
6953,2,0.9328458,0.0228778267712089,52.09671,559.5695
6965,1,0.43575147,0.0125155331408802,24.515734,3750.6582
6982,1,0.98872966,0.0197325151264626,22.29356,1004.5136
6983,2,0.83446485,0.0234926249689903,95.33426,567.181
6986,2,0.36956525,0.029154355964815,6.383431,649.12305
6994,1,0.25671375,0.0118040101662129,22.785648,4163.6826
7002,1,0.4243736,0.0105494285376858,23.282606,1877.2391
7011,1,0.0,0.0145642793399018,14.529981,2494.219
7018,1,0.0,0.0107716563220759,9.525114,4696.172
7022,1,0.7694787,0.0043966411383087,15.375439,3110.341
7024,2,1.0297147,0.0205512060560892,60.029102,867.79224
7025,2,0.8533819,0.0217723036582151,36.10243,897.9394
7032,1,0.45397294,0.0082152104432285,26.74058,2477.8623
7036,2,0.67326134,0.0224909255899393,83.668594,661.8113
7037,2,1.189845,0.0253078306454029,17.324966,786.08344
7038,1,0.23300481,0.0136613833511606,54.638897,1859.485
7043,1,0.53503674,0.0093828217143535,39.58121,2942.49
7044,1,0.36594146,0.0172880759446886,24.657232,1686.9098
7046,1,0.3976855,0.0172351886833928,41.139606,1228.3757
7047,1,0.61337763,0.0167548902358821,49.920807,1404.4507
7048,2,0.39433518,0.0231417808189258,52.31122,633.66235
7057,1,0.2358523,0.0206471868449994,7.451003,1228.4207
7059,2,0.6658521,0.0316761685054777,36.311596,553.43555
7063,2,0.7007946,0.0226077174958852,43.3837,867.7487
7066,1,0.118671924,0.0139378901508424,25.934208,3739.5159
7067,2,1.3012283,0.0234759530111809,175.23329,560.2915
7070,3,0.47547588,0.0192676685396096,16.374004,1784.6213
7078,2,0.75713825,0.0240678320934246,40.124596,1015.8106
7090,1,0.7887312,0.015716825960551,27.66436,1939.2979
7092,2,0.92608464,0.0266445468107022,10.363726,1189.7896
7096,1,0.35941696,0.0205826942775467,12.8013315,1883.6005
7098,2,0.7831481,0.023398739945228,27.122595,816.86584
7103,2,0.6472941,0.0249133192055395,26.362898,717.96405
7106,1,0.22809723,0.0167802260005165,17.837229,2422.8103
7107,1,0.2792547,0.0152321903407327,22.210697,2535.7737
7113,1,0.08664037,0.0099900036162341,51.557007,3443.7334
7118,1,0.47314188,0.0069960681488364,15.779763,6932.179
7121,1,0.6093907,0.0173790677122339,14.016774,1668.3937
7123,2,1.0179417,0.0192882971673217,123.66215,908.05884
7126,1,0.35718876,0.0155298539084184,28.356554,3174.0012
7127,1,0.09223921,0.0236373014161346,13.58339,2243.7866
7129,1,0.2028026,0.0124400156879365,75.68475,1849.3153
7133,2,0.74811906,0.0215127186598314,92.9818,872.5007
7143,1,0.37892577,0.0171929087557331,17.806358,1921.3152
7146,1,0.21765503,0.0121788497740065,20.213116,1938.8169
7150,1,0.59875363,0.0137764752874346,16.867304,1579.4181
7158,1,0.14404893,0.013028092428839,17.735819,1422.8193
7160,1,0.0,0.0126625231598192,8.517075,2273.38
7162,2,0.0,0.023087357727456,9.588159,1360.4706
7163,2,0.5766442,0.025713606040388,13.8807955,1029.1298
7168,1,0.24800302,0.0133139447051311,15.300799,3893.7
7170,1,0.31797215,0.0191800952986054,11.575279,1317.6725
7171,1,0.23040153,0.0047120040551116,20.921095,4343.3823
7179,2,0.7190051,0.0298006123845756,27.282713,419.65106
7180,1,0.50635284,0.0170031589111734,17.53133,2866.3381
7182,1,0.20640358,0.0117570174703584,25.805958,1980.0323
7190,1,0.06827292,0.0153786226121361,18.289204,2930.8423
