,class0 iteration 1,class1 iteration 1,class0 iteration 2,class1 iteration 2,class0 iteration 3,class1 iteration 3,class0 iteration 4,class1 iteration 4,class0 iteration 5,class1 iteration 5
0,0.060911454416670764,0.9390885455833292,0.44835432833456557,0.5516456716654344,0.021520876431571346,0.9784791235684287,0.012119401983150358,0.9878805980168496,0.002440310148006919,0.9975596898519932
1,0.5856973710375899,0.41430262896241005,0.028484333811211293,0.9715156661887887,0.03328236158950555,0.9667176384104945,0.9481100281754218,0.051889971824578274,0.08260857252294654,0.9173914274770535
2,0.4406533972801938,0.5593466027198062,0.27629125831774337,0.7237087416822566,0.14382026034701362,0.8561797396529863,0.05267075786806199,0.947329242131938,0.13424645874777627,0.8657535412522236
3,0.10143604662065597,0.898563953379344,0.11987030873796474,0.8801296912620353,0.11189380484259155,0.8881061951574086,0.36506584363038824,0.6349341563696118,0.6588805812332564,0.34111941876674345
4,0.48574042636497694,0.5142595736350231,0.04719980248767275,0.9528001975123273,0.348084395099913,0.6519156049000869,0.9753485731315028,0.0246514268684972,0.038995398635189395,0.9610046013648106
5,0.6847353444281947,0.3152646555718053,0.014682995681839195,0.9853170043181608,0.16668030269009723,0.8333196973099029,0.22856991927917733,0.7714300807208226,0.07987454486267057,0.9201254551373296
6,0.7361514162398054,0.2638485837601946,0.7998725726482396,0.20012742735176037,0.01283027979673843,0.9871697202032615,0.08838798796614895,0.9116120120338511,0.6829071465691352,0.31709285343086474
7,0.11698716808425547,0.8830128319157445,0.47559233610926366,0.5244076638907362,0.5000026378548604,0.49999736214513957,0.5251640380360736,0.4748359619639264,0.05948629059794841,0.9405137094020516
8,0.05705086963518276,0.9429491303648172,0.793128352802488,0.20687164719751214,0.026650460288972756,0.9733495397110271,0.016710070065000825,0.9832899299349991,0.03224055195021917,0.967759448049781
9,0.277734278167652,0.722265721832348,0.14975763785766502,0.8502423621423351,0.6733005676361159,0.32669943236388416,0.914728636257444,0.08527136374255598,0.5709458652531333,0.42905413474686666
10,0.8394005309616288,0.16059946903837113,0.48640034229586726,0.5135996577041327,0.009972421927028519,0.9900275780729715,0.03734358289272812,0.9626564171072719,0.32467058999826814,0.6753294100017319
11,0.42572057124477125,0.5742794287552287,0.02857968596429823,0.9714203140357018,0.3665511040826649,0.6334488959173351,0.1298908139902287,0.8701091860097712,0.10297987848623705,0.897020121513763
12,0.026640343587838955,0.973359656412161,0.11239164895947899,0.8876083510405209,0.15580005404357122,0.8441999459564288,0.1967483914441311,0.803251608555869,0.45981626554205884,0.5401837344579412
13,0.5759652677434284,0.4240347322565716,0.3968457929412493,0.6031542070587508,0.1190009252535831,0.8809990747464169,0.18435004543030378,0.8156499545696961,0.002541499675484893,0.9974585003245151
14,0.22619937378930768,0.7738006262106923,0.07889688633037698,0.9211031136696232,0.023863114373260164,0.97613688562674,0.06623849543692875,0.9337615045630713,0.025537642392593773,0.9744623576074062
15,0.7570190524808655,0.24298094751913438,0.11966222432391238,0.8803377756760875,0.21408704792140712,0.7859129520785928,0.042798460004606784,0.9572015399953931,0.003287777433887884,0.9967122225661121
16,0.09524769104572688,0.9047523089542733,0.15663384421232415,0.8433661557876759,0.6551477961859206,0.34485220381407944,0.015280435187642393,0.9847195648123577,0.11781262452440419,0.8821873754755958
17,0.08717856465927853,0.9128214353407215,0.06827600149898268,0.9317239985010174,0.34891605391581343,0.6510839460841866,0.04327169129267603,0.956728308707324,0.6450426050491602,0.3549573949508398
18,0.04576833552317792,0.9542316644768221,0.4896396553357752,0.5103603446642249,0.15177074307136093,0.8482292569286389,0.023710418557738255,0.9762895814422616,0.9717786794976689,0.02822132050233095
19,0.31674984571440534,0.6832501542855945,0.09736818903869542,0.9026318109613045,0.03517312690582941,0.9648268730941705,0.8995168360625169,0.1004831639374832,0.042730749148176275,0.9572692508518237
20,0.012857928483476444,0.9871420715165236,0.9189733162419534,0.08102668375804656,0.19159468998766066,0.8084053100123393,0.09406630509507918,0.9059336949049207,0.027685868513994395,0.9723141314860057
21,0.004065424834760733,0.9959345751652393,0.9307159733867802,0.06928402661321968,0.34890490731753177,0.6510950926824682,0.05321022896151857,0.9467897710384815,0.034872545957252685,0.9651274540427472
22,0.0015572738924772623,0.9984427261075226,0.02239642854801378,0.9776035714519862,0.8268940694121782,0.17310593058782178,0.7494987799268004,0.25050122007319964,0.7398915989084932,0.2601084010915068
23,0.13518793175689897,0.864812068243101,0.5562211945852529,0.44377880541474707,0.13409160086522562,0.8659083991347745,0.13827539456284657,0.8617246054371535,0.16055860271237926,0.8394413972876208
24,0.00541630626482621,0.994583693735174,0.20100995584332554,0.7989900441566744,0.11010778377213623,0.8898922162278637,0.08444884246428634,0.9155511575357137,0.06886430992126077,0.9311356900787391
25,0.7312488669259031,0.268751133074097,0.5374977414270627,0.4625022585729372,0.801600964122235,0.19839903587776492,0.08670974091055672,0.9132902590894434,0.31923266359314084,0.6807673364068592
26,0.015518792028938643,0.9844812079710614,0.01189093789173743,0.9881090621082625,0.030158434565076674,0.9698415654349233,0.09798595260777483,0.9020140473922252,0.9571600499798987,0.042839950020101256
27,0.411124682772245,0.588875317227755,0.1497735599735765,0.8502264400264234,0.018027791605191856,0.9819722083948081,0.6854287694748343,0.31457123052516567,0.4554592715959728,0.5445407284040271
28,0.5872823723040813,0.4127176276959187,0.9550460925357462,0.04495390746425369,0.21852472404668638,0.7814752759533137,0.012956003186351261,0.9870439968136487,0.030465248700312995,0.969534751299687
29,0.0579343470948299,0.9420656529051701,0.77063417230915,0.22936582769085004,0.765113151922207,0.2348868480777929,0.6972223783488231,0.30277762165117705,0.04439082122255204,0.9556091787774479
30,0.12071281773749529,0.8792871822625047,0.23198740421880887,0.7680125957811912,0.1034137258624858,0.8965862741375142,0.017325069258479542,0.9826749307415206,0.10628671485848093,0.8937132851415189
31,0.7025961429811352,0.2974038570188649,0.7376551526963147,0.2623448473036853,0.020166474502317476,0.9798335254976825,0.43843574225365867,0.5615642577463413,0.2594773076677595,0.7405226923322404
32,0.505607848559436,0.49439215144056403,0.145231243820967,0.8547687561790329,0.06484655778485941,0.9351534422151406,0.02735540857865686,0.9726445914213432,0.001770428942865454,0.9982295710571346
33,0.09727641630495314,0.9027235836950469,0.502065655929347,0.497934344070653,0.9443617284984447,0.055638271501555314,0.6452860825357052,0.35471391746429476,0.555813012727236,0.444186987272764
34,0.3859151640619952,0.6140848359380048,0.4012963494579059,0.5987036505420942,0.11317633511711034,0.8868236648828896,0.13876450613503996,0.86123549386496,0.052576972218125476,0.9474230277818745
35,0.010282276285114179,0.9897177237148858,0.053005714965004724,0.9469942850349952,0.32222820787495043,0.6777717921250495,0.012334990780615373,0.9876650092193845,0.05882919180975606,0.9411708081902439
36,0.5486559620312782,0.4513440379687218,0.057505336397918994,0.942494663602081,0.16012995405920186,0.8398700459407982,0.09542975708706605,0.9045702429129339,0.035988752980610994,0.9640112470193891
37,0.10147724890706708,0.8985227510929329,0.008548479924316243,0.9914515200756837,0.848106127081764,0.15189387291823592,0.005247233838916921,0.9947527661610831,0.2379257812766841,0.7620742187233159
38,0.06758847222297759,0.9324115277770224,0.36834234236562047,0.6316576576343795,0.44644592371754965,0.5535540762824503,0.004022859964331826,0.9959771400356683,0.699822828193676,0.30017717180632403
39,0.2495922327753548,0.7504077672246453,0.8245285708017203,0.17547142919827968,0.05940595084706648,0.9405940491529335,0.4298439072163395,0.5701560927836604,0.3691948684393179,0.6308051315606822
40,0.008873609556773387,0.9911263904432266,0.022452322939133885,0.9775476770608661,0.06517567824007994,0.9348243217599201,0.28274752128425895,0.717252478715741,0.18045491518144036,0.8195450848185597
41,0.4321255430640917,0.5678744569359083,0.0826820760918863,0.9173179239081136,0.758476545371013,0.2415234546289871,0.4254031729368136,0.5745968270631865,0.3630986600173137,0.6369013399826864
42,0.12993142882616787,0.8700685711738322,0.3955639260928361,0.6044360739071639,0.045437159025313,0.954562840974687,0.3458437509569118,0.6541562490430882,0.3669505328987757,0.6330494671012243
43,0.21406464387732083,0.7859353561226792,0.43995294576995114,0.5600470542300489,0.534856775625372,0.46514322437462796,0.012041359803199713,0.9879586401968001,0.020284859092690267,0.9797151409073097
44,0.47181329713222375,0.5281867028677762,0.19142786186036728,0.8085721381396327,0.7415952244344393,0.25840477556556074,0.1667524940575919,0.833247505942408,0.109468217018691,0.890531782981309
45,0.11274420823269363,0.8872557917673063,0.003690811337261524,0.9963091886627385,0.9023027724559995,0.09769722754400038,0.8135781745819746,0.18642182541802538,0.8396546113107742,0.1603453886892256
46,0.5749004689738546,0.42509953102614534,0.7580638992198373,0.24193610078016275,0.6289169468151037,0.37108305318489637,0.12014524873631567,0.8798547512636844,0.01008794962823969,0.9899120503717602
47,0.18093229184217338,0.8190677081578265,0.8236932930286957,0.17630670697130427,0.021029358131788235,0.9789706418682117,0.33699204510771014,0.6630079548922898,0.8259902009728455,0.17400979902715458
48,0.059101682620419836,0.9408983173795802,0.01819827382661543,0.9818017261733847,0.15278288914138097,0.8472171108586191,0.0037795590565714134,0.9962204409434285,0.08608582381678961,0.9139141761832104
49,0.8134015053203104,0.18659849467968964,0.19783772688848472,0.8021622731115153,0.007911597373578449,0.9920884026264215,0.16315876886718034,0.8368412311328196,0.4969831313339391,0.5030168686660609
50,0.14819946952784213,0.851800530472158,0.4129450111190149,0.5870549888809851,0.17095345021431888,0.8290465497856812,0.00870807544231562,0.9912919245576844,0.05892081914494489,0.941079180855055
51,0.8489037012952176,0.15109629870478242,0.06509499421972571,0.9349050057802742,0.19176460316932561,0.8082353968306745,0.04338888651943118,0.9566111134805688,0.7776861703944289,0.22231382960557106
52,0.0007536481060331557,0.9992463518939669,0.8262247187838561,0.1737752812161438,0.2571708879180305,0.7428291120819696,0.9175449990607978,0.08245500093920222,0.004751560553497569,0.9952484394465024
53,0.9194262730720693,0.08057372692793066,0.8728662994452954,0.1271337005547045,0.7234248885851493,0.27657511141485075,0.1335901196211829,0.8664098803788172,0.18604819928866406,0.813951800711336
54,0.09645765526260949,0.9035423447373905,0.35442768170305783,0.6455723182969422,0.6802181591575203,0.3197818408424797,0.03933736404206354,0.9606626359579364,0.013090335267714503,0.9869096647322856
55,0.002722433944818148,0.9972775660551818,0.00913620049895918,0.9908637995010409,0.15226550914116008,0.84773449085884,0.613287701257154,0.3867122987428459,0.24500473973682121,0.7549952602631788
56,0.7539474566307346,0.24605254336926546,0.5317136017110774,0.4682863982889226,0.2238113662564804,0.7761886337435195,0.005945201494502861,0.9940547985054972,0.9606912401272794,0.039308759872720554
57,0.6354498544726576,0.36455014552734244,0.18579568373478822,0.8142043162652118,0.1045383150534646,0.8954616849465354,0.011037123587192088,0.988962876412808,0.032586732268008414,0.9674132677319915
58,0.1378646004882422,0.8621353995117579,0.42809943902275444,0.5719005609772456,0.013416644808426349,0.9865833551915737,0.0013700637003418504,0.9986299362996581,0.023449304964469887,0.97655069503553
59,0.06760251989566142,0.9323974801043386,0.024590417538083907,0.975409582461916,0.015174381130808379,0.9848256188691916,0.0531886250270408,0.9468113749729593,0.12214203615129833,0.8778579638487016
60,0.012343384730359674,0.9876566152696402,0.10484975898535383,0.8951502410146462,0.743586428440684,0.256413571559316,0.7721164854260912,0.22788351457390874,0.925720230300626,0.07427976969937396
61,0.04149105559120805,0.958508944408792,0.27523052139979653,0.7247694786002035,0.10186029558244478,0.8981397044175552,0.08489628184180902,0.9151037181581909,0.004244701326776812,0.9957552986732232
62,0.017277953573138372,0.9827220464268617,0.7604435494505792,0.23955645054942082,0.4878342278412088,0.5121657721587912,0.3944308370637034,0.6055691629362967,0.9442511529398276,0.055748847060172316
63,0.7586169247444632,0.24138307525553676,0.02185236643099351,0.9781476335690066,0.5198270352474209,0.4801729647525791,0.32723010287493615,0.672769897125064,0.7993959178520621,0.20060408214793793
64,0.04154459086670921,0.9584554091332909,0.5728986691951462,0.4271013308048538,0.05757020433163536,0.9424297956683645,0.7592057961815446,0.24079420381845534,0.03998770757482515,0.9600122924251748
65,0.36346392856227994,0.6365360714377201,0.0337727230918663,0.9662272769081337,0.0006645237372841617,0.999335476262716,0.2630291402053615,0.7369708597946385,0.2434655105989722,0.7565344894010277
66,0.08128730693008812,0.9187126930699119,0.27608233854215775,0.7239176614578422,0.10391600736796536,0.8960839926320346,0.21648460349188908,0.783515396508111,0.749627591717318,0.2503724082826821
67,0.03961186040322695,0.960388139596773,0.40862378350489903,0.591376216495101,0.13381792646262833,0.8661820735373716,0.9067192324617327,0.09328076753826743,0.003399320286908103,0.996600679713092
68,0.06192349445909371,0.9380765055409064,0.1297754704853114,0.8702245295146886,0.022418399228934162,0.9775816007710658,0.4017258356203328,0.5982741643796672,0.033935986870589206,0.9660640131294107
69,0.01764875921048299,0.982351240789517,0.3122253958994393,0.6877746041005607,0.02684651271159033,0.9731534872884098,0.4299131729024513,0.5700868270975488,0.21641811692114063,0.7835818830788595
70,0.40773461530885147,0.5922653846911485,0.44027101983266953,0.5597289801673304,0.3912665016270118,0.6087334983729882,0.3309447219200623,0.6690552780799377,0.08309514587815928,0.9169048541218409
71,0.03981205896031896,0.960187941039681,0.10023320354014761,0.8997667964598524,0.05755899498013226,0.9424410050198677,0.5491275681072547,0.45087243189274534,0.12193232517999227,0.8780676748200076
72,0.6569341306508237,0.34306586934917627,0.0014287205325757668,0.9985712794674242,0.02811762298563354,0.9718823770143665,0.30024606953946675,0.6997539304605332,0.2502313175211762,0.7497686824788238
73,0.22752062405644402,0.772479375943556,0.2882347424966868,0.7117652575033132,0.8352073234839924,0.16479267651600749,0.045517605630087596,0.9544823943699123,0.6471530214283446,0.35284697857165537
74,0.0057905766809994265,0.9942094233190005,0.004501854753459123,0.9954981452465408,0.4086698520017681,0.5913301479982319,0.049589452266100606,0.9504105477338994,0.9132555669904263,0.08674443300957359
75,0.511149325510012,0.4888506744899881,0.15819677801896645,0.8418032219810335,0.4422434621022844,0.5577565378977156,0.270611459843385,0.7293885401566149,0.0167844243884959,0.9832155756115041
76,0.8247001179526066,0.17529988204739327,0.14421046919385203,0.8557895308061478,0.7959286788298151,0.20407132117018506,0.022531227861668522,0.9774687721383316,0.18811579350220192,0.8118842064977981
77,0.22441980052587168,0.7755801994741283,0.16887381209771352,0.8311261879022865,0.9012364468000958,0.09876355319990422,0.5207696587222876,0.4792303412777124,0.23794426556573933,0.7620557344342607
78,0.06351740433257214,0.9364825956674278,0.2728723478267591,0.7271276521732408,0.09646309006810047,0.9035369099318995,0.003714342250208147,0.9962856577497918,0.028797582959457824,0.9712024170405421
79,0.019053601552170084,0.9809463984478299,0.298957435354566,0.701042564645434,0.0022642011909912,0.9977357988090088,0.08472156420190217,0.9152784357980979,0.7908242351869879,0.20917576481301214
80,0.03470830181762898,0.9652916981823709,0.8621782863586371,0.13782171364136273,0.7708395256984317,0.22916047430156827,0.22551140772181738,0.7744885922781826,0.46078083203499254,0.5392191679650074
81,0.512688791772081,0.48731120822791896,0.6313939916861045,0.3686060083138954,0.2037166078208384,0.7962833921791617,0.7128289619500865,0.28717103804991345,0.020922499269015238,0.9790775007309847
82,0.40101231407048765,0.5989876859295125,0.0369359772971027,0.9630640227028973,0.011829346788318373,0.9881706532116816,0.07367416999362826,0.9263258300063718,0.0009441798245745758,0.9990558201754254
83,0.6458948190209407,0.3541051809790593,0.186886672934818,0.8131133270651819,0.0031293148168333174,0.9968706851831666,0.22460968658813574,0.7753903134118644,0.9864403987136334,0.01355960128636644
84,0.5373622337413041,0.4626377662586959,0.8083634827270945,0.19163651727290548,0.28689897762739613,0.7131010223726039,0.5425473632278789,0.4574526367721211,0.46031214147403726,0.5396878585259628
85,0.06867055485868641,0.9313294451413135,0.6319253262750172,0.36807467372498287,0.5598732066675726,0.4401267933324274,0.2861468596738635,0.7138531403261364,0.361295207491131,0.6387047925088691
86,0.022536651309270163,0.9774633486907298,0.1035303027805526,0.8964696972194475,0.011413767962965605,0.9885862320370343,0.17331858166160474,0.8266814183383951,0.928867214882677,0.07113278511732288
87,0.018174225461887784,0.9818257745381122,0.0326004482088285,0.9673995517911715,0.25123628841794254,0.7487637115820573,0.11645175878489855,0.8835482412151014,0.9464954597589319,0.05350454024106825
88,0.08579819495062127,0.9142018050493789,0.11306111665539245,0.8869388833446076,0.2016187111239252,0.7983812888760747,0.0302631576700525,0.9697368423299475,0.6067102686897924,0.3932897313102077
89,0.002764970827359936,0.99723502917264,0.7444224825364314,0.2555775174635686,0.7853626270691942,0.21463737293080584,0.7390682108007092,0.26093178919929094,0.9873683332237599,0.012631666776240147
90,0.06864017968391856,0.9313598203160816,0.41869961985838433,0.5813003801416157,0.31134259078204957,0.6886574092179505,0.40618861634280845,0.5938113836571914,0.04519057056721389,0.954809429432786
91,0.10574886456333063,0.8942511354366693,0.8865403015512788,0.1134596984487212,0.29494802744588516,0.7050519725541149,0.05509662334567937,0.9449033766543206,0.44775953810369656,0.5522404618963034
92,0.01316247939992694,0.9868375206000731,0.055163954447293675,0.9448360455527063,0.011093842232529915,0.98890615776747,0.17868606074181473,0.8213139392581852,0.8832922852893865,0.11670771471061334
93,0.0016389671806188665,0.998361032819381,0.000696701892487539,0.9993032981075125,0.39700114781957063,0.6029988521804294,0.32168283853505075,0.6783171614649492,0.04616853559150611,0.9538314644084938
94,0.896980988655724,0.10301901134427607,0.18726755257344185,0.8127324474265581,0.21310020725997408,0.7868997927400259,0.08137451537949365,0.9186254846205063,0.047881914346258124,0.952118085653742
95,0.3249773091467171,0.6750226908532829,0.0022846238147560703,0.9977153761852439,0.21614958832556655,0.7838504116744335,0.004703148292710324,0.9952968517072897,0.2918519333671948,0.7081480666328053
96,0.239461537159691,0.7605384628403089,0.2157764878743998,0.7842235121256003,0.10620875290248481,0.8937912470975153,0.7771719172701241,0.22282808272987586,0.4280180635669919,0.5719819364330082
97,0.696328669642752,0.30367133035724797,0.07196849404209171,0.9280315059579083,0.18907521230721708,0.810924787692783,0.20555855333757878,0.7944414466624212,0.02949231611151739,0.9705076838884826
98,0.1294801876143505,0.8705198123856495,0.8006223179841424,0.19937768201585776,0.42189781806262844,0.5781021819373715,0.6647172592790189,0.3352827407209812,0.17038486436131087,0.8296151356386889
99,0.003329354282196095,0.9966706457178038,0.37962537483898273,0.6203746251610173,0.03283131575863933,0.9671686842413607,0.6472675713747514,0.35273242862524856,0.09134935072820424,0.9086506492717958
100,0.020248357989421463,0.9797516420105786,0.2093307855136218,0.7906692144863782,0.05859702541349774,0.9414029745865022,0.19318979657488747,0.8068102034251126,0.20373261923275482,0.7962673807672452
101,0.3306711688774623,0.6693288311225377,0.13566062081869096,0.864339379181309,0.21614914999611043,0.7838508500038895,0.2801331777370081,0.7198668222629919,0.004214987360990507,0.9957850126390095
102,0.01552361154850832,0.9844763884514917,0.31819004379475435,0.6818099562052458,0.08208137552197939,0.9179186244780206,0.21896408059440525,0.7810359194055947,0.20000096473679543,0.7999990352632047
103,0.0163154941442752,0.9836845058557249,0.004955988192872884,0.9950440118071271,0.48646665128312516,0.5135333487168748,0.650060162483467,0.34993983751653296,0.044991196368899436,0.9550088036311006
104,0.05576838403220774,0.9442316159677923,0.5528188875737506,0.44718111242624936,0.9780099185380571,0.021990081461942902,0.002785997469333701,0.9972140025306663,0.21682755883920266,0.7831724411607974
105,0.07465969822452198,0.9253403017754781,0.01802461528086332,0.9819753847191366,0.04715499147356381,0.9528450085264362,0.9225047614725455,0.07749523852745457,0.09222590799663155,0.9077740920033686
106,0.11402444830336807,0.8859755516966319,0.0974173373559591,0.902582662644041,0.2819432557793257,0.7180567442206742,0.04220529033362728,0.9577947096663728,0.02750286221891036,0.9724971377810897
107,0.07145925679354433,0.9285407432064556,0.2649471817554919,0.735052818244508,0.5328772521677511,0.46712274783224894,0.4356692919501269,0.5643307080498732,0.5821744280992242,0.41782557190077585
108,0.5081297530766541,0.4918702469233459,0.18571654185951772,0.8142834581404823,0.031203963337538963,0.9687960366624611,0.13990965713700948,0.8600903428629906,0.15589136641676743,0.8441086335832326
109,0.16112947939829486,0.8388705206017052,0.9822233565588234,0.017776643441176406,0.14301507818973275,0.8569849218102672,0.03541275129368522,0.9645872487063147,0.026182995436811175,0.9738170045631888
110,0.39469818553437774,0.6053018144656223,0.007438542392174297,0.9925614576078257,0.09641723173778931,0.9035827682622106,0.0008770841122254902,0.9991229158877746,0.08842039008499936,0.9115796099150006
111,0.8798424923828136,0.12015750761718631,0.7839546046741397,0.2160453953258603,0.10581490106080431,0.8941850989391955,0.6915516457417354,0.30844835425826467,0.5383278401924212,0.4616721598075788
112,0.12169105310750146,0.8783089468924985,0.5283431742827402,0.47165682571725986,0.008075946011286406,0.9919240539887136,0.007875630725961136,0.9921243692740388,0.21815101657652464,0.7818489834234754
113,0.1892293668784002,0.8107706331215997,0.42903554359123863,0.5709644564087614,0.4714215885308515,0.5285784114691486,0.43586702015143014,0.5641329798485699,0.007949606817812338,0.9920503931821877
114,0.27969004744216314,0.7203099525578368,0.08341120607094235,0.9165887939290578,0.1988234668158342,0.8011765331841658,0.05259636281427753,0.9474036371857224,0.12580052126080016,0.8741994787391999
115,0.00665872716548852,0.9933412728345115,0.6062949357160485,0.39370506428395136,0.02916743017474501,0.9708325698252549,0.5113299891267473,0.48867001087325274,0.7536812166452577,0.24631878335474236
116,0.14206230238241527,0.8579376976175848,0.09168493100931771,0.9083150689906823,0.555479198739175,0.44452080126082516,0.07636280634586956,0.9236371936541306,0.6888103881073738,0.3111896118926262
117,0.4609404230882667,0.5390595769117332,0.0977829386028245,0.9022170613971756,0.33042388684471746,0.6695761131552825,0.28061253039544737,0.7193874696045526,0.006339334167225474,0.9936606658327746
118,0.12402941450857889,0.8759705854914213,0.04574230001823822,0.9542576999817618,0.1335795443146849,0.866420455685315,0.05056178714493977,0.9494382128550601,0.2432007913042173,0.7567992086957827
119,0.8119811364801042,0.18801886351989577,0.16050924572079933,0.8394907542792007,0.6726723757633122,0.3273276242366878,0.021759105265532486,0.9782408947344674,0.00612246215161194,0.9938775378483881
120,0.07658847428042823,0.9234115257195719,0.910434856505281,0.08956514349471903,0.17491999148750345,0.8250800085124965,0.0666976030116077,0.9333023969883923,0.049492168104465925,0.9505078318955341
121,0.1767043564181296,0.8232956435818704,0.20006106981390528,0.7999389301860946,0.18538578402300396,0.814614215976996,0.00042912109668473696,0.9995708789033152,0.06628861254343126,0.9337113874565688
122,0.6654996518669976,0.33450034813300245,0.6201645219337808,0.37983547806621926,0.3291390653346959,0.6708609346653042,0.007326034175013207,0.9926739658249868,0.9568244850624021,0.04317551493759786
123,0.23361513191314182,0.7663848680868582,0.02291431425728354,0.9770856857427166,0.2656655472210821,0.734334452778918,0.024432043609244225,0.9755679563907558,0.8084489037372281,0.19155109626277195
124,0.7008726418964766,0.29912735810352337,0.526474105010867,0.473525894989133,0.862913936552529,0.13708606344747098,0.192501082309475,0.807498917690525,0.004625364612763838,0.9953746353872361
125,0.026765721037490798,0.9732342789625094,0.8372910345771374,0.1627089654228626,0.05610053983745063,0.9438994601625493,0.004276211720188372,0.9957237882798115,0.0009489944412948814,0.9990510055587052
126,0.09216671123131344,0.9078332887686866,0.8566697874955302,0.14333021250446967,0.016514481032196392,0.9834855189678036,0.2864175494816566,0.7135824505183435,0.6139237477419595,0.3860762522580406
127,0.014277140983187686,0.9857228590168123,0.13509998199544682,0.8649000180045533,0.029356602761597062,0.970643397238403,0.590901450368496,0.40909854963150416,0.3121457196084654,0.6878542803915346
128,0.8558495106354584,0.14415048936454142,0.8127282078681295,0.18727179213187045,0.058120679532127295,0.9418793204678726,0.04175633909891201,0.958243660901088,0.77861153462863,0.2213884653713701
129,0.02909963032071696,0.9709003696792831,0.04346684945838706,0.9565331505416129,0.18897650770880697,0.811023492291193,0.09695699196936611,0.9030430080306339,0.014299952206889155,0.9857000477931109
130,0.22844114461747625,0.7715588553825238,0.06767183664932133,0.9323281633506786,0.430157763411848,0.5698422365881519,0.03997901745043799,0.9600209825495621,0.12039262655295294,0.879607373447047
131,0.03818750327655116,0.9618124967234488,0.17750942044756962,0.8224905795524304,0.07962755179470704,0.9203724482052931,0.01077088269769173,0.9892291173023082,0.028710055466490393,0.9712899445335097
132,0.10424641491199078,0.8957535850880092,0.1067415808745125,0.8932584191254875,0.11447492546216569,0.8855250745378342,0.4269329068431672,0.5730670931568328,0.030069008417384448,0.9699309915826155
133,0.006478783140490862,0.9935212168595091,0.050606710473402684,0.9493932895265973,0.878297118065148,0.12170288193485213,0.5151688869159329,0.48483111308406707,0.016607107695175215,0.9833928923048247
134,0.004727241797019976,0.99527275820298,0.039137408654126224,0.9608625913458738,0.01046235948452372,0.9895376405154763,0.26032094509039394,0.7396790549096061,0.021040317839205146,0.9789596821607949
135,0.3933533900436137,0.6066466099563863,0.20011187786249646,0.7998881221375036,0.0024318922222202667,0.9975681077777796,0.056875183478997914,0.9431248165210022,0.024709107329822434,0.9752908926701774
136,0.05853701019547246,0.9414629898045275,0.01017804486713234,0.9898219551328676,0.16160322305753935,0.8383967769424607,0.08405412022089438,0.9159458797791057,0.8136346809542309,0.1863653190457692
137,0.5897581693478299,0.41024183065217007,0.3373108736869519,0.6626891263130481,0.7016152223340326,0.2983847776659675,0.10762259541282204,0.8923774045871781,0.20178335744740022,0.7982166425525998
138,0.22337218945837622,0.7766278105416238,0.24665122449859278,0.7533487755014072,0.06037785886656162,0.9396221411334384,0.032266891682943236,0.9677331083170568,0.9665232256442223,0.0334767743557776
139,0.24665232199383783,0.7533476780061623,0.22420862639810651,0.7757913736018935,0.16391316270768083,0.8360868372923193,0.18634887959409913,0.8136511204059008,0.021403373586349896,0.9785966264136501
140,0.025498660812792305,0.9745013391872078,0.6038319175945759,0.3961680824054241,0.0506485501587546,0.9493514498412454,0.2363195626968564,0.7636804373031436,0.05239689588078691,0.9476031041192131
141,0.10285179573108064,0.8971482042689193,0.680209017756088,0.3197909822439119,0.01230572401776182,0.987694275982238,0.25883206627808963,0.7411679337219104,0.0892980729936141,0.9107019270063859
142,0.6118023547991722,0.3881976452008278,0.08665246931362454,0.9133475306863754,0.18272549824008694,0.817274501759913,0.37288508168317847,0.6271149183168215,0.7868840980294447,0.21311590197055524
143,0.2749029730689063,0.7250970269310937,0.1658516435900886,0.8341483564099115,0.09883130346294919,0.9011686965370508,0.006502313766417434,0.9934976862335827,0.8691607029488129,0.13083929705118721
144,0.1318840578378929,0.8681159421621072,0.08290474363105975,0.9170952563689403,0.6185147811182268,0.3814852188817731,0.01165097336308334,0.9883490266369167,0.4172359860894604,0.5827640139105397
145,0.6274496020015998,0.37255039799840023,0.0855997052800502,0.9144002947199498,0.11746063988281738,0.8825393601171825,0.44916073862631584,0.5508392613736841,0.4118674049462833,0.5881325950537166
146,0.34603207944308517,0.6539679205569148,0.08873085812136869,0.9112691418786312,0.7467086096656583,0.2532913903343417,0.7938497205957852,0.20615027940421488,0.8891640484253465,0.11083595157465345
147,0.3028586783060375,0.6971413216939624,0.04732290490766513,0.952677095092335,0.11189025755148371,0.8881097424485163,0.06087423255901962,0.9391257674409804,0.06570383789886232,0.9342961621011376
148,0.07146899125260538,0.9285310087473946,0.16431274638579668,0.8356872536142033,0.07381098276993026,0.9261890172300697,0.21202399920456916,0.7879760007954308,0.20649514920182335,0.7935048507981767
149,0.3567666330233854,0.6432333669766146,0.8939136059394815,0.10608639406051826,0.0722880326741587,0.9277119673258414,0.8448428057199051,0.15515719428009483,0.17257673657376604,0.827423263426234
150,0.3564458409865642,0.6435541590134358,0.9419605250623946,0.058039474937605404,0.014168265794561163,0.9858317342054388,0.09025775595276431,0.9097422440472357,0.23923346038420507,0.760766539615795
151,0.04053334003781921,0.9594666599621808,0.4330244343280367,0.5669755656719632,0.6177500378935735,0.3822499621064265,0.23777443661928785,0.7622255633807121,0.1531688952539737,0.8468311047460263
152,0.006084918290007346,0.9939150817099925,0.5909893052075021,0.4090106947924978,0.05196117993300351,0.9480388200669964,0.010054773954174223,0.9899452260458258,0.36912799092710114,0.6308720090728989
153,0.052332897359807326,0.9476671026401927,0.026439450229646333,0.9735605497703537,0.5997392017104155,0.4002607982895844,0.12693190179735875,0.8730680982026413,0.8495980356409184,0.15040196435908149
154,0.3364777828013234,0.6635222171986765,0.9415028769947972,0.05849712300520291,0.047654886932962784,0.9523451130670372,0.6137981926339233,0.38620180736607673,0.32484985937923766,0.6751501406207623
155,0.2662808077818729,0.7337191922181271,0.03382481120515035,0.9661751887948498,0.0004919521426082652,0.9995080478573918,0.7340426061751865,0.26595739382481354,0.021806443755222293,0.9781935562447778
156,0.0703099811535767,0.9296900188464233,0.08695219710056241,0.9130478028994375,0.005262352099129175,0.9947376479008708,0.01959899606094,0.98040100393906,0.1728990834941541,0.8271009165058458
157,0.06493617529303608,0.9350638247069639,0.1566291798389091,0.8433708201610909,0.2508004380438072,0.7491995619561929,0.4194222255664545,0.5805777744335454,0.4481025300017139,0.5518974699982861
158,0.2774954974051508,0.7225045025948493,0.48399966462515626,0.5160003353748437,0.3604760170453612,0.6395239829546389,0.5042610863643102,0.4957389136356897,0.1199867691427546,0.8800132308572455
159,0.004887019575257589,0.9951129804247424,0.013778733320477165,0.9862212666795228,0.6113247280481307,0.38867527195186924,0.25558801695805633,0.7444119830419437,0.5471057788588343,0.45289422114116584
160,0.034097752492284375,0.9659022475077155,0.5731807177422544,0.42681928225774557,0.026609545630155607,0.9733904543698444,0.7341787077959042,0.2658212922040958,0.05698044878248387,0.943019551217516
161,0.35073883801875355,0.6492611619812465,0.17149355857664772,0.8285064414233523,0.21133465207442192,0.7886653479255781,0.17626049436696425,0.8237395056330357,0.001044356028262139,0.998955643971738
162,0.12571613441688528,0.8742838655831147,0.1659379910114415,0.8340620089885584,0.4780391842358419,0.5219608157641581,0.02971854993513101,0.9702814500648689,0.8820313591118655,0.11796864088813457
163,0.05869147177661873,0.9413085282233812,0.027869523802535223,0.9721304761974647,0.8551034255729142,0.14489657442708564,0.5338183026616898,0.4661816973383101,0.5580510687167883,0.4419489312832117
164,0.7731992491727218,0.22680075082727816,0.08594044429768843,0.9140595557023115,0.04570151716470883,0.9542984828352912,0.6697668697525163,0.33023313024748374,0.05086544566882969,0.9491345543311702
165,0.5121284615138083,0.4878715384861917,0.019499910600286708,0.9805000893997132,0.43082314990128784,0.5691768500987121,0.07376598349106563,0.9262340165089343,0.11665964627297572,0.8833403537270244
166,0.0035840550445536135,0.9964159449554465,0.006298968013936079,0.9937010319860639,0.026871078384267787,0.9731289216157322,0.26129396398020405,0.738706036019796,0.013348982984257175,0.986651017015743
167,0.20355533733239284,0.7964446626676072,0.22295123333896702,0.7770487666610331,0.40706521826243264,0.5929347817375674,0.3772512563210727,0.6227487436789273,0.2912330388168508,0.7087669611831492
168,0.11456470024129847,0.8854352997587014,0.128650735458444,0.8713492645415559,0.05567147270755355,0.9443285272924464,0.1311421666028862,0.8688578333971139,0.004042862920245316,0.9959571370797548
169,0.937645936601869,0.0623540633981311,0.8100189546530905,0.18998104534690952,0.8787160476468475,0.12128395235315241,0.31645352098335894,0.683546479016641,0.2013249119949027,0.7986750880050973
170,0.577801184336473,0.42219881566352696,0.017298171341430857,0.9827018286585691,0.1756168663587146,0.8243831336412853,0.7273221803289623,0.27267781967103766,0.5428604036753385,0.4571395963246615
171,0.8383738801768562,0.16162611982314373,0.131643681519137,0.868356318480863,0.01630014796239383,0.9836998520376061,0.06334181657010116,0.9366581834298987,0.1090579526907512,0.8909420473092489
172,0.1676032342838531,0.8323967657161468,0.0021478942370344533,0.9978521057629657,0.3474291906779201,0.6525708093220798,0.0007656500280702084,0.9992343499719297,0.265491093309422,0.734508906690578
173,0.057008750039875974,0.9429912499601241,0.2522219142774703,0.7477780857225296,0.0781593650143371,0.9218406349856629,0.11884076106173588,0.8811592389382641,0.6646460672787792,0.3353539327212208
174,0.6729286783130591,0.32707132168694086,0.5673630417705444,0.4326369582294555,0.08314092488050731,0.9168590751194927,0.30748166744918726,0.6925183325508127,0.255738911698543,0.744261088301457
175,0.12608594128357303,0.8739140587164268,0.4836294165860348,0.5163705834139651,0.02317396332350863,0.9768260366764914,0.06829854336493904,0.931701456635061,0.04596694803307992,0.9540330519669201
176,0.0035859263861953263,0.9964140736138047,0.5428438732020922,0.4571561267979078,0.30811177681560054,0.6918882231843995,0.07178176050677842,0.9282182394932216,0.7284938187365085,0.27150618126349146
177,0.9163644704842102,0.08363552951578986,0.2635391879457445,0.7364608120542555,0.14636752027579084,0.8536324797242092,0.4866270472815086,0.5133729527184914,0.4303581484632909,0.5696418515367091
178,0.05615172172982259,0.9438482782701774,0.0301968880406982,0.9698031119593018,0.8026342959685238,0.1973657040314763,0.0047747801668857285,0.9952252198331143,0.1636589922473943,0.8363410077526057
179,0.9641846221797102,0.03581537782028965,0.010244622516329027,0.9897553774836709,0.09558686839342687,0.904413131606573,0.0005911776725776363,0.9994088223274223,0.3468090400673627,0.6531909599326374
180,0.0035183490319425025,0.9964816509680574,0.7975773149016006,0.20242268509839945,0.5154215378065883,0.48457846219341166,0.667256112915711,0.33274388708428904,0.2743486323842717,0.7256513676157283
181,0.5836671909121947,0.41633280908780523,0.026080817253628562,0.9739191827463716,0.04060958896131461,0.9593904110386854,0.1330008447479873,0.8669991552520127,0.1479574241602166,0.8520425758397835
182,0.47728635235176836,0.5227136476482317,0.05692701293197917,0.9430729870680208,0.08100782242487467,0.9189921775751253,0.020680225612106383,0.9793197743878936,0.308008671844056,0.691991328155944
183,0.032160589178444596,0.9678394108215554,0.07327257379365275,0.9267274262063472,0.012598218561473917,0.9874017814385262,0.025610142740052667,0.9743898572599473,0.48818668189189224,0.5118133181081077
184,0.3679966447357252,0.6320033552642748,0.02807748328402555,0.9719225167159745,0.7878278486410412,0.21217215135895895,0.16708004464460957,0.8329199553553904,0.9753400333700604,0.024659966629939536
185,0.0949663689372384,0.9050336310627618,0.48831821074365617,0.5116817892563439,0.4769867237044533,0.5230132762955467,0.14611599573301493,0.8538840042669851,0.3905424340307421,0.6094575659692578
186,0.02081409586559859,0.9791859041344015,0.467111914099939,0.532888085900061,0.872504063401745,0.12749593659825503,0.9160651277965618,0.0839348722034382,0.7221828856423349,0.27781711435766504
187,0.3313959877981989,0.6686040122018011,0.7433271659163883,0.2566728340836118,0.37356412967481456,0.6264358703251854,0.08204161867955825,0.9179583813204418,0.00526367563742427,0.9947363243625758
188,0.06436772772325361,0.9356322722767464,0.17799367179387546,0.8220063282061245,0.014024172399052936,0.9859758276009469,0.13651732358770444,0.8634826764122956,0.979882252831073,0.02011774716892698
189,0.01471391022620272,0.9852860897737973,0.6911800803172419,0.30881991968275824,0.9461625464780694,0.05383745352193063,0.6888556090633559,0.31114439093664414,0.08120244907707527,0.9187975509229247
190,0.1787524250283358,0.8212475749716642,0.008576508923237802,0.9914234910767622,0.13944666970907443,0.8605533302909256,0.8457270817589553,0.15427291824104478,0.744274381506344,0.25572561849365594
191,0.3675032599454881,0.6324967400545118,0.0015876249183005343,0.9984123750816994,0.21216282775659617,0.7878371722434039,0.0047024847915915656,0.9952975152084085,0.11085428793523375,0.8891457120647661
192,0.8728932089640213,0.1271067910359786,0.22925072218100154,0.7707492778189984,0.9311542459443796,0.06884575405562032,0.47931962664453176,0.5206803733554682,0.8730969844605534,0.1269030155394466
193,0.0024233613120593356,0.9975766386879407,0.32296998630147555,0.6770300136985246,0.320580663862675,0.6794193361373251,0.46878106558477695,0.531218934415223,0.42737078154217734,0.5726292184578228
194,0.17842168606664083,0.8215783139333592,0.6333280723830986,0.36667192761690137,0.06076825072171912,0.9392317492782809,0.12192877669340654,0.8780712233065934,0.9895360362062654,0.01046396379373454
195,0.1277378824884356,0.8722621175115645,0.6468752360031319,0.3531247639968681,0.46362920053850265,0.5363707994614973,0.8714308200238229,0.12856917997617717,0.7195576321753749,0.28044236782462517
196,0.48098642898049543,0.5190135710195045,0.7694765653821507,0.23052343461784916,0.2010346572240616,0.7989653427759384,0.05464596782561963,0.9453540321743803,0.08112154011483044,0.9188784598851696
197,0.2180822199766678,0.7819177800233322,0.7859646009724479,0.21403539902755203,0.059765161938571246,0.9402348380614288,0.17082003187461559,0.8291799681253844,0.7671240760850926,0.23287592391490747
198,0.013431639786296112,0.986568360213704,0.15584605998499554,0.8441539400150045,0.6937004392981247,0.30629956070187525,0.3474646736225059,0.6525353263774941,0.07267174392686615,0.9273282560731338
199,0.9440149671100853,0.055985032889914646,0.6535889889001911,0.3464110110998089,0.7438819102689559,0.2561180897310441,0.587963597097063,0.41203640290293697,0.7528585983940801,0.24714140160591985
200,0.014602533888261337,0.9853974661117387,0.09492765796966054,0.9050723420303395,0.18226045048300274,0.8177395495169973,0.07530764889491375,0.9246923511050863,0.7249917837032923,0.2750082162967077
201,0.23937342884334015,0.7606265711566599,0.04642319096355607,0.953576809036444,0.36024369172277537,0.6397563082772246,0.1424152212998129,0.8575847787001871,0.2598687016703492,0.7401312983296509
202,0.02681499643499243,0.9731850035650076,0.12726222810777477,0.8727377718922252,0.09404363109550914,0.9059563689044909,0.013776329940581977,0.9862236700594181,0.44402468333417955,0.5559753166658205
203,0.48431530006176277,0.5156846999382372,0.33286578279270457,0.6671342172072954,0.03214365548990879,0.9678563445100913,0.08871605437141412,0.9112839456285858,0.622831998071101,0.377168001928899
204,0.029707024967449168,0.970292975032551,0.13751207342804259,0.8624879265719574,0.3672971243875869,0.6327028756124131,0.7389531545978822,0.2610468454021177,0.3106670596872396,0.6893329403127604
205,0.23384314693112468,0.7661568530688754,0.13164742467018414,0.8683525753298159,0.004498940310688848,0.995501059689311,0.9336763327043244,0.06632366729567558,0.8537303022710571,0.14626969772894285
206,0.014494415192022015,0.9855055848079779,0.01817783715530934,0.9818221628446906,0.40797910816352817,0.5920208918364718,0.01671632111679002,0.98328367888321,0.8638354248404182,0.13616457515958186
207,0.016721608774201212,0.9832783912257987,0.7697742799110425,0.23022572008895753,0.8881457353524953,0.11185426464750473,0.9461071177448386,0.05389288225516141,0.05541344721401624,0.9445865527859837
208,0.17099159716773682,0.8290084028322632,0.682015669580145,0.31798433041985497,0.41587405356271867,0.5841259464372813,0.009168161603911073,0.9908318383960889,0.040630026369829285,0.9593699736301706
209,0.038466797847272895,0.9615332021527271,0.04317827813141115,0.9568217218685888,0.6676898068267445,0.3323101931732555,0.042867821340689116,0.957132178659311,0.10490228501415408,0.895097714985846
210,0.468273513581248,0.531726486418752,0.35943111521375837,0.6405688847862416,0.00908194342056432,0.9909180565794357,0.7140084859378093,0.2859915140621907,0.0798640461124441,0.920135953887556
211,0.0015654691532049681,0.9984345308467951,0.05411486142092292,0.9458851385790771,0.048475767315273435,0.9515242326847266,0.9082791308892869,0.091720869110713,0.06749336728230189,0.9325066327176982
212,0.017522692849989575,0.9824773071500104,0.022631684185407664,0.9773683158145923,0.014546279723626876,0.985453720276373,0.014627888071729721,0.9853721119282703,0.6770191416248472,0.32298085837515267
213,0.4194127045979023,0.5805872954020976,0.22264427454464952,0.7773557254553505,0.05064295847766431,0.9493570415223356,0.34586213394147214,0.6541378660585279,0.03284319611190136,0.9671568038880987
214,0.05019422421317112,0.9498057757868288,0.08380734683517306,0.916192653164827,0.005223461929304207,0.9947765380706958,0.8480193806323774,0.15198061936762258,0.5602282182488922,0.43977178175110776
215,0.021185057572569034,0.9788149424274308,0.05334087234581486,0.9466591276541851,0.003847383157056239,0.9961526168429437,0.030871240500426066,0.9691287594995739,0.4637145365669573,0.5362854634330427
216,0.9693570736115806,0.030642926388419523,0.1388947218225542,0.8611052781774458,0.08169692720610318,0.9183030727938968,0.10081953515189739,0.8991804648481025,0.0059979574288112625,0.9940020425711887
217,0.2094514012552044,0.7905485987447957,0.003790898923049646,0.9962091010769504,0.23342408840197953,0.7665759115980204,0.3772469345925682,0.6227530654074318,0.0834935921966585,0.9165064078033416
218,0.03675415950135641,0.9632458404986435,0.5302975409093845,0.4697024590906156,0.03386370153367839,0.9661362984663218,0.7037373679202945,0.29626263207970543,0.5195429283369041,0.4804570716630959
219,0.06707295688727825,0.9329270431127217,0.006372899684160016,0.9936271003158399,0.5649200804565273,0.43507991954347275,0.5457941507354103,0.45420584926458973,0.16115108861953004,0.8388489113804699
220,0.06736320847880092,0.932636791521199,0.27428142086351565,0.7257185791364844,0.0672072790677278,0.9327927209322722,0.043289868575673296,0.9567101314243267,0.5239360631486198,0.4760639368513802
221,0.4633594984298585,0.5366405015701415,0.4842794188320439,0.515720581167956,0.011108231768303445,0.9888917682316964,0.720341067330217,0.27965893266978303,0.00779039110451143,0.9922096088954884
222,0.06033819308279971,0.9396618069172004,0.03058542008935201,0.9694145799106479,0.28463778524314465,0.7153622147568554,0.0004932055880681352,0.9995067944119318,0.018891632133028913,0.9811083678669711
223,0.8905421638692165,0.1094578361307836,0.9171363776234831,0.08286362237651704,0.27572686207571656,0.7242731379242835,0.8605181213054239,0.13948187869457607,0.9517832529462117,0.048216747053788284
224,0.053538097558557055,0.9464619024414429,0.37521326189959625,0.6247867381004037,0.8647480991343048,0.1352519008656951,0.01534253972671249,0.9846574602732876,0.024920451892345107,0.975079548107655
225,0.04574071442783807,0.9542592855721619,0.06586983356534101,0.9341301664346592,0.8136919556303008,0.1863080443696992,0.11779213004490437,0.8822078699550957,0.243076566537681,0.756923433462319
226,0.24871379935823273,0.7512862006417673,0.042054972030031966,0.9579450279699682,0.10992903334817708,0.890070966651823,0.6042598994376844,0.3957401005623155,0.04092861926325007,0.95907138073675
227,0.025802592381942803,0.9741974076180572,0.5760759102580528,0.4239240897419472,0.3742719453378294,0.6257280546621706,0.8184876777533558,0.1815123222466442,0.5027382011922004,0.4972617988077996
228,0.12299803459713421,0.8770019654028658,0.09991522230976387,0.9000847776902361,0.6325720507481872,0.36742794925181277,0.2745600005059682,0.7254399994940318,0.121593439201676,0.878406560798324
229,0.02424130908451243,0.9757586909154876,0.04147444604290995,0.95852555395709,0.1805512983505369,0.819448701649463,0.31236872831062507,0.6876312716893749,0.10322020946271653,0.8967797905372834
230,0.012456608781330725,0.9875433912186692,0.46478917518072943,0.5352108248192706,0.5931841694072678,0.4068158305927322,0.6769748360173543,0.3230251639826457,0.009988731455778966,0.990011268544221
231,0.1876333724095734,0.8123666275904267,0.0036386073624691483,0.996361392637531,0.21649237559945544,0.7835076244005446,0.044878766814202484,0.9551212331857976,0.026386609511494564,0.9736133904885055
232,0.0696571699096639,0.9303428300903361,0.17387003569863138,0.8261299643013686,0.18964098089338283,0.8103590191066171,0.0648994290825744,0.9351005709174256,0.5631273036991935,0.4368726963008065
233,0.5800021239305174,0.4199978760694827,0.28337077711466774,0.7166292228853323,0.11437352061600162,0.8856264793839983,0.7063040844304702,0.29369591556952984,0.7329463242741675,0.2670536757258325
234,0.018055928137131017,0.9819440718628689,0.6341028234505456,0.3658971765494544,0.04380453924280971,0.9561954607571902,0.5170146526132201,0.4829853473867799,0.6347885834612259,0.3652114165387741
235,0.08171051591799461,0.9182894840820055,0.6932035183897847,0.3067964816102152,0.13687897380799516,0.8631210261920049,0.6221135745958629,0.3778864254041371,0.04149699713066537,0.9585030028693347
236,0.05679602601792806,0.943203973982072,0.004957885558453246,0.9950421144415469,0.29409229133470377,0.7059077086652963,0.005874167852560075,0.9941258321474399,0.07927284292770924,0.9207271570722908
237,0.1603445664040602,0.8396554335959397,0.11743987266400405,0.882560127335996,0.09742141128250167,0.9025785887174983,0.01944597964139001,0.98055402035861,0.4376018506809826,0.5623981493190173
238,0.05523699410358927,0.9447630058964108,0.35629999915372884,0.6437000008462712,0.03196770697306446,0.9680322930269355,0.03867055798749932,0.9613294420125007,0.694008389695396,0.305991610304604
239,0.031212552692814022,0.968787447307186,0.19819349302794886,0.801806506972051,0.44195911917393393,0.5580408808260661,0.06861332770736317,0.9313866722926368,0.07508759091550413,0.9249124090844958
240,0.13046084927624813,0.8695391507237519,0.4136151199100661,0.5863848800899338,0.12115784399198022,0.8788421560080198,0.4323418748978643,0.5676581251021358,0.47267854246489316,0.5273214575351068
241,0.08903459372514666,0.9109654062748535,0.7169887569637126,0.2830112430362875,0.34393011017238706,0.6560698898276129,0.05109764593070285,0.9489023540692972,0.3041503039656085,0.6958496960343916
242,0.17075372713152762,0.8292462728684724,0.2759525825222246,0.7240474174777753,0.7083102711183993,0.2916897288816007,0.8601307957585538,0.13986920424144617,0.8477609577062232,0.15223904229377694
243,0.0767269689416987,0.9232730310583014,0.8920099913390315,0.10799000866096849,0.05067579146810166,0.9493242085318983,0.0490901864304111,0.950909813569589,0.055261220207795246,0.9447387797922048
244,0.02979885255424832,0.9702011474457517,0.5695838247023205,0.4304161752976795,0.8169329642440901,0.18306703575590988,0.016796664210964284,0.9832033357890356,0.3667629197774196,0.6332370802225804
245,0.5223283399947264,0.47767166000527367,0.006736530590024059,0.9932634694099759,0.12315694825012971,0.8768430517498704,0.34290009404562616,0.6570999059543738,0.7984636478546605,0.2015363521453395
246,0.11643230103716737,0.8835676989628327,0.00717159348030898,0.9928284065196911,0.3895580320257965,0.6104419679742035,0.8058042281655722,0.19419577183442788,0.3588703321961383,0.6411296678038617
247,0.006456928622877523,0.9935430713771225,0.39492438282939213,0.6050756171706079,0.5278525481689397,0.4721474518310603,0.004386396905361889,0.9956136030946382,0.020948204417319503,0.9790517955826804
248,0.050379669102327454,0.9496203308976726,0.1686772687366545,0.8313227312633454,0.39400257673706046,0.6059974232629395,0.5471881103645091,0.45281188963549096,0.16801882385691355,0.8319811761430863
249,0.2464046514299958,0.7535953485700042,0.012244882083306475,0.9877551179166936,0.2609878052909676,0.7390121947090323,0.49474020642469146,0.5052597935753085,0.009701466157932992,0.990298533842067
250,0.009991786236556232,0.9900082137634438,0.2017529210275808,0.7982470789724192,0.5699222226824561,0.43007777731754393,0.29663371295300467,0.7033662870469953,0.020260772059898957,0.9797392279401012
251,0.7164533581972907,0.28354664180270933,0.7018977147437079,0.2981022852562921,0.21601656032750044,0.7839834396724996,0.5071916034986164,0.4928083965013837,0.22036204830259506,0.7796379516974049
252,0.5022259844927979,0.4977740155072022,0.9530305248048204,0.04696947519517962,0.9666737372719287,0.033326262728071224,0.023114228377044133,0.9768857716229558,0.03093808782504486,0.9690619121749553
253,0.5516920237675746,0.44830797623242535,0.07490951337342451,0.9250904866265757,0.2877915465846984,0.7122084534153016,0.1175086510822421,0.8824913489177579,0.013014608077173473,0.9869853919228266
254,0.4973562885101286,0.5026437114898713,0.901207469065709,0.09879253093429094,0.40705011529751545,0.5929498847024846,0.03366252850756211,0.9663374714924379,0.5375300215658693,0.4624699784341308
255,0.07672819825094017,0.9232718017490598,0.0077163730106723834,0.9922836269893276,0.6763759434263135,0.32362405657368665,0.023634806812939592,0.9763651931870605,0.04425332581302508,0.9557466741869749
256,0.08011487137011286,0.9198851286298872,0.0016861550134842141,0.9983138449865159,0.007147938859439651,0.9928520611405602,0.5745689513574119,0.4254310486425881,0.8248757140487323,0.17512428595126767
257,0.11850137576320138,0.8814986242367986,0.4011833093830156,0.5988166906169844,0.3538324104600282,0.6461675895399717,0.5629869710190519,0.43701302898094807,0.2040967712567286,0.7959032287432715
258,0.07025542636108625,0.9297445736389138,0.935268225909352,0.06473177409064809,0.15643806013817224,0.8435619398618279,0.011709684200547276,0.9882903157994527,0.14106598913833318,0.8589340108616668
259,0.56365691973365,0.43634308026634994,0.38278174455434866,0.6172182554456513,0.6345967698214788,0.36540323017852117,0.5698340094825947,0.4301659905174053,0.1960372071277909,0.8039627928722091
260,0.2618648215054174,0.7381351784945827,0.08347618201948175,0.9165238179805183,0.9690737295943597,0.03092627040564038,0.15983078114911647,0.8401692188508836,0.033158392034581374,0.9668416079654186
261,0.0041833106270911195,0.9958166893729089,0.7108807646969554,0.2891192353030445,0.661641350298759,0.33835864970124085,0.8117681659328861,0.1882318340671138,0.7099368365773332,0.2900631634226668
262,0.33840954931431133,0.6615904506856887,0.02599575402409606,0.9740042459759038,0.6624855263962225,0.3375144736037775,0.032959783370490145,0.9670402166295098,0.19991780487224248,0.8000821951277575
263,0.016703897570580196,0.9832961024294198,0.4244958824957073,0.5755041175042928,0.32639264341302215,0.6736073565869779,0.5719257716435143,0.4280742283564859,0.31003408300342805,0.6899659169965721
264,0.3616451372363055,0.6383548627636946,0.17897957642936593,0.8210204235706341,0.02206666137061284,0.9779333386293871,0.6316906238303368,0.3683093761696632,0.008629053360311834,0.991370946639688
265,0.5257939803170704,0.47420601968292964,0.004713731741812155,0.9952862682581879,0.8351178766891703,0.1648821233108296,0.3976365560833798,0.6023634439166201,0.059143702697097324,0.9408562973029028
266,0.5187643433948943,0.4812356566051057,0.05359914189315429,0.9464008581068457,0.02174436979633838,0.9782556302036616,0.26191311311198523,0.7380868868880148,0.5864652794796635,0.41353472052033646
267,0.8627683382441781,0.1372316617558218,0.7643166601899655,0.2356833398100346,0.06379576810115295,0.9362042318988472,0.13311244152895643,0.8668875584710436,0.03099648846460392,0.9690035115353961
268,0.329312743029922,0.670687256970078,0.10617316217309145,0.8938268378269086,0.6566553594255985,0.3433446405744015,0.39091161890575743,0.6090883810942426,0.5900930391101823,0.4099069608898178
269,0.05938370340779327,0.9406162965922068,0.16151255436791362,0.8384874456320863,0.0394540500756174,0.9605459499243827,0.8477454622191359,0.15225453778086415,0.2877264252454032,0.7122735747545967
270,0.5318019750972364,0.46819802490276363,0.2381788642764205,0.7618211357235796,0.9090727092077419,0.0909272907922583,0.7978470029137328,0.20215299708626716,0.0024845118917551146,0.997515488108245
271,0.638962085479199,0.36103791452080103,0.716757709778895,0.28324229022110503,0.2168113372419193,0.7831886627580807,0.07555359755819727,0.9244464024418028,0.3501109000684855,0.6498890999315146
272,0.8272518472380403,0.17274815276195968,0.83155859266814,0.16844140733185994,0.004146194641170808,0.9958538053588292,0.009780420249976874,0.9902195797500232,0.46752746338342466,0.5324725366165753
273,0.07113266741061335,0.9288673325893866,0.6140308384611908,0.38596916153880917,0.24095251481976082,0.7590474851802392,0.12156173113014127,0.8784382688698587,0.1867770764248849,0.813222923575115
274,0.12062053716449439,0.8793794628355055,0.01407849618707524,0.9859215038129248,0.05690498525648333,0.9430950147435165,0.10303396294885063,0.8969660370511493,0.03796986005183474,0.9620301399481652
275,0.08277861733642985,0.9172213826635701,0.16863025644695823,0.8313697435530418,0.15549202338448415,0.8445079766155159,0.009373597281895685,0.9906264027181042,0.1488821973565552,0.8511178026434448
276,0.19289499689649586,0.8071050031035041,0.08166737600369471,0.9183326239963053,0.5996794505028054,0.40032054949719464,0.313452149917953,0.6865478500820469,0.5408272061517388,0.45917279384826115
277,0.8150773525806161,0.1849226474193839,0.0013121883080100538,0.9986878116919901,0.12242917688185287,0.8775708231181472,0.0785297169116915,0.9214702830883084,0.1434576774180713,0.8565423225819288
278,0.215283139754232,0.784716860245768,0.2779387952681401,0.7220612047318599,0.5459616989472879,0.45403830105271215,0.009814995687910378,0.9901850043120897,0.010643056448699739,0.9893569435513003
279,0.0122349926996683,0.9877650073003317,0.33623103619739936,0.6637689638026005,0.10665995585191501,0.8933400441480849,0.0224551387098856,0.9775448612901144,0.9903708495790241,0.009629150420975832
280,0.70814176356697,0.2918582364330301,0.5159742469246765,0.4840257530753235,0.11378696589642648,0.8862130341035733,0.05445574068195045,0.9455442593180496,0.06497859258273483,0.9350214074172651
281,0.03578967278287375,0.9642103272171262,0.196698968145251,0.803301031854749,0.4066820912398096,0.5933179087601905,0.6601430860191004,0.3398569139808995,0.5024158204443285,0.49758417955567147
282,0.2848130365414028,0.7151869634585972,0.4718827880118958,0.5281172119881041,0.057660690366565535,0.9423393096334344,0.07482807953067352,0.9251719204693265,0.890970998043685,0.10902900195631501
283,0.7827494629822223,0.21725053701777775,0.2602631933843143,0.7397368066156857,0.040665795866803855,0.9593342041331961,0.12124668444209363,0.8787533155579064,0.011853252370863276,0.9881467476291366
284,0.4612088722044053,0.5387911277955947,0.37236396465379845,0.6276360353462016,0.75031711196419,0.24968288803580996,0.142778868254065,0.8572211317459351,0.6185258198329244,0.3814741801670756
285,0.03440410349298206,0.965595896507018,0.5380746720502108,0.4619253279497892,0.26955360346978,0.7304463965302199,0.25077087719070734,0.7492291228092928,0.0696653019568566,0.9303346980431435
286,0.2937595632118911,0.7062404367881088,0.9725866066320205,0.02741339336797951,0.06382953522966832,0.9361704647703316,0.11924524293262521,0.8807547570673748,0.07718963223160542,0.9228103677683948
287,0.31757761763096165,0.6824223823690383,0.041152394594543076,0.9588476054054571,0.0732979649170246,0.9267020350829753,0.09848533993677114,0.9015146600632289,0.35574693053085554,0.6442530694691444
288,0.07200186111878377,0.9279981388812162,0.14376845192799473,0.8562315480720052,0.7835621430284031,0.21643785697159693,0.004788957394602877,0.9952110426053971,0.3821846050603968,0.6178153949396032
289,0.23811352491436058,0.7618864750856394,0.03232355012618837,0.9676764498738116,0.9509733480182205,0.0490266519817794,0.006468114304963657,0.9935318856950364,0.0732210037827438,0.9267789962172562
290,0.013449597928442625,0.9865504020715573,0.86313695998005,0.13686304001995003,0.18848050071482797,0.811519499285172,0.7862461727856982,0.21375382721430167,0.8542070612667458,0.1457929387332541
291,0.036789790184323004,0.9632102098156772,0.01792386739947318,0.9820761326005268,0.7065800290922605,0.2934199709077395,0.17749952883257128,0.8225004711674287,0.6820554654841151,0.3179445345158848
292,0.14738768927012585,0.8526123107298741,0.8318686841900942,0.16813131580990587,0.2592515834139757,0.7407484165860243,0.8864116027431248,0.11358839725687528,0.8882032548972578,0.11179674510274225
293,0.2674162186013837,0.7325837813986164,0.5663136326257437,0.43368636737425625,0.17236738142744948,0.8276326185725505,0.04455711500823334,0.9554428849917667,0.8419141132455514,0.15808588675444865
294,0.0023818657253931396,0.9976181342746069,0.15846482235168008,0.8415351776483199,0.10326356160794226,0.8967364383920577,0.17373891040407652,0.8262610895959235,0.06280995950332638,0.9371900404966738
295,0.004582283662759612,0.9954177163372403,0.19802616901636205,0.8019738309836381,0.05822392727841337,0.9417760727215867,0.20271371596188356,0.7972862840381164,0.2203241855517911,0.7796758144482089
296,0.1791209517252766,0.8208790482747232,0.022771073660479545,0.9772289263395205,0.02309723429637762,0.9769027657036224,0.700173887007747,0.2998261129922531,0.7593298854221715,0.24067011457782844
297,0.48448142547521317,0.5155185745247868,0.031613457087737995,0.9683865429122619,0.01314714759112765,0.9868528524088724,0.6255214493648984,0.37447855063510155,0.8675696489620315,0.13243035103796857
298,0.030239478354320216,0.9697605216456797,0.08143527160973452,0.9185647283902656,0.6526508537946359,0.347349146205364,0.9682115754710786,0.03178842452892137,0.4638336412701321,0.536166358729868
299,0.235493937918224,0.764506062081776,0.05765136349455284,0.9423486365054472,0.0033426762272484424,0.9966573237727516,0.4980997336807027,0.5019002663192972,0.007767553053113896,0.9922324469468862
300,0.004281151256337235,0.9957188487436628,0.09815899148516734,0.9018410085148327,0.06984502643473844,0.9301549735652616,0.27583744497778945,0.7241625550222105,0.6889645755521405,0.3110354244478595
301,0.006833415819805256,0.9931665841801948,0.1312797344953479,0.8687202655046521,0.1620700286453073,0.8379299713546928,0.05121061242916523,0.9487893875708349,0.44681549442136437,0.5531845055786356
302,0.448718367835618,0.551281632164382,0.03572921172933896,0.9642707882706609,0.1209394949414689,0.8790605050585312,0.05043128315121779,0.9495687168487823,0.04501085207738413,0.9549891479226158
303,0.5832688082690977,0.41673119173090234,0.06307452151131725,0.9369254784886827,0.14397733319129166,0.8560226668087083,0.023346382100656426,0.9766536178993436,0.378739226385486,0.6212607736145139
304,0.7298488367208436,0.2701511632791564,0.22618906323920324,0.7738109367607968,0.2351530874081919,0.764846912591808,0.3701803247662025,0.6298196752337976,0.017467964797522394,0.9825320352024776
305,0.4073796619427312,0.5926203380572689,0.11763539530400773,0.8823646046959922,0.832356428448336,0.16764357155166396,0.24465934817275686,0.7553406518272431,0.053229407106010075,0.94677059289399
306,0.716802701016966,0.2831972989830341,0.699874035813864,0.300125964186136,0.037593235252909786,0.9624067647470902,0.8524601881769105,0.14753981182308956,0.6301629648807145,0.3698370351192855
307,0.003564413842232228,0.9964355861577678,0.005027318851672491,0.9949726811483275,0.7649017595719392,0.23509824042806082,0.07310188081239248,0.9268981191876076,0.019232473240595162,0.9807675267594048
308,0.8545611818813257,0.14543881811867432,0.08218396358837368,0.9178160364116262,0.5376043754052265,0.46239562459477346,0.9065641456228384,0.09343585437716151,0.4258844612048098,0.5741155387951902
309,0.03116057321336283,0.9688394267866371,0.0848915385260278,0.9151084614739723,0.05562488612474781,0.9443751138752521,0.7423181583593287,0.25768184164067126,0.9019080891482177,0.09809191085178218
310,0.4557997196445277,0.5442002803554723,0.21662039374254588,0.7833796062574542,0.14508787826020533,0.8549121217397946,0.5023575688951283,0.4976424311048717,0.04901587727473111,0.9509841227252689
311,0.13909892940979696,0.8609010705902029,0.037627260197284816,0.9623727398027153,0.44739674277551966,0.5526032572244803,0.23642449967799103,0.7635755003220089,0.02979586023930316,0.9702041397606969
312,0.1152161672044224,0.8847838327955777,0.5451041348557939,0.4548958651442061,0.10206596203552451,0.8979340379644756,0.28971087420268626,0.7102891257973137,0.12205033366608342,0.8779496663339165
313,0.10076196206852694,0.8992380379314729,0.1843005141600182,0.8156994858399818,0.6141255750866188,0.3858744249133812,0.06670628629574267,0.9332937137042574,0.018291612469578243,0.9817083875304217
314,0.03333442468187968,0.9666655753181204,0.35551078119069096,0.6444892188093091,0.7645892848697033,0.2354107151302966,0.8731172605571906,0.1268827394428093,0.03636317506089728,0.9636368249391026
315,0.6885470573939556,0.31145294260604445,0.33144130544457745,0.6685586945554225,0.165432061219006,0.8345679387809939,0.7949394564943895,0.20506054350561048,0.6570285608071614,0.34297143919283857
316,0.5675997878542627,0.4324002121457372,0.4451282448414694,0.5548717551585306,0.02429511108334368,0.9757048889166562,0.46782183176326625,0.5321781682367337,0.18173821387770822,0.818261786122292
317,0.9121198574673428,0.08788014253265723,0.0536764588484691,0.946323541151531,0.04143073898740177,0.9585692610125982,0.004940480292367067,0.9950595197076331,0.025852503908794965,0.9741474960912051
318,0.09753416618953173,0.9024658338104683,0.5756840580797948,0.4243159419202051,0.07359315440716233,0.9264068455928376,0.021201652186805454,0.9787983478131945,0.8028028436679475,0.19719715633205248
319,0.2611656063936209,0.738834393606379,0.2535970905974244,0.7464029094025756,0.0667447836443622,0.9332552163556377,0.5303772550653585,0.46962274493464146,0.6071870131705124,0.3928129868294876
320,0.8405794230130246,0.15942057698697537,0.9457557875407859,0.05424421245921407,0.03182351551247078,0.9681764844875292,0.812496045069161,0.18750395493083916,0.06855138934640728,0.9314486106535927
321,0.3059959763963517,0.6940040236036482,0.17080848653231956,0.8291915134676804,0.2839368181188372,0.7160631818811627,0.026875684043977176,0.9731243159560229,0.013323847417064449,0.9866761525829355
322,0.09461552759434606,0.9053844724056539,0.09591114966504315,0.9040888503349569,0.15773571202815104,0.8422642879718489,0.062019052825752,0.937980947174248,0.14961684265664174,0.8503831573433583
323,0.019366185230548515,0.9806338147694514,0.008245372081761126,0.9917546279182389,0.2441351375399908,0.7558648624600093,0.35124881978684985,0.6487511802131501,0.5255067497079469,0.47449325029205314
324,0.08702060548536883,0.9129793945146311,0.3613624693133513,0.6386375306866487,0.3868512504397006,0.6131487495602994,0.2661877427841709,0.7338122572158291,0.7493058061281432,0.25069419387185665
325,0.041718747228320786,0.9582812527716792,0.6940606869682755,0.3059393130317245,0.20861794011057225,0.7913820598894277,0.3952843993509205,0.6047156006490796,0.008653346477881851,0.991346653522118
326,0.8591255575271486,0.14087444247285158,0.18498376167750738,0.8150162383224927,0.015405586787939662,0.9845944132120603,0.07235607807787847,0.9276439219221215,0.15283826091022806,0.847161739089772
327,0.03957585882072916,0.9604241411792709,0.17449064662998262,0.8255093533700174,0.8229730764446854,0.17702692355531455,0.06175149069309904,0.938248509306901,0.2695873228593154,0.7304126771406846
328,0.10280989602931338,0.8971901039706867,0.4066099869405738,0.5933900130594262,0.40745758003287474,0.5925424199671252,0.44682652281359425,0.5531734771864057,0.04310539597901899,0.9568946040209809
329,0.00967530933242049,0.9903246906675796,0.1103067293422773,0.8896932706577226,0.41807495058512856,0.5819250494148714,0.10251307583175044,0.8974869241682495,0.8846504699881894,0.11534953001181063
330,0.34890045498144595,0.6510995450185539,0.684393662666472,0.31560633733352794,0.5940686446179362,0.4059313553820639,0.3522071956798576,0.6477928043201424,0.24653037725632515,0.7534696227436748
331,0.1265205890098591,0.8734794109901409,0.8381554041824328,0.16184459581756722,0.185106911571912,0.8148930884280879,0.041496050160015875,0.9585039498399841,0.03843671701767186,0.9615632829823282
332,0.018273518798194943,0.9817264812018051,0.5259256629758531,0.474074337024147,0.781229886330297,0.21877011366970298,0.11314560246871426,0.8868543975312857,0.1386860820268411,0.861313917973159
333,0.7973740282241477,0.20262597177585223,0.09532260619071213,0.904677393809288,0.7342961946347332,0.26570380536526683,0.9769070825701099,0.023092917429889885,0.006823311387211106,0.9931766886127888
334,0.002869977447697103,0.9971300225523029,0.46272301387373516,0.5372769861262648,0.03709100098447622,0.9629089990155236,0.5795286819470329,0.4204713180529671,0.42644229221515595,0.573557707784844
335,0.024418546418127306,0.9755814535818728,0.8132465260752199,0.18675347392478012,0.032190205241583114,0.9678097947584169,0.6745229317376593,0.32547706826234063,0.5935663041516712,0.40643369584832867
336,0.014447809158512803,0.9855521908414872,0.9205288554516372,0.0794711445483628,0.703008792332705,0.29699120766729503,0.5769695118044418,0.42303048819555816,0.20206724865408185,0.7979327513459181
337,0.5179183544197551,0.4820816455802449,0.9160786701570712,0.08392132984292884,0.18116553712279332,0.8188344628772068,0.8642117889627133,0.13578821103728667,0.719487867214218,0.2805121327857821
338,0.023633442243579085,0.9763665577564209,0.01885916760319677,0.9811408323968032,0.4199342309788535,0.5800657690211464,0.8892755697814081,0.11072443021859177,0.06216130333413046,0.9378386966658695
339,0.2208066347158951,0.7791933652841049,0.7352050492605716,0.2647949507394284,0.448599322667103,0.551400677332897,0.0019810788686738467,0.9980189211313263,0.001488311720443236,0.9985116882795568
340,0.7002087592552162,0.29979124074478375,0.012701411464328438,0.9872985885356715,0.679616692122805,0.3203833078771951,0.005563203220637814,0.9944367967793621,0.5911037273094046,0.40889627269059536
341,0.08631608254339429,0.9136839174566056,0.22061422379907647,0.7793857762009235,0.9935625084651308,0.006437491534869169,0.2471581251472971,0.7528418748527029,0.8780644837686109,0.1219355162313891
342,0.9434688821266348,0.056531117873365046,0.2973194634709757,0.7026805365290243,0.044228843700737784,0.9557711562992622,0.051521468777734246,0.9484785312222659,0.8019515281246345,0.1980484718753656
343,0.009904911292376828,0.9900950887076231,0.9058755254535829,0.09412447454641705,0.5428118182117109,0.4571881817882891,0.36973645882004924,0.6302635411799506,0.11930133695097378,0.8806986630490261
344,0.7903322765317164,0.20966772346828363,0.13065622777371808,0.869343772226282,0.21516682550221367,0.7848331744977863,0.033990109963786444,0.9660098900362136,0.3870824394859772,0.6129175605140228
345,0.0013166036486737642,0.9986833963513263,0.36026966216244904,0.639730337837551,0.5262713035768357,0.4737286964231643,0.06851744900532941,0.9314825509946706,0.3892335455976562,0.6107664544023438
346,0.44783322602534137,0.5521667739746586,0.08388025303598934,0.9161197469640106,0.20471784785787733,0.7952821521421227,0.039733746779208046,0.960266253220792,0.39106646661542754,0.6089335333845725
347,0.19293622224585177,0.8070637777541482,0.9081534708302108,0.09184652916978912,0.10165430560012378,0.8983456943998762,0.298739220389833,0.701260779610167,0.19113900204377576,0.8088609979562242
348,0.17773518330860963,0.8222648166913903,0.2398089777350309,0.760191022264969,0.7769610243761577,0.2230389756238424,0.42622040918488063,0.5737795908151193,0.823533181294497,0.17646681870550288
349,0.509288837131421,0.490711162868579,0.341303784322495,0.6586962156775049,0.0014464420427764857,0.9985535579572236,0.8845301755221554,0.11546982447784453,0.07516373930109063,0.9248362606989093
350,0.023690056083366873,0.9763099439166331,0.258205311441137,0.741794688558863,0.13141668647521557,0.8685833135247844,0.11607364547280682,0.8839263545271931,0.0010586158876782382,0.9989413841123218
351,0.1404914771694541,0.8595085228305459,0.8229805502219282,0.1770194497780718,0.16284967684723786,0.837150323152762,0.13557807431462393,0.8644219256853761,0.01418775821928222,0.9858122417807177
352,0.06377922862636205,0.9362207713736378,0.751456759416061,0.248543240583939,0.21927753026027047,0.7807224697397296,0.6964943033842295,0.3035056966157706,0.12241325874315426,0.8775867412568458
353,0.02668578367244223,0.9733142163275577,0.652861323929322,0.347138676070678,0.181925813286483,0.8180741867135171,0.42223541970747014,0.5777645802925299,0.07793440480019562,0.9220655951998044
354,0.057378267159348774,0.9426217328406512,0.9137427307177519,0.08625726928224804,0.00981717215239739,0.9901828278476026,0.0025155521309271124,0.9974844478690729,0.6302027276332827,0.36979727236671733
355,0.2310692959499437,0.7689307040500564,0.0016101400496961737,0.9983898599503039,0.10820202790451952,0.8917979720954804,0.2991509775971056,0.7008490224028944,0.0018966966783269257,0.9981033033216731
356,0.9468926687617593,0.05310733123824078,0.1354616761614425,0.8645383238385576,0.5052151535862519,0.4947848464137481,0.9325384436437967,0.06746155635620336,0.009507706378652859,0.990492293621347
357,0.15518704103077094,0.8448129589692289,0.10329158190167162,0.8967084180983285,0.05566077608560793,0.9443392239143922,0.21777856382431154,0.7822214361756885,0.11139853702028428,0.8886014629797157
358,0.01725448159948497,0.9827455184005149,0.08823175306618578,0.9117682469338142,0.028742769414962278,0.9712572305850375,0.3866311305795193,0.6133688694204806,0.46007602036701095,0.5399239796329891
359,0.23978018082561192,0.7602198191743881,0.9369543240281555,0.06304567597184445,0.021759406808934845,0.9782405931910653,0.025679050043670527,0.9743209499563295,0.18795321052413438,0.8120467894758656
360,0.15964958510839483,0.8403504148916052,0.30117421452190035,0.6988257854780997,0.3775947206461693,0.6224052793538307,0.06430627699454723,0.9356937230054528,0.15713432785208922,0.8428656721479107
361,0.13829319436389975,0.8617068056361002,0.25836259087475033,0.7416374091252497,0.011378472209225854,0.9886215277907742,0.03412047260857052,0.9658795273914293,0.09667136160576553,0.9033286383942345
362,0.028980613852367255,0.9710193861476327,0.6408824995488052,0.3591175004511948,0.5586340484115097,0.44136595158849035,0.5121696305423228,0.4878303694576772,0.11637667320801304,0.883623326791987
363,0.1701753204860386,0.8298246795139613,0.751154271807143,0.24884572819285705,0.040951225354877205,0.9590487746451227,0.045799780343285426,0.9542002196567146,0.9119360735242446,0.0880639264757555
364,0.03522475140493701,0.9647752485950629,0.3535219726193695,0.6464780273806305,0.11519729753741537,0.8848027024625846,0.6048293139964137,0.3951706860035863,0.2507309856004645,0.7492690143995355
365,0.036566446921484676,0.9634335530785153,0.03283021067737182,0.9671697893226282,0.014988204225003243,0.9850117957749969,0.09391105530071935,0.9060889446992807,0.01365720852880179,0.9863427914711982
366,0.7252950847578035,0.27470491524219653,0.591000666141267,0.40899933385873305,0.007746877388588813,0.9922531226114112,0.9079558790478343,0.09204412095216567,0.3927636051297646,0.6072363948702353
367,0.8049881184737024,0.19501188152629742,0.7867360680546884,0.2132639319453115,0.5378194991913914,0.4621805008086087,0.1028146521448445,0.8971853478551555,0.8699557030971669,0.13004429690283323
368,0.6591156679244744,0.3408843320755256,0.38127964068843057,0.6187203593115693,0.1016917398749561,0.898308260125044,0.8281084390985111,0.17189156090148883,0.0032509523257392868,0.9967490476742608
369,0.08180737289675573,0.9181926271032441,0.28680218467018975,0.7131978153298103,0.5379939118542311,0.4620060881457689,0.3751214958394574,0.6248785041605425,0.050493357755037695,0.9495066422449623
370,0.4186347946214621,0.5813652053785379,0.11240673848653342,0.8875932615134665,0.3426897019707956,0.6573102980292044,0.9638868165508772,0.03611318344912275,0.4781878600215944,0.5218121399784056
371,0.007736276340354231,0.9922637236596458,0.24487441579173322,0.7551255842082668,0.6260568688139477,0.3739431311860524,0.2584289249166826,0.7415710750833174,0.8257139346184047,0.17428606538159536
372,0.05026650184777841,0.9497334981522215,0.006618650138879212,0.9933813498611208,0.11693112758637961,0.8830688724136204,0.1361877337572405,0.8638122662427594,0.7478727672739546,0.2521272327260454
373,0.043017500799467936,0.9569824992005321,0.07599439234014282,0.9240056076598572,0.3593242031813925,0.6406757968186074,0.6660404169380572,0.33395958306194296,0.8392760295779185,0.16072397042208147
374,0.10993822510673927,0.8900617748932607,0.13617910620340087,0.8638208937965992,0.9598379114062332,0.04016208859376667,0.1414722762777934,0.8585277237222065,0.1270988418566696,0.8729011581433305
375,0.9307676824006845,0.0692323175993155,0.5521709938126701,0.4478290061873299,0.38104489169132616,0.6189551083086738,0.6522887818061329,0.34771121819386713,0.011509087760846559,0.9884909122391534
376,0.04964655850409694,0.9503534414959031,0.9293384671816496,0.0706615328183504,0.07718472082423392,0.9228152791757662,0.0874968564567461,0.912503143543254,0.007106567677586573,0.9928934323224133
377,0.4840149919268953,0.5159850080731048,0.5451782826684959,0.45482171733150417,0.02221788323276237,0.9777821167672377,0.11754992672285838,0.8824500732771415,0.7630877265077036,0.23691227349229643
378,0.7938022546195878,0.20619774538041225,0.06340033921283912,0.9365996607871608,0.1396391864437013,0.8603608135562986,0.8514353738642082,0.1485646261357918,0.031839277420809255,0.9681607225791907
379,0.28788553046676085,0.7121144695332392,0.5906905973789567,0.40930940262104326,0.049036480376581634,0.9509635196234184,0.8247748867099916,0.17522511329000853,0.7044579188275888,0.29554208117241126
380,0.24736909930681517,0.7526309006931848,0.8249379440941553,0.17506205590584473,0.44282269457632595,0.5571773054236739,0.6937032356904446,0.3062967643095555,0.5633719088083349,0.4366280911916651
381,0.01997164101284925,0.9800283589871508,0.2515292938582571,0.7484707061417428,0.02960420099479306,0.970395799005207,0.04000490508381922,0.9599950949161808,0.0054212704536761745,0.9945787295463239
382,0.9026921372464358,0.09730786275356415,0.14996928001062687,0.8500307199893731,0.18688330778117124,0.8131166922188289,0.3061595410402484,0.6938404589597515,0.49059452974539797,0.5094054702546019
383,0.3546682037260595,0.6453317962739406,0.16780210288089875,0.8321978971191012,0.14794584766398547,0.8520541523360146,0.05126860124725239,0.9487313987527475,0.0018092949275345439,0.9981907050724654
384,0.4466260108514096,0.5533739891485904,0.25902824293538973,0.7409717570646104,0.041287752702396374,0.9587122472976036,0.1559158753637653,0.8440841246362346,0.04079306288334077,0.9592069371166592
385,0.38537355693414127,0.6146264430658588,0.48090443430089236,0.5190955656991076,0.763423591605632,0.23657640839436794,0.06859015948890541,0.9314098405110947,0.6980002832401022,0.3019997167598979
386,0.09074769894030792,0.909252301059692,0.22423798347898877,0.7757620165210113,0.5216538044413914,0.4783461955586086,0.3301816518683863,0.6698183481316136,0.2682977591878397,0.7317022408121604
387,0.434031870316804,0.565968129683196,0.5840071325135417,0.41599286748645825,0.39240551638451826,0.6075944836154817,0.8286031198197534,0.17139688018024662,0.03296066522904282,0.9670393347709572
388,0.16245447863665696,0.8375455213633429,0.747835972741302,0.252164027258698,0.20516868430552676,0.7948313156944732,0.25097361467912754,0.7490263853208725,0.6416903891785684,0.35830961082143176
389,0.11391137459531586,0.8860886254046841,0.03724832903225452,0.9627516709677455,0.37208122116427944,0.6279187788357206,0.03362300883430387,0.966376991165696,0.07431672903187969,0.9256832709681202
390,0.3234762736938075,0.6765237263061925,0.5797839613167929,0.4202160386832071,0.10368750868693755,0.8963124913130625,0.11652408682408195,0.8834759131759181,0.06638425763374381,0.9336157423662563
391,0.005000925825704527,0.9949990741742955,0.03276238923886392,0.967237610761136,0.1501336296281211,0.8498663703718788,0.2500116896566512,0.7499883103433488,0.5398602025711584,0.4601397974288416
392,0.045128372667195805,0.9548716273328044,0.014740375501765967,0.985259624498234,0.10851971950961832,0.8914802804903816,0.10954140203923908,0.890458597960761,0.34839964253866296,0.651600357461337
393,0.3927526103054781,0.6072473896945219,0.34700199728996156,0.6529980027100384,0.16292025373389762,0.8370797462661024,0.7351684083643969,0.26483159163560316,0.062570983048386,0.937429016951614
394,0.1311077118399022,0.8688922881600979,0.363870574247553,0.636129425752447,0.0191290638334213,0.9808709361665787,0.5881875708150657,0.41181242918493427,0.6534694746519415,0.3465305253480585
395,0.0030307176376824785,0.9969692823623173,0.3434187353190058,0.6565812646809942,0.5906774314992072,0.4093225685007928,0.29815433076466835,0.7018456692353316,0.010360129175259147,0.9896398708247409
396,0.1507785225658272,0.8492214774341729,0.3407871566243369,0.6592128433756631,0.41602479524902947,0.5839752047509705,0.6869293908977285,0.31307060910227147,0.009623255432973554,0.9903767445670265
397,0.03568323822920964,0.9643167617707903,0.039370057147521266,0.9606299428524789,0.0024106667786712777,0.9975893332213287,0.28313181548784466,0.7168681845121554,0.0035392577570291907,0.9964607422429708
398,0.11108987140428069,0.8889101285957193,0.23518628413121562,0.7648137158687844,0.20343632735730396,0.796563672642696,0.1102648983047784,0.8897351016952216,0.03964932370353571,0.9603506762964642
399,0.22216332919888374,0.7778366708011163,0.900129449416912,0.09987055058308818,0.4397957149174192,0.5602042850825808,0.049331955451514295,0.9506680445484857,0.7435688901563622,0.2564311098436378
400,0.053969276215405856,0.9460307237845942,0.2642999930594411,0.7357000069405589,0.40968839521707867,0.5903116047829213,0.30102720674311756,0.6989727932568824,0.32772366002658804,0.672276339973412
401,0.04263462637362499,0.9573653736263751,0.24368792090456556,0.7563120790954344,0.6909727721338887,0.30902722786611125,0.5547556866506421,0.4452443133493579,0.01334148984314636,0.9866585101568537
402,0.08443539810216609,0.915564601897834,0.37668376387450075,0.6233162361254992,0.5264407470454209,0.47355925295457907,0.4500785012863774,0.5499214987136226,0.8408748111324558,0.1591251888675442
403,0.030570500306325597,0.9694294996936744,0.22701072981893286,0.772989270181067,0.48124804136101657,0.5187519586389835,0.0843064908270024,0.9156935091729977,0.06998656285676168,0.9300134371432384
404,0.22819387936190996,0.7718061206380901,0.15119935152161387,0.8488006484783861,0.23239503303419276,0.7676049669658072,0.9410340065223715,0.05896599347762867,0.004911569414864791,0.9950884305851352
405,0.333094862619741,0.666905137380259,0.2924173490978008,0.7075826509021992,0.3715866089739509,0.628413391026049,0.8533833261215473,0.14661667387845256,0.07773591063733706,0.9222640893626629
406,0.4425659136002837,0.5574340863997163,0.30750973253760433,0.6924902674623956,0.010294077473629804,0.9897059225263704,0.027992175900316375,0.9720078240996836,0.008901265738255493,0.9910987342617446
407,0.07167770979991354,0.9283222902000865,0.42123815597722014,0.5787618440227799,0.20870861679094296,0.791291383209057,0.23826030114538024,0.7617396988546197,0.3353837923266382,0.6646162076733618
408,0.0720200548569325,0.9279799451430675,0.716914469465169,0.28308553053483104,0.854324387395712,0.14567561260428802,0.3800844229400447,0.6199155770599554,0.1741908944424045,0.8258091055575955
409,0.11322303261623526,0.8867769673837647,0.532017237489151,0.4679827625108491,0.11009235096127881,0.8899076490387212,0.004902901619027023,0.9950970983809728,0.04559915083456958,0.9544008491654304
410,0.0690618030056391,0.9309381969943609,0.1528565237992207,0.8471434762007792,0.01210645240167263,0.9878935475983275,0.11346435762696576,0.8865356423730342,0.042457040511501766,0.9575429594884982
411,0.8957131045355078,0.10428689546449224,0.5662031858186163,0.4337968141813837,0.4777472115093258,0.5222527884906741,0.9653365239171123,0.03466347608288779,0.244499229660964,0.755500770339036
412,0.8849060395893431,0.11509396041065689,0.11247287358932803,0.8875271264106719,0.017139458238842154,0.9828605417611579,0.48339108046565693,0.516608919534343,0.9554895482045639,0.04451045179543611
413,0.44438386563826826,0.5556161343617317,0.18887387173992515,0.8111261282600747,0.6778647439479364,0.3221352560520637,0.7554111067749257,0.24458889322507424,0.886211038629207,0.11378896137079302
414,0.030892877687294363,0.9691071223127057,0.8206163732305122,0.1793836267694879,0.027159324165828048,0.972840675834172,0.04597253080406653,0.9540274691959334,0.14477588252759838,0.8552241174724017
415,0.7080165284698505,0.2919834715301495,0.01910414114671306,0.9808958588532871,0.06996250472667061,0.9300374952733295,0.006011967344239322,0.9939880326557606,0.21469792341241387,0.7853020765875861
416,0.20102207521768709,0.7989779247823129,0.010113217473595993,0.9898867825264042,0.005546743516168818,0.9944532564838312,0.0005048449470548277,0.9994951550529452,0.09464152686610702,0.905358473133893
417,0.22108790585298124,0.7789120941470188,0.06116865477123523,0.9388313452287648,0.07007839331784549,0.9299216066821545,0.05193028040116761,0.9480697195988324,0.09597902777525372,0.9040209722247463
418,0.4150678651449454,0.5849321348550546,0.7992911880835869,0.20070881191641304,0.03465707988575282,0.9653429201142473,0.04589352686711525,0.9541064731328849,0.42615375511290116,0.5738462448870989
419,0.18350298261975045,0.8164970173802496,0.055395104624068735,0.9446048953759313,0.03215874886550527,0.9678412511344947,0.38395297916115323,0.6160470208388468,0.02437345310481538,0.9756265468951847
420,0.0010611352514497074,0.9989388647485503,0.03133461210291679,0.9686653878970832,0.022313769552522268,0.9776862304474777,0.028631193988387715,0.9713688060116124,0.07182428952387505,0.9281757104761249
421,0.004826157576103318,0.9951738424238968,0.38892067844693956,0.6110793215530604,0.22869261546183473,0.7713073845381653,0.9773653670486535,0.02263463295134638,0.4145104014025657,0.5854895985974343
422,0.08969224294278821,0.9103077570572118,0.3492319895227878,0.6507680104772122,0.7195257333244712,0.28047426667552877,0.24567345764118076,0.7543265423588192,0.63069229849642,0.36930770150358005
423,0.8576228074936502,0.14237719250634986,0.5638451181077944,0.43615488189220564,0.9300727957031697,0.06992720429683033,0.19770032988252262,0.8022996701174773,0.048028461459371966,0.9519715385406281
424,0.2374047613890756,0.7625952386109245,0.1335143720660758,0.8664856279339241,0.20094303524770202,0.799056964752298,0.19002106354505197,0.809978936454948,0.8152774140147863,0.1847225859852138
425,0.1403282754244802,0.8596717245755198,0.017123719142342297,0.9828762808576578,0.059068301019642,0.940931698980358,0.20103267984754275,0.7989673201524572,0.03471051849672853,0.9652894815032715
426,0.10072657243330294,0.899273427566697,0.08571307591608739,0.9142869240839125,0.017415181266315895,0.9825848187336842,0.1448244587837843,0.8551755412162156,0.05124037232453904,0.9487596276754611
427,0.009529712237568488,0.9904702877624316,0.4157378755052206,0.5842621244947794,0.5091340273675271,0.49086597263247284,0.025863582784420004,0.97413641721558,0.7164966922088428,0.2835033077911571
428,0.041221201389355186,0.9587787986106449,0.010433641113288882,0.9895663588867112,0.5624093441956051,0.43759065580439493,0.02460066445850333,0.9753993355414966,0.03784019006193231,0.9621598099380677
429,0.028722567270665533,0.9712774327293345,0.145423506301048,0.854576493698952,0.04258025309594662,0.9574197469040534,0.0007221852575716615,0.9992778147424284,0.011032581672759178,0.9889674183272408
430,0.2007458357039468,0.7992541642960531,0.3802604788401652,0.6197395211598348,0.02161821976453482,0.9783817802354651,0.008782882209749276,0.9912171177902508,0.023032352615378837,0.976967647384621
431,0.6819427101721597,0.3180572898278403,0.389790172317756,0.6102098276822441,0.08199744169257413,0.9180025583074259,0.5147589909003536,0.48524100909964635,0.06003301963353784,0.9399669803664622
432,0.040114882347130364,0.9598851176528695,0.1290162683710952,0.8709837316289049,0.10740634449137018,0.8925936555086299,0.03288337285070808,0.9671166271492918,0.463236631143661,0.5367633688563389
433,0.004025830234762928,0.9959741697652371,0.8242380643236971,0.17576193567630288,0.03168523811432093,0.968314761885679,0.8507927292079327,0.14920727079206725,0.019543291047723964,0.980456708952276
434,0.5091977909378551,0.4908022090621449,0.5988235374599157,0.40117646254008427,0.036852223891853164,0.9631477761081468,0.9490554683521413,0.050944531647858685,0.1637754851655559,0.836224514834444
435,0.700586637270012,0.29941336272998786,0.06229962300192624,0.9377003769980738,0.10813899857434164,0.8918610014256583,0.02694975046556538,0.9730502495344346,0.8766931378956186,0.12330686210438122
436,0.003529234207140952,0.9964707657928591,0.08781273136963078,0.9121872686303693,0.5347057236434126,0.4652942763565874,0.004460527178275719,0.9955394728217243,0.38693689038285695,0.613063109617143
437,0.0029933930808812457,0.9970066069191187,0.13129946551718372,0.8687005344828161,0.7175163779763462,0.28248362202365385,0.9383049444590558,0.06169505554094419,0.19511881702620507,0.8048811829737949
438,0.16796217261618734,0.8320378273838127,0.019303901944345236,0.9806960980556548,0.7200088347755302,0.2799911652244698,0.11123580711024972,0.8887641928897502,0.28274159807126464,0.7172584019287354
439,0.06805781110743396,0.9319421888925661,0.7197063916010478,0.28029360839895223,0.39539014285863744,0.6046098571413626,0.22227964734741787,0.7777203526525822,0.0685254219023959,0.9314745780976039
440,0.12471430737896652,0.8752856926210335,0.025362155388412,0.974637844611588,0.47394849209356493,0.526051507906435,0.45948470073030645,0.5405152992696935,0.264664952437928,0.735335047562072
441,0.9273952670851113,0.07260473291488877,0.5877447663809762,0.4122552336190237,0.022810024739353583,0.9771899752606463,0.3039711846301684,0.6960288153698315,0.9563640539914597,0.04363594600854031
442,0.0071398520834250025,0.992860147916575,0.021827742621261813,0.9781722573787383,0.12008015817101536,0.8799198418289846,0.018291548535813208,0.9817084514641868,0.013568333216512051,0.9864316667834879
443,0.041432108406711035,0.9585678915932888,0.164541930943702,0.8354580690562979,0.6667260712077839,0.3332739287922161,0.8801414136707699,0.11985858632923005,0.013964004546541986,0.986035995453458
444,0.2802397929631254,0.7197602070368746,0.015614718630534319,0.9843852813694657,0.2995317622696884,0.7004682377303115,0.5176804141872635,0.4823195858127365,0.10636279691256578,0.8936372030874342
445,0.08234892050196532,0.9176510794980347,0.0629024257299644,0.9370975742700356,0.08035537506155291,0.9196446249384472,0.10707848472592194,0.8929215152740781,0.9662302405062956,0.033769759493704435
446,0.6331593851109487,0.36684061488905134,0.22161576602755462,0.7783842339724453,0.4075255576158939,0.5924744423841062,0.32074109693073305,0.679258903069267,0.07155609997188075,0.9284439000281193
447,0.7833163272881125,0.21668367271188754,0.020398566414037346,0.9796014335859626,0.3639928940236267,0.6360071059763733,0.6183378227572401,0.38166217724275986,0.10556447291313062,0.8944355270868695
448,0.015989598145417495,0.9840104018545827,0.4302961552543484,0.5697038447456516,0.4666193820599494,0.5333806179400506,0.5404028953917932,0.45959710460820685,0.7547766998033765,0.24522330019662347
449,0.06516640809826987,0.9348335919017302,0.32216718305841746,0.6778328169415826,0.5491484482435809,0.45085155175641917,0.4897018095351762,0.5102981904648238,0.07965644496959852,0.9203435550304014
450,0.2793936708595125,0.7206063291404875,0.5776754164898911,0.42232458351010893,0.2263243484158301,0.7736756515841698,0.7221348020503674,0.2778651979496326,0.2205943226313556,0.7794056773686444
451,0.5101186449902102,0.48988135500978985,0.16726451692948047,0.8327354830705195,0.00697418700083976,0.9930258129991604,0.014193297292023187,0.9858067027079768,0.8808594163999615,0.11914058360003847
452,0.039385264361486906,0.9606147356385131,0.9316314536127444,0.06836854638725579,0.4434562868066543,0.5565437131933457,0.5182124522622322,0.4817875477377678,0.10895659822534812,0.8910434017746519
453,0.1915549667369063,0.8084450332630937,0.04924535489651629,0.9507546451034837,0.08736957501807578,0.9126304249819241,0.878292799175836,0.12170720082416402,0.08475588434242712,0.915244115657573
454,0.15042426810433385,0.8495757318956662,0.06905906133179582,0.9309409386682042,0.8755163159632297,0.12448368403677038,0.4098102282001023,0.5901897717998976,0.02573164333538904,0.9742683566646111
455,0.1380797759396479,0.8619202240603521,0.31459650300961295,0.6854034969903869,0.07906803019703963,0.9209319698029604,0.12106869024531293,0.878931309754687,0.3477506673915047,0.6522493326084954
456,0.044828366505525574,0.9551716334944744,0.04478757130512334,0.9552124286948768,0.23240297336739485,0.7675970266326051,0.9647899459591297,0.035210054040870284,0.4568026375370774,0.5431973624629226
457,0.2578429807496675,0.7421570192503325,0.41917280997707573,0.5808271900229243,0.05812945637812474,0.9418705436218753,0.10580560658005778,0.8941943934199422,0.9124883789352076,0.08751162106479245
458,0.13570607947966773,0.8642939205203323,0.9359935918371299,0.06400640816287011,0.025840567605958542,0.9741594323940415,0.10813421296233157,0.8918657870376684,0.20402643255846692,0.7959735674415331
459,0.007021469151038429,0.9929785308489615,0.04465491721326977,0.9553450827867301,0.013947547853314668,0.9860524521466854,0.37761644599934163,0.6223835540006584,0.7011016596063978,0.2988983403936022
460,0.025199134311438765,0.9748008656885612,0.6144202528389542,0.3855797471610458,0.01660729638018015,0.9833927036198198,0.32159698669938935,0.6784030133006107,0.3547836455374589,0.6452163544625412
461,0.1812793097322746,0.8187206902677253,0.9175839896445955,0.08241601035540438,0.011497279854740805,0.9885027201452591,0.8510831525526882,0.14891684744731185,0.268096646925292,0.731903353074708
462,0.8436743481554732,0.15632565184452668,0.0036445546717349233,0.996355445328265,0.06204775439335734,0.9379522456066427,0.20751944273724465,0.7924805572627553,0.3172990092355924,0.6827009907644076
463,0.04886356233607758,0.9511364376639225,0.08662340979840873,0.9133765902015913,0.11092918393992943,0.8890708160600707,0.004559668068489886,0.9954403319315102,0.05468710242433761,0.9453128975756624
464,0.021877771738869355,0.9781222282611306,0.31747678491865655,0.6825232150813434,0.01511153173698876,0.9848884682630112,0.0023285160642184445,0.9976714839357816,0.011447799283627514,0.9885522007163725
465,0.1554166788612086,0.8445833211387914,0.007965151832327932,0.9920348481676721,0.10613343667835895,0.8938665633216409,0.9420984514990455,0.05790154850095454,0.4348008858020374,0.5651991141979626
466,0.4543626367774845,0.5456373632225155,0.8537124107949061,0.14628758920509394,0.9621703165983868,0.037829683401613225,0.016176136804370734,0.9838238631956292,0.0786312925430784,0.9213687074569215
467,0.04447916638868832,0.9555208336113118,0.3560104446876975,0.6439895553123025,0.06777110096916883,0.9322288990308312,0.4856861238221984,0.5143138761778016,0.16230325036749876,0.8376967496325012
468,0.13556853069601768,0.8644314693039824,0.9054811670398205,0.0945188329601794,0.002193977267241576,0.9978060227327583,0.4895805623742562,0.5104194376257438,0.043958278878868585,0.9560417211211313
469,0.9258162609624622,0.07418373903753787,0.45535370393051533,0.5446462960694847,0.00375060870733539,0.9962493912926647,0.016495959514273427,0.9835040404857265,0.28031380380683935,0.7196861961931607
470,0.015799934623391243,0.9842000653766088,0.059224947393995905,0.9407750526060041,0.01333760682407712,0.9866623931759229,0.5833784572025571,0.41662154279744285,0.022627728999551476,0.9773722710004484
471,0.21236127457678639,0.7876387254232136,0.6024109971647392,0.3975890028352608,0.44680521979731713,0.5531947802026829,0.015129742651400968,0.984870257348599,0.4556279105776094,0.5443720894223907
