,y_pred,y_proba_0,y_proba_1
0,1,0.19634735113017876,0.8036526488698211
1,1,0.19470884934567576,0.8052911506543241
2,1,0.19710740038284316,0.8028925996171568
3,1,0.1961997428585379,0.803800257141462
4,1,0.19725404969681898,0.8027459503031809
5,1,0.19504451021991756,0.8049554897800822
6,1,0.19773168904146474,0.8022683109585351
7,1,0.19859003840255834,0.8014099615974418
8,1,0.19416808144947278,0.805831918550527
9,1,0.19592163053156572,0.8040783694684341
10,1,0.19404736661335367,0.8059526333866465
11,1,0.19489792252221982,0.8051020774777802
12,1,0.19320320802475516,0.8067967919752446
13,1,0.19940190345910508,0.800598096540895
14,1,0.19724866505862212,0.8027513349413777
15,1,0.19626431353032797,0.8037356864696719
16,1,0.19206953087983153,0.8079304691201685
17,1,0.1938622988263805,0.8061377011736195
18,1,0.19351605581687326,0.8064839441831267
19,1,0.19703656045646095,0.8029634395435391
20,1,0.19469805271248455,0.8053019472875155
21,1,0.19741486728199878,0.802585132718001
22,1,0.1950534627847254,0.8049465372152748
23,1,0.19469340291529041,0.8053065970847095
24,1,0.19496401407635708,0.805035985923643
25,1,0.1990284826782594,0.8009715173217407
26,1,0.19678869370575852,0.8032113062942413
27,1,0.19409158354484185,0.8059084164551582
28,1,0.1929531728649579,0.8070468271350422
29,1,0.19190517199399643,0.8080948280060035
30,1,0.19261767913267241,0.8073823208673276
31,1,0.1955508577110316,0.8044491422889685
32,1,0.19502246591651953,0.8049775340834804
33,1,0.19779196617185607,0.8022080338281439
34,1,0.1971412574619929,0.802858742538007
35,1,0.1978018197714256,0.8021981802285743
36,1,0.19467816674468885,0.8053218332553111
37,1,0.19781325626483953,0.8021867437351606
38,1,0.19396388715367918,0.806036112846321
39,1,0.19393623361544057,0.8060637663845593
40,1,0.19459203483793935,0.8054079651620606
41,1,0.19487750076004,0.8051224992399598
42,1,0.19511142257395447,0.8048885774260454
43,1,0.19358854222247154,0.8064114577775285
44,1,0.19792681491759329,0.8020731850824067
45,1,0.19775152088453946,0.8022484791154605
46,1,0.1950052036939447,0.8049947963060553
47,1,0.19497147527008124,0.8050285247299188
48,1,0.19347646236609442,0.8065235376339055
49,1,0.19222876588173488,0.807771234118265
50,1,0.197838283176409,0.8021617168235909
51,1,0.19538030368335427,0.8046196963166456
52,1,0.19670390221703876,0.8032960977829612
53,1,0.19668173102862802,0.8033182689713719
54,1,0.19726281052965206,0.802737189470348
55,1,0.1960095358403,0.8039904641596998
56,1,0.19721791967636926,0.8027820803236306
57,1,0.19316957170574495,0.8068304282942551
58,1,0.19597890588972539,0.8040210941102748
59,1,0.19470553365372348,0.8052944663462764
60,1,0.19629785792684468,0.8037021420731552
61,1,0.19538607433765248,0.8046139256623475
62,1,0.19648480297237164,0.8035151970276283
63,1,0.195391411804983,0.8046085881950171
64,1,0.19717522244523805,0.8028247775547619
65,1,0.196523254510943,0.803476745489057
66,1,0.1977920253221733,0.8022079746778266
67,1,0.19377012135895294,0.8062298786410471
68,1,0.19364325559321677,0.8063567444067832
69,1,0.19655224346977743,0.8034477565302225
70,1,0.19645512886783562,0.8035448711321644
71,1,0.1938676784697682,0.8061323215302318
72,1,0.19425829058438454,0.8057417094156154
73,1,0.19621284665787891,0.803787153342121
74,1,0.1922864604841315,0.8077135395158684
75,1,0.19696988218462078,0.8030301178153791
76,1,0.1976048313195194,0.8023951686804806
77,1,0.19573852442184916,0.8042614755781508
78,1,0.19772235580039377,0.8022776441996061
79,1,0.19473354785505959,0.8052664521449404
80,1,0.19444587900639626,0.8055541209936038
81,1,0.1957553372891005,0.8042446627108994
82,1,0.19777631614300767,0.8022236838569923
83,1,0.19757735563504536,0.8024226443649545
84,1,0.192045468713165,0.8079545312868349
85,1,0.1945649876315157,0.8054350123684844
86,1,0.1930674218568253,0.8069325781431747
87,1,0.1952306388539121,0.8047693611460879
88,1,0.19378670648467836,0.8062132935153216
89,1,0.19259423478658716,0.8074057652134128
90,1,0.19597322844559179,0.8040267715544083
91,1,0.19520351471329528,0.8047964852867047
92,1,0.19615055352317007,0.8038494464768299
93,1,0.19650033356163413,0.8034996664383659
94,1,0.19482492507464033,0.8051750749253597
95,1,0.19460518752063327,0.8053948124793667
96,1,0.19778900757856613,0.8022109924214338
97,1,0.1946862221350706,0.8053137778649294
98,1,0.19436136298022663,0.8056386370197736
99,1,0.19447259330361658,0.8055274066963835
100,1,0.1926164556057834,0.8073835443942166
101,1,0.19407923792189505,0.8059207620781048
102,1,0.19536192104352992,0.8046380789564701
103,1,0.19642413137546494,0.8035758686245351
104,1,0.1931235885415526,0.8068764114584475
105,1,0.19385847947400936,0.8061415205259903
106,1,0.19453426827097076,0.8054657317290292
107,1,0.1934696134575451,0.8065303865424548
108,1,0.19735118176002642,0.8026488182399735
109,1,0.19491204194033818,0.8050879580596618
110,1,0.19593867228648137,0.8040613277135187
111,1,0.19508006334454064,0.8049199366554592
112,1,0.19289265702801853,0.8071073429719814
113,1,0.1964321472664461,0.8035678527335538
114,1,0.19499955542668715,0.8050004445733127
115,1,0.19526144518798727,0.8047385548120125
116,1,0.19397987218884105,0.806020127811159
117,1,0.19391975255932667,0.8060802474406733
118,1,0.1943699175165795,0.8056300824834205
119,1,0.19420727100124666,0.8057927289987532
120,1,0.19773750000781626,0.8022624999921835
121,1,0.19496674835483968,0.8050332516451603
122,1,0.19445743376306224,0.8055425662369377
123,1,0.19772407557521593,0.802275924424784
124,1,0.19862526087708454,0.8013747391229155
125,1,0.1961096403961507,0.8038903596038492
126,1,0.19290572488405286,0.8070942751159471
127,1,0.19778943739757326,0.8022105626024267
128,1,0.19397112337613528,0.8060288766238648
129,1,0.19712500452583087,0.8028749954741692
130,1,0.1959403794542202,0.8040596205457797
131,1,0.1964115983901738,0.8035884016098261
132,1,0.19743849408055802,0.8025615059194419
133,1,0.19700378895476672,0.8029962110452333
134,1,0.19320138305098336,0.8067986169490167
135,1,0.19730927194926204,0.802690728050738
136,1,0.19540920183581578,0.8045907981641841
137,1,0.19415378449157114,0.8058462155084289
138,1,0.19830318313484752,0.8016968168651525
139,1,0.19528269985579283,0.8047173001442072
140,1,0.1944895405582831,0.8055104594417168
141,1,0.19447164148187607,0.805528358518124
142,1,0.19633503141466163,0.8036649685853383
143,1,0.19493469632418167,0.8050653036758183
144,1,0.19552400594000102,0.804475994059999
145,1,0.19420157685216077,0.8057984231478393
146,1,0.197794170653638,0.8022058293463619
147,1,0.1947153289173846,0.8052846710826153
148,1,0.19572005065058953,0.8042799493494105
149,1,0.19760331995346148,0.8023966800465384
150,1,0.19413011511743355,0.8058698848825665
151,1,0.19332988709911675,0.8066701129008832
152,1,0.1979147320944708,0.802085267905529
153,1,0.19681270044028384,0.803187299559716
154,1,0.1948014671920406,0.8051985328079594
155,1,0.19894188657089396,0.801058113429106
156,1,0.19742532841108223,0.8025746715889177
157,1,0.1976831180316546,0.8023168819683454
158,1,0.19601449894596926,0.8039855010540308
159,1,0.1990184288367324,0.8009815711632674
160,1,0.19246453417438988,0.8075354658256101
161,1,0.19477160310483072,0.8052283968951691
162,1,0.19773360879823693,0.8022663912017629
163,1,0.19484654874744062,0.8051534512525593
164,1,0.19652213521154385,0.8034778647884562
165,1,0.19627617607672493,0.8037238239232751
166,1,0.19530232995332955,0.8046976700466704
167,1,0.19486889868868876,0.805131101311311
168,1,0.19772843293387649,0.8022715670661235
169,1,0.19374540960675882,0.8062545903932413
170,1,0.19489599350802198,0.8051040064919779
171,1,0.19315077880154113,0.8068492211984587
172,1,0.1948142706691967,0.8051857293308032
173,1,0.19668650146163585,0.803313498538364
174,1,0.19409799605188266,0.8059020039481174
175,1,0.1942862911522457,0.8057137088477543
176,1,0.1946589000692744,0.8053410999307257
177,1,0.19382354459525236,0.8061764554047478
178,1,0.19621291600023535,0.8037870839997645
179,1,0.19372526580061408,0.8062747341993861
180,1,0.19379767841167866,0.8062023215883214
181,1,0.1966888121324819,0.8033111878675179
182,1,0.19842181280701823,0.8015781871929818
183,1,0.19784117915080612,0.8021588208491938
184,1,0.19769464396652475,0.8023053560334752
185,1,0.19450012112658732,0.8054998788734127
186,1,0.1939861310196833,0.8060138689803168
187,1,0.1954733612072078,0.8045266387927921
188,1,0.19136492124943022,0.8086350787505697
189,1,0.19722091833439465,0.8027790816656053
190,1,0.195603568802114,0.8043964311978857
191,1,0.19677537766645165,0.8032246223335482
192,1,0.1985775746117708,0.8014224253882292
193,1,0.19454760347976893,0.805452396520231
194,1,0.19438488812560034,0.8056151118743996
195,1,0.19407553623366533,0.8059244637663345
196,1,0.19495282465818295,0.8050471753418172
197,1,0.19765035192708802,0.8023496480729119
198,1,0.19728942893829857,0.8027105710617015
199,1,0.19884790310096867,0.8011520968990313
200,1,0.1923708137224232,0.8076291862775768
201,1,0.19753607872528495,0.802463921274715
202,1,0.19648530609829287,0.8035146939017072
203,1,0.1944165130640624,0.8055834869359375
204,1,0.19713331435790002,0.8028666856421
205,1,0.1969691660941933,0.8030308339058067
206,1,0.19304043455332942,0.8069595654466705
207,1,0.19653770302304094,0.8034622969769589
208,1,0.19781190226841602,0.8021880977315838
209,1,0.19770822233302016,0.8022917776669798
210,1,0.1972999496581827,0.8027000503418174
211,1,0.197086524927663,0.8029134750723369
212,1,0.19623562264182257,0.8037643773581772
213,1,0.19661879255216191,0.803381207447838
214,1,0.1942100736156207,0.8057899263843792
215,1,0.19500271941836625,0.8049972805816337
216,1,0.19385400668569064,0.8061459933143093
217,1,0.19913149902772415,0.8008685009722758
218,1,0.19486819619818624,0.805131803801814
219,1,0.19671737531921046,0.8032826246807894
220,1,0.19515239083957886,0.804847609160421
221,1,0.19649608425150267,0.8035039157484973
222,1,0.19434899531218494,0.8056510046878149
223,1,0.19756478902575275,0.8024352109742472
224,1,0.19495809296880093,0.805041907031199
225,1,0.19823774967658303,0.801762250323417
226,1,0.1974574092919256,0.8025425907080743
227,1,0.19724761809714425,0.8027523819028556
228,1,0.19606353964608886,0.8039364603539111
229,1,0.1969055480600396,0.8030944519399602
230,1,0.19772458208356403,0.8022754179164361
231,1,0.19772335948614655,0.8022766405138533
232,1,0.19366412520038168,0.8063358747996185
233,1,0.1971643672851088,0.8028356327148911
234,1,0.192372266026777,0.8076277339732231
235,1,0.19306558466192286,0.8069344153380771
236,1,0.19647473693042464,0.8035252630695753
237,1,0.19267074029101489,0.8073292597089852
238,1,0.1966807809342476,0.8033192190657523
239,1,0.1945791308159039,0.8054208691840963
240,1,0.19505588142975833,0.8049441185702415
241,1,0.1944928703618641,0.8055071296381359
242,1,0.19391168490548633,0.8060883150945136
243,1,0.19256933052686825,0.8074306694731318
244,1,0.19320148632889134,0.8067985136711087
245,1,0.19399077100332401,0.8060092289966759
246,1,0.1974003728391424,0.8025996271608576
247,1,0.19638460591635337,0.8036153940836466
248,1,0.19363493720128097,0.806365062798719
249,1,0.19344841547880778,0.8065515845211921
250,1,0.1961124914153945,0.8038875085846054
251,1,0.19581613046175658,0.8041838695382433
252,1,0.19612196281050961,0.8038780371894901
253,1,0.19652256477956814,0.8034774352204318
254,1,0.19652501193996147,0.8034749880600384
255,1,0.19740880971637295,0.802591190283627
256,1,0.1969072745584295,0.8030927254415705
257,1,0.19492711972109894,0.805072880278901
258,1,0.19565584040690345,0.8043441595930967
259,1,0.1947433248281531,0.805256675171847
260,1,0.19781591953892658,0.8021840804610735
261,1,0.19465781573375152,0.8053421842662484
262,1,0.1977590282315831,0.8022409717684169
263,1,0.19731679643528413,0.8026832035647157
264,1,0.19787924082813663,0.8021207591718633
265,1,0.19328291671152903,0.8067170832884709
266,1,0.19357298726846311,0.8064270127315367
267,1,0.19379988591878966,0.8062001140812104
268,1,0.1934220943092288,0.8065779056907711
269,1,0.1976106012398855,0.8023893987601143
270,1,0.19665253015816594,0.803347469841834
271,1,0.19308384964065572,0.8069161503593442
272,1,0.19726347015705917,0.8027365298429407
273,1,0.19276295930975662,0.8072370406902435
274,1,0.19461026950922164,0.8053897304907783
275,1,0.19843387947326302,0.801566120526737
276,1,0.19780108166806637,0.8021989183319336
277,1,0.19655812614641638,0.8034418738535833
278,1,0.19464981944706183,0.805350180552938
279,1,0.19788171395740878,0.8021182860425912
280,1,0.19461668640069335,0.8053833135993065
281,1,0.19296493598873435,0.8070350640112658
282,1,0.19363711068863532,0.8063628893113647
283,1,0.195488010331642,0.8045119896683579
284,1,0.1977036819153112,0.8022963180846887
285,1,0.19723662747138268,0.8027633725286172
286,1,0.19788946789450534,0.8021105321054947
287,1,0.19360864044367654,0.8063913595563234
288,1,0.1968432681672246,0.8031567318327755
289,1,0.19410769951958812,0.8058923004804118
290,1,0.19760385916796647,0.8023961408320334
291,1,0.19616761051177933,0.8038323894882206
292,1,0.19411628650487897,0.8058837134951208
293,1,0.19669191630071553,0.8033080836992845
294,1,0.19563772391982295,0.8043622760801771
295,1,0.1949474748745434,0.8050525251254566
296,1,0.1950627340859709,0.8049372659140289
297,1,0.19649064449455023,0.8035093555054497
298,1,0.19778700869182964,0.8022129913081703
299,1,0.1975626424659978,0.8024373575340021
300,1,0.19295145867392693,0.8070485413260732
301,1,0.19321900736828715,0.806780992631713
302,1,0.19760323398525298,0.802396766014747
303,1,0.19447946666458957,0.8055205333354104
304,1,0.19377570305699554,0.8062242969430043
305,1,0.19780721840175391,0.802192781598246
306,1,0.19357415811127363,0.8064258418887263
307,1,0.19490712454602982,0.8050928754539702
308,1,0.19770193027325758,0.8022980697267423
309,1,0.19790775774089825,0.8020922422591015
310,1,0.1936480586186493,0.8063519413813507
311,1,0.19627522095176103,0.8037247790482389
312,1,0.19604772575321164,0.8039522742467884
313,1,0.19772716655391864,0.8022728334460811
314,1,0.1942049293047352,0.8057950706952646
315,1,0.1911564457829119,0.8088435542170881
316,1,0.19486378319376763,0.8051362168062323
317,1,0.19473048181992642,0.8052695181800734
318,1,0.1922891889273047,0.8077108110726952
319,1,0.1947496448206533,0.8052503551793466
320,1,0.1945995450115657,0.8054004549884342
321,1,0.19361474965570688,0.8063852503442931
322,1,0.1964397819098182,0.8035602180901817
323,1,0.19473950404691154,0.8052604959530886
324,1,0.19665997293235193,0.8033400270676481
325,1,0.19299960726710416,0.8070003927328957
326,1,0.1975173072494159,0.8024826927505841
327,1,0.19344738867634936,0.8065526113236506
328,1,0.19535500299317038,0.8046449970068295
329,1,0.19729073252493384,0.802709267475066
330,1,0.19454923001051033,0.8054507699894895
331,1,0.19767604058388843,0.8023239594161116
332,1,0.1942397160678841,0.805760283932116
333,1,0.1957134326218954,0.8042865673781046
334,1,0.19764125557883278,0.8023587444211671
335,1,0.19765591646175004,0.8023440835382498
336,1,0.19497868297381724,0.8050213170261827
337,1,0.19319966582028505,0.806800334179715
338,1,0.19508600261766076,0.8049139973823394
339,1,0.19577040254365707,0.8042295974563428
340,1,0.19430462920958586,0.8056953707904142
341,1,0.19539226675474236,0.8046077332452576
342,1,0.19782851193975212,0.8021714880602477
343,1,0.19758029382516903,0.8024197061748308
344,1,0.19289298258567103,0.8071070174143291
345,1,0.1961824050915649,0.803817594908435
346,1,0.19466573791625946,0.8053342620837404
347,1,0.19620845243091273,0.8037915475690871
348,1,0.19329950455329953,0.8067004954467004
349,1,0.19765535462804937,0.8023446453719505
350,1,0.19524939448022596,0.804750605519774
351,1,0.19434822107659397,0.8056517789234061
352,1,0.197591483344993,0.8024085166550069
353,1,0.19521235309972793,0.8047876469002722
354,1,0.19653615790324577,0.8034638420967541
355,1,0.1934755922574612,0.8065244077425389
356,1,0.19787021089233173,0.8021297891076683
357,1,0.1939540515040979,0.8060459484959022
358,1,0.19740899081525282,0.802591009184747
359,1,0.1981279696618788,0.801872030338121
360,1,0.19745197415450683,0.802548025845493
361,1,0.19719417075636536,0.8028058292436345
362,1,0.196133074178573,0.803866925821427
363,1,0.19692232772970394,0.8030776722702958
364,1,0.19699100268672223,0.8030089973132778
365,1,0.19679148731579027,0.8032085126842097
366,1,0.19559814295739966,0.8044018570426003
367,1,0.19703095242665497,0.8029690475733451
368,1,0.1933882551712423,0.8066117448287576
369,1,0.196866342934493,0.803133657065507
370,1,0.19536461592067894,0.8046353840793209
371,1,0.19472778571395652,0.8052722142860433
372,1,0.1945656835233504,0.8054343164766496
373,1,0.1956847650736433,0.8043152349263567
374,1,0.19638093515627916,0.8036190648437207
375,1,0.19608732489614508,0.8039126751038547
376,1,0.1953514463605761,0.804648553639424
377,1,0.19539532579016777,0.8046046742098321
378,1,0.19695435136349274,0.8030456486365072
379,1,0.19467181148236343,0.8053281885176367
380,1,0.19536397252849472,0.8046360274715052
381,1,0.1943664063418502,0.8056335936581498
382,1,0.19474037901192504,0.8052596209880749
383,1,0.1977876558677658,0.8022123441322341
384,1,0.19394042655512253,0.8060595734448773
385,1,0.19770920392630797,0.8022907960736919
386,1,0.1967140709508421,0.803285929049158
387,1,0.1934177132803597,0.8065822867196403
388,1,0.19675185626551933,0.8032481437344808
389,1,0.19411182405199628,0.8058881759480038
390,1,0.19512429448616153,0.8048757055138385
391,1,0.195695688437621,0.8043043115623789
392,1,0.19271026972382233,0.8072897302761778
393,1,0.19453407578774784,0.805465924212252
394,1,0.1956820900097885,0.8043179099902116
395,1,0.1971256880954538,0.8028743119045462
396,1,0.19547478638655283,0.8045252136134471
397,1,0.19713621790973948,0.8028637820902604
398,1,0.19504600789392565,0.8049539921060742
399,1,0.19774542790211713,0.8022545720978828
400,1,0.19375402634736302,0.8062459736526373
401,1,0.19570044630833264,0.8042995536916676
402,1,0.19556418455978405,0.8044358154402158
403,1,0.19581579883523387,0.8041842011647662
404,1,0.19263245091058223,0.8073675490894179
405,1,0.19380134421860368,0.8061986557813963
406,1,0.19776383455833813,0.8022361654416617
407,1,0.19388855931097895,0.8061114406890211
408,1,0.19648915280010265,0.8035108471998973
409,1,0.1977596004108014,0.8022403995891985
410,1,0.19750172359823875,0.8024982764017612
411,1,0.1954666857046742,0.8045333142953257
412,1,0.1939749226366067,0.8060250773633933
413,1,0.1945731819242892,0.8054268180757107
414,1,0.1965428828793793,0.8034571171206206
415,1,0.19487484321247664,0.8051251567875234
416,1,0.1944541995534155,0.8055458004465846
417,1,0.1968056257879863,0.8031943742120136
418,1,0.19756399274480216,0.8024360072551977
419,1,0.19797917864377715,0.802020821356223
420,1,0.19505213170569452,0.8049478682943055
421,1,0.19541296367071542,0.8045870363292844
422,1,0.19734296259981568,0.8026570374001842
423,1,0.1940325584321788,0.8059674415678213
424,1,0.19464041394937825,0.8053595860506217
425,1,0.19610406367416489,0.803895936325835
426,1,0.19494300688238414,0.8050569931176159
427,1,0.19550202822709525,0.8044979717729046
428,1,0.1939839871197305,0.8060160128802695
429,1,0.19450642891855757,0.8054935710814425
430,1,0.19605760810109332,0.8039423918989067
431,1,0.19723883674451997,0.80276116325548
432,1,0.19366031748080054,0.8063396825191994
433,1,0.19777042603698064,0.8022295739630193
434,1,0.19441494161938203,0.805585058380618
435,1,0.19789595663173531,0.8021040433682645
436,1,0.19323916114513892,0.806760838854861
437,1,0.1963400172295544,0.8036599827704455
438,1,0.1978741184874923,0.8021258815125076
439,1,0.19418006678361938,0.8058199332163806
440,1,0.19349227152888435,0.8065077284711158
441,1,0.19461174550942154,0.8053882544905786
442,1,0.1948318776134575,0.8051681223865425
443,1,0.1958228339622045,0.8041771660377955
444,1,0.19517347953514008,0.8048265204648599
445,1,0.1948895989698191,0.8051104010301808
446,1,0.19779091493899328,0.8022090850610066
447,1,0.1934967603959465,0.8065032396040536
448,1,0.1949654092612087,0.8050345907387912
449,1,0.19441436439024679,0.8055856356097533
450,1,0.1941695122500024,0.8058304877499974
451,1,0.19471510658346566,0.8052848934165343
452,1,0.19542168160706336,0.8045783183929366
453,1,0.1935306579484292,0.8064693420515707
454,1,0.19461023267833993,0.80538976732166
455,1,0.19317569889335265,0.8068243011066475
456,1,0.1955834734159081,0.8044165265840919
457,1,0.19410637245860432,0.8058936275413957
458,1,0.19777492846763928,0.8022250715323607
459,1,0.19252433026183455,0.8074756697381653
460,1,0.19409648016798836,0.8059035198320116
461,1,0.19764027470351406,0.8023597252964857
462,1,0.19494203388047943,0.8050579661195204
463,1,0.1983115176337138,0.8016884823662862
464,1,0.19314443440832502,0.8068555655916752
465,1,0.1943038842238795,0.8056961157761207
466,1,0.19494763512897978,0.8050523648710202
467,1,0.197759401322993,0.8022405986770069
468,1,0.1933664458131515,0.8066335541868485
469,1,0.19644195463731967,0.8035580453626803
470,1,0.19647779897864598,0.803522201021354
471,1,0.1974373220411058,0.802562677958894
472,1,0.19328926558180573,0.8067107344181942
473,1,0.19754643386928236,0.8024535661307175
474,1,0.19280937888724395,0.807190621112756
475,1,0.19497040561016238,0.8050295943898377
476,1,0.19666163697560685,0.8033383630243931
477,1,0.19776951739178578,0.8022304826082142
478,1,0.19712274345870923,0.8028772565412906
479,1,0.19612567864462607,0.8038743213553738
480,1,0.19465316102352398,0.805346838976476
481,1,0.19860291638143207,0.8013970836185678
482,1,0.19473048741653282,0.805269512583467
483,1,0.1947537019758557,0.8052462980241442
484,1,0.19723579097473035,0.8027642090252696
485,1,0.1924717848344853,0.8075282151655147
486,1,0.19434108183544138,0.8056589181645586
487,1,0.19245357068589491,0.8075464293141051
488,1,0.19781369183568348,0.8021863081643165
489,1,0.19778325712026742,0.8022167428797327
490,1,0.19332339245392585,0.8066766075460743
491,1,0.19628150182462784,0.8037184981753722
492,1,0.19454930369704374,0.8054506963029564
493,1,0.1938805162622918,0.8061194837377081
494,1,0.19759993603046663,0.8024000639695332
495,1,0.19669655797263302,0.8033034420273669
496,1,0.19665252243553466,0.8033474775644652
497,1,0.19596717202671163,0.8040328279732885
498,1,0.1933593817938327,0.8066406182061675
499,1,0.19440249855615396,0.8055975014438461
500,1,0.1942107083719276,0.8057892916280724
501,1,0.1961323858888166,0.8038676141111832
502,1,0.1967396203884994,0.8032603796115005
503,1,0.1958460785922773,0.8041539214077227
504,1,0.1952321308012984,0.8047678691987015
505,1,0.19589069670373266,0.8041093032962673
506,1,0.19531277692577734,0.8046872230742226
507,1,0.19734272488547472,0.8026572751145252
508,1,0.19789700018814432,0.8021029998118555
509,1,0.19485497805764296,0.805145021942357
510,1,0.19756918473642923,0.8024308152635706
511,1,0.19712318121236277,0.8028768187876372
512,1,0.1973800177505661,0.8026199822494338
513,1,0.19388818381977188,0.8061118161802281
514,1,0.19621484381537918,0.8037851561846207
515,1,0.19888270101130642,0.8011172989886935
516,1,0.19585360420981454,0.8041463957901854
517,1,0.19786606295432518,0.8021339370456747
518,1,0.19722037100913398,0.802779628990866
519,1,0.1958721162837663,0.8041278837162334
520,1,0.19634097444744922,0.8036590255525506
521,1,0.19433596459291652,0.8056640354070833
522,1,0.19465096647608254,0.8053490335239177
523,1,0.1949621994832346,0.8050378005167653
524,1,0.19498716481668038,0.8050128351833195
525,1,0.19721786652813184,0.8027821334718681
526,1,0.1963724954463121,0.8036275045536877
527,1,0.1957664960880447,0.8042335039119554
528,1,0.1932821691167969,0.8067178308832033
529,1,0.1946467808396763,0.8053532191603237
530,1,0.19344793579543462,0.8065520642045655
531,1,0.19593986598458507,0.8040601340154149
532,1,0.19745570263817247,0.8025442973618275
533,1,0.1975972948825906,0.8024027051174093
534,1,0.19869391050044402,0.8013060894995558
535,1,0.19759086441610846,0.8024091355838916
536,1,0.19363588134085835,0.8063641186591417
537,1,0.1957461816819393,0.8042538183180605
538,1,0.19479549395377255,0.8052045060462273
539,1,0.19494304119908795,0.8050569588009118
540,1,0.19718521527045793,0.802814784729542
541,1,0.19643231786986015,0.8035676821301398
542,1,0.19640380214656156,0.8035961978534383
543,1,0.19518925096740045,0.8048107490325993
544,1,0.19746224684389002,0.8025377531561098
545,1,0.19598905292194685,0.804010947078053
546,1,0.1937417352613608,0.8062582647386393
547,1,0.19299431549124607,0.8070056845087539
548,1,0.19863297699757898,0.8013670230024209
549,1,0.19718257575318487,0.802817424246815
550,1,0.19439981558684613,0.8056001844131536
551,1,0.1929786130744371,0.807021386925563
552,1,0.19521662815755336,0.8047833718424465
553,1,0.1933503792387438,0.8066496207612561
554,1,0.19773431478759362,0.8022656852124062
555,1,0.1944384485857548,0.8055615514142451
556,1,0.19401249680774096,0.8059875031922591
557,1,0.1939492560325259,0.806050743967474
558,1,0.1974837409017452,0.8025162590982546
559,1,0.1934253110629608,0.806574688937039
560,1,0.19583088340084426,0.8041691165991557
561,1,0.19621108068884557,0.8037889193111543
562,1,0.19396957467881065,0.8060304253211893
563,1,0.19782466324632905,0.802175336753671
564,1,0.19557123081888994,0.80442876918111
565,1,0.19748579782500406,0.8025142021749957
566,1,0.19778196325990613,0.8022180367400938
567,1,0.19841534987235607,0.8015846501276439
568,1,0.19693166853135294,0.8030683314686471
569,1,0.19390197535754344,0.8060980246424565
570,1,0.19299078263347502,0.807009217366525
571,1,0.1987052578856478,0.8012947421143523
572,1,0.19628444593474353,0.8037155540652566
573,1,0.19576714218215446,0.8042328578178454
574,1,0.19674759269281447,0.8032524073071855
575,1,0.19576011384448339,0.8042398861555166
576,1,0.19391660510630243,0.8060833948936976
577,1,0.19487027660738568,0.8051297233926142
578,1,0.19719655110463238,0.8028034488953676
579,1,0.19689493306078165,0.8031050669392183
580,1,0.19494886488152843,0.8050511351184715
581,1,0.1958065498565847,0.8041934501434153
582,1,0.19498958399122052,0.8050104160087793
583,1,0.19325750222823515,0.806742497771765
584,1,0.1960960840944028,0.8039039159055974
585,1,0.1967586078066287,0.8032413921933712
586,1,0.19669754441434034,0.8033024555856596
587,1,0.19425825239849517,0.8057417476015047
588,1,0.19660172420291372,0.8033982757970863
589,1,0.1966545122714834,0.8033454877285164
590,1,0.19631356245989867,0.8036864375401013
591,1,0.19494510239113874,0.8050548976088614
592,1,0.19523711486615122,0.8047628851338487
593,1,0.19556129025635482,0.8044387097436452
594,1,0.19308029859894724,0.8069197014010527
595,1,0.1973725448961717,0.8026274551038283
596,1,0.19748490592504245,0.8025150940749575
597,1,0.1946394181146383,0.8053605818853617
598,1,0.19415081386591165,0.8058491861340883
599,1,0.19290818726477926,0.8070918127352209
600,1,0.19595690068571714,0.8040430993142827
601,1,0.197560259314875,0.802439740685125
602,1,0.19778471290809413,0.8022152870919058
603,1,0.1945025232838224,0.8054974767161776
604,1,0.19614133062774397,0.8038586693722559
605,1,0.1955083507968359,0.8044916492031641
606,1,0.19801446363744152,0.8019855363625586
607,1,0.19769686601019693,0.8023031339898029
608,1,0.19771840445086122,0.8022815955491387
609,1,0.197508067955053,0.8024919320449468
610,1,0.192627305127021,0.8073726948729789
611,1,0.193329140202006,0.8066708597979939
612,1,0.19640114615004212,0.8035988538499577
613,1,0.1976363990513607,0.8023636009486392
614,1,0.19378971228021963,0.8062102877197803
615,1,0.192657101516135,0.807342898483865
616,1,0.19645508452527224,0.8035449154747276
617,1,0.1943747418902177,0.8056252581097822
618,1,0.19453797354175192,0.805462026458248
619,1,0.19430188041917468,0.8056981195808254
620,1,0.1987937855235052,0.8012062144764946
621,1,0.1963119602304512,0.8036880397695487
622,1,0.19745654009178998,0.80254345990821
623,1,0.19405739458844992,0.8059426054115502
624,1,0.19539623263705597,0.8046037673629438
625,1,0.19296240181564506,0.8070375981843547
626,1,0.19769750734944536,0.8023024926505545
627,1,0.1976856037146461,0.8023143962853538
628,1,0.19606471776966708,0.8039352822303328
629,1,0.19770764277222702,0.8022923572277728
630,1,0.19435064425904497,0.805649355740955
631,1,0.1931124378876679,0.8068875621123321
632,1,0.1992046690568642,0.8007953309431357
633,1,0.19263281265036852,0.8073671873496314
634,1,0.19545547541007804,0.804544524589922
635,1,0.1945360297234356,0.8054639702765645
636,1,0.19764430944915712,0.8023556905508427
637,1,0.19476386406497292,0.8052361359350272
638,1,0.19820115373501543,0.8017988462649847
639,1,0.19507434506778024,0.8049256549322197
640,1,0.19406691650912045,0.8059330834908793
641,1,0.19878833948063118,0.8012116605193688
642,1,0.19408094828211256,0.8059190517178875
643,1,0.19723338814439056,0.8027666118556093
644,1,0.19529624725556555,0.8047037527444345
645,1,0.1972128687309911,0.802787131269009
646,1,0.19594646997435902,0.8040535300256408
647,1,0.19496954392876684,0.805030456071233
648,1,0.19549987264607635,0.8045001273539235
649,1,0.19681380671935492,0.803186193280645
650,1,0.1944791281782655,0.8055208718217346
651,1,0.19453509984262865,0.8054649001573713
652,1,0.19695627929575896,0.8030437207042409
653,1,0.17983640302714407,0.820163596972856
654,1,0.19755121147464832,0.8024487885253515
655,1,0.19722836482900133,0.8027716351709986
656,1,0.19255299602311682,0.8074470039768832
657,1,0.1973535929771661,0.802646407022834
658,1,0.19502646274098842,0.8049735372590116
659,1,0.1953488322390271,0.8046511677609727
660,1,0.19520931496425756,0.8047906850357425
661,1,0.19464684168414545,0.8053531583158545
662,1,0.1954264986504724,0.8045735013495274
663,1,0.19646932510976964,0.8035306748902302
664,1,0.1947860946937107,0.8052139053062894
665,1,0.1940397368344225,0.8059602631655775
666,1,0.19749542854088237,0.8025045714591176
667,1,0.19751575095133359,0.8024842490486664
668,1,0.19350635269364774,0.8064936473063522
669,1,0.19490706166352872,0.8050929383364712
670,1,0.19519405669341205,0.8048059433065878
671,1,0.19518891111945977,0.8048110888805402
672,1,0.19268367645898604,0.8073163235410139
673,1,0.1950832174077235,0.8049167825922765
674,1,0.1921495720369771,0.8078504279630229
675,1,0.1939758111097487,0.8060241888902514
676,1,0.1969034339143747,0.8030965660856252
677,1,0.1936904126155481,0.8063095873844519
678,1,0.19499813939198402,0.805001860608016
679,1,0.19613597964824608,0.803864020351754
680,1,0.1960732470963497,0.8039267529036505
681,1,0.19486616525740122,0.8051338347425988
682,1,0.19365422883673652,0.8063457711632633
683,1,0.19754535974917622,0.8024546402508237
684,1,0.19633370388892263,0.8036662961110774
685,1,0.1950635447598134,0.8049364552401868
686,1,0.1944163291648014,0.8055836708351988
687,1,0.19527158630447344,0.8047284136955264
688,1,0.19749312223986268,0.8025068777601373
689,1,0.19448698044338858,0.8055130195566115
690,1,0.19440990356440052,0.8055900964355995
691,1,0.19613196733372917,0.8038680326662707
692,1,0.19479318065664136,0.8052068193433586
693,1,0.1942394128789658,0.8057605871210342
694,1,0.19727903918548936,0.8027209608145107
695,1,0.19586105974040918,0.8041389402595909
696,1,0.19418612771327393,0.8058138722867261
697,1,0.19672727427499964,0.8032727257250002
698,1,0.1946664558166109,0.8053335441833891
699,1,0.1963084112749729,0.803691588725027
700,1,0.19764678491510562,0.8023532150848943
701,1,0.19358576546729345,0.8064142345327066
702,1,0.19472569700189477,0.8052743029981052
703,1,0.19773816078787548,0.8022618392121244
704,1,0.19509491483549407,0.8049050851645061
705,1,0.19287093810082742,0.8071290618991727
706,1,0.1976727620846647,0.8023272379153351
707,1,0.1977943393248441,0.8022056606751559
708,1,0.1931827870422999,0.8068172129577003
709,1,0.19388722102858189,0.8061127789714181
710,1,0.19296921790610685,0.8070307820938932
711,1,0.19388202551092856,0.8061179744890714
712,1,0.19451640754241672,0.8054835924575832
713,1,0.1948828081521201,0.8051171918478797
714,1,0.19684302501043707,0.8031569749895627
715,1,0.19624634258807894,0.8037536574119208
716,1,0.19520234696550529,0.8047976530344947
717,1,0.19775348728815018,0.8022465127118495
718,1,0.1972400905565097,0.8027599094434903
719,1,0.1977535879319597,0.8022464120680401
720,1,0.19750946519818954,0.8024905348018105
721,1,0.19775128637254533,0.8022487136274545
722,1,0.19328242761298298,0.806717572387017
723,1,0.19301947198438776,0.8069805280156125
724,1,0.19692039119635057,0.8030796088036494
725,1,0.19838376680630132,0.8016162331936989
726,1,0.1988556415232055,0.8011443584767944
727,1,0.19496542185963006,0.8050345781403699
728,1,0.19511680822480085,0.8048831917751992
729,1,0.19403233016497903,0.8059676698350211
730,1,0.19665149148777195,0.8033485085122279
731,1,0.19342280661175199,0.8065771933882478
732,1,0.19779652092136235,0.8022034790786374
733,1,0.19477489020246375,0.8052251097975361
734,1,0.1939527301901795,0.8060472698098206
735,1,0.1936706937172755,0.8063293062827246
736,1,0.19472143005099554,0.8052785699490045
737,1,0.1944262551061212,0.8055737448938787
738,1,0.19643248230991578,0.803567517690084
739,1,0.1972806131238798,0.8027193868761202
740,1,0.19405218196730262,0.8059478180326975
741,1,0.19746223564802795,0.802537764351972
742,1,0.19761287231672134,0.8023871276832786
743,1,0.1949275834768339,0.805072416523166
744,1,0.19605432595244623,0.8039456740475537
745,1,0.19443220788630616,0.8055677921136939
746,1,0.1974085718018796,0.8025914281981203
747,1,0.1943896243664869,0.8056103756335131
748,1,0.19383160426927667,0.8061683957307231
749,1,0.19495952620485052,0.8050404737951495
750,1,0.19707357849486917,0.8029264215051308
751,1,0.1989964452444432,0.801003554755557
752,1,0.19449191416242476,0.8055080858375753
753,1,0.1958426940542267,0.8041573059457733
754,1,0.1974456540770552,0.802554345922945
755,1,0.19439765368453696,0.8056023463154629
756,1,0.19479077812368678,0.8052092218763132
757,1,0.19208506474902243,0.8079149352509776
758,1,0.1976373592243806,0.8023626407756195
759,1,0.1939402621240202,0.8060597378759796
760,1,0.19419134754469264,0.8058086524553072
761,1,0.1934873921751188,0.8065126078248811
762,1,0.19593918304005808,0.8040608169599419
763,1,0.19757418923275583,0.802425810767244
764,1,0.19652993850096281,0.8034700614990371
765,1,0.1949007311737027,0.8050992688262972
766,1,0.19654080980940183,0.8034591901905982
767,1,0.19458022021436766,0.8054197797856325
768,1,0.19513354724574233,0.8048664527542575
769,1,0.19490680356557138,0.8050931964344287
770,1,0.19522198546009015,0.8047780145399098
771,1,0.19391799681211436,0.8060820031878858
772,1,0.19357971919076084,0.8064202808092391
773,1,0.19346584975125114,0.806534150248749
774,1,0.19768201144906813,0.8023179885509318
775,1,0.19398003593606608,0.806019964063934
776,1,0.19497319668793173,0.8050268033120684
777,1,0.19733222836823244,0.8026677716317676
778,1,0.1986089676822659,0.801391032317734
779,1,0.19167771633088374,0.8083222836691162
780,1,0.19384492537159498,0.8061550746284049
781,1,0.19665208832467934,0.8033479116753206
782,1,0.19281629914924134,0.8071837008507586
783,1,0.1993278767640812,0.8006721232359189
784,1,0.19723020506016567,0.8027697949398342
785,1,0.19441771868808272,0.8055822813119171
786,1,0.19469736121842812,0.805302638781572
787,1,0.19645955711584961,0.8035404428841504
788,1,0.19681594036933375,0.803184059630666
789,1,0.19792620808553435,0.8020737919144654
790,1,0.1991002758852122,0.8008997241147879
791,1,0.19507882710824326,0.8049211728917568
792,1,0.19436138344061252,0.8056386165593874
793,1,0.1955093214777038,0.8044906785222962
794,1,0.1983929928569,0.8016070071431001
795,1,0.1941441799387717,0.8058558200612282
796,1,0.19659766533472184,0.8034023346652781
797,1,0.19485045883590885,0.8051495411640912
798,1,0.19504688226290695,0.804953117737093
799,1,0.1951369851324704,0.8048630148675298
800,1,0.19289798714690196,0.8071020128530979
801,1,0.19465474965007307,0.8053452503499269
802,1,0.19416978521095815,0.8058302147890419
803,1,0.19871105005367648,0.8012889499463235
804,1,0.19602836788562789,0.8039716321143722
805,1,0.19237045032283023,0.8076295496771697
806,1,0.1959974037155782,0.8040025962844217
807,1,0.19566173065235565,0.8043382693476442
808,1,0.1950658352652524,0.8049341647347477
809,1,0.19245245319492274,0.8075475468050775
810,1,0.19102064275584016,0.8089793572441598
811,1,0.1940025389433299,0.8059974610566701
812,1,0.1967720840348623,0.8032279159651378
813,1,0.19516439864879445,0.8048356013512056
814,1,0.1954369348331994,0.8045630651668005
815,1,0.19562469228347956,0.8043753077165203
816,1,0.1962977607478508,0.8037022392521491
817,1,0.19583255342013112,0.8041674465798687
818,1,0.19550186440601308,0.8044981355939868
819,1,0.19468365047021002,0.80531634952979
820,1,0.194278421115699,0.8057215788843012
821,1,0.19487034773969247,0.8051296522603074
822,1,0.1933917477032102,0.8066082522967898
823,1,0.19479983205419116,0.8052001679458088
824,1,0.19473607085638808,0.8052639291436119
825,1,0.19587139112055435,0.8041286088794456
826,1,0.1968639277448517,0.8031360722551482
827,1,0.19860317900339997,0.8013968209966
828,1,0.1978509689261411,0.8021490310738588
829,1,0.19688510388592895,0.8031148961140708
830,1,0.1954602731758251,0.8045397268241749
831,1,0.19372751810598124,0.8062724818940188
832,1,0.19405183198055775,0.8059481680194421
833,1,0.1932889248074155,0.8067110751925846
834,1,0.19350441234212332,0.8064955876578767
835,1,0.19690988358551492,0.8030901164144849
836,1,0.19687476332997159,0.8031252366700284
837,1,0.1962536267948535,0.8037463732051464
838,1,0.19546150111157878,0.8045384988884212
839,1,0.19714609276469544,0.8028539072353045
840,1,0.19469975559749958,0.8053002444025003
841,1,0.19479154869470805,0.805208451305292
842,1,0.1955589867729912,0.8044410132270089
843,1,0.19548086241049104,0.804519137589509
844,1,0.19501615892507207,0.8049838410749282
845,1,0.19543559089740148,0.8045644091025986
846,1,0.19767214816509435,0.8023278518349055
847,1,0.19410947517501748,0.8058905248249826
848,1,0.19498597078404237,0.8050140292159575
849,1,0.195993907850945,0.8040060921490552
850,1,0.19491158740027378,0.8050884125997262
851,1,0.19464107374089804,0.805358926259102
852,1,0.19515147237634084,0.804848527623659
853,1,0.196652382928239,0.8033476170717609
854,1,0.19680056077284816,0.8031994392271518
855,1,0.19688996467492545,0.8031100353250744
856,1,0.19277781011794953,0.8072221898820503
857,1,0.1954277002290135,0.8045722997709864
858,1,0.19678971782317273,0.8032102821768271
859,1,0.1976069019530616,0.8023930980469384
860,1,0.19411252822097014,0.80588747177903
861,1,0.19526742918109335,0.8047325708189066
862,1,0.19613745013643977,0.8038625498635602
863,1,0.19401153829698564,0.8059884617030143
864,1,0.1964394784439704,0.8035605215560293
865,1,0.19522665666131736,0.8047733433386826
866,1,0.19499210807415374,0.8050078919258464
867,1,0.19294328106890715,0.807056718931093
868,1,0.19481232028763262,0.8051876797123672
869,1,0.19923351464546052,0.8007664853545394
870,1,0.1967280636404026,0.8032719363595973
871,1,0.19473689898826244,0.8052631010117377
872,1,0.1954024042927293,0.8045975957072706
873,1,0.19644735722941076,0.8035526427705892
874,1,0.193900401940659,0.806099598059341
875,1,0.19518910782061666,0.8048108921793833
876,1,0.19321131549490184,0.8067886845050982
877,1,0.19875081626701302,0.801249183732987
878,1,0.19453526672367621,0.8054647332763238
879,1,0.19449324319447486,0.8055067568055252
880,1,0.19474560527927812,0.8052543947207219
881,1,0.19541144720064668,0.8045885527993532
882,1,0.19623408762296318,0.8037659123770368
883,1,0.1991038555730557,0.8008961444269443
884,1,0.19615445482351,0.80384554517649
885,1,0.19470892119099337,0.8052910788090065
886,1,0.19370299964371956,0.8062970003562807
887,1,0.19630333488153257,0.8036966651184674
888,1,0.1948105943129243,0.8051894056870756
889,1,0.19262967230572206,0.807370327694278
890,1,0.19421447764734284,0.8057855223526571
891,1,0.1939106842239447,0.8060893157760554
892,1,0.1947819799672496,0.8052180200327503
893,1,0.19218263402160352,0.8078173659783964
894,1,0.19741842207878002,0.8025815779212199
895,1,0.19776932910175646,0.8022306708982434
896,1,0.19734100753510658,0.8026589924648933
897,1,0.1976591078033137,0.8023408921966861
898,1,0.19438775075840636,0.8056122492415936
899,1,0.19356115395159879,0.8064388460484013
900,1,0.1921838900030928,0.8078161099969072
901,1,0.19718384886883927,0.8028161511311607
902,1,0.18578257591766426,0.8142174240823357
903,1,0.19753740418150115,0.8024625958184988
904,1,0.1935325268579952,0.8064674731420048
905,1,0.19683042509535859,0.8031695749046414
906,1,0.19641780401822576,0.8035821959817742
907,1,0.19673491711129584,0.8032650828887041
908,1,0.1933540280020029,0.806645971997997
909,1,0.19452462517106667,0.8054753748289333
910,1,0.19446091225538042,0.8055390877446195
911,1,0.19455530556051817,0.8054446944394819
912,1,0.19872107856449267,0.8012789214355074
913,1,0.1969022491006941,0.8030977508993059
914,1,0.1967364744167202,0.8032635255832797
915,1,0.1948186764394649,0.8051813235605352
916,1,0.19715518564046314,0.8028448143595368
917,1,0.19629622940040886,0.8037037705995912
918,1,0.19794503016671294,0.802054969833287
919,1,0.19438961180789413,0.805610388192106
920,1,0.1974332186624735,0.8025667813375265
921,1,0.19573666001809725,0.8042633399819026
922,1,0.19501704414789445,0.8049829558521056
923,1,0.19643716756448276,0.8035628324355173
924,1,0.19879432957890547,0.8012056704210944
925,1,0.19546244318901246,0.8045375568109876
926,1,0.19630828680760182,0.803691713192398
927,1,0.19338295756131585,0.8066170424386842
928,1,0.19777466945822755,0.8022253305417724
929,1,0.19747016240206555,0.8025298375979343
930,1,0.19567244981601828,0.8043275501839819
931,1,0.19588343378342826,0.8041165662165716
932,1,0.19341899851703828,0.8065810014829617
933,1,0.19758543391162328,0.8024145660883766
934,1,0.1957442725988831,0.804255727401117
935,1,0.19768804381834104,0.8023119561816587
936,1,0.19352436501809572,0.8064756349819044
937,1,0.19688363909222564,0.8031163609077744
938,1,0.19714840332480515,0.8028515966751947
939,1,0.19721743911137996,0.80278256088862
940,1,0.19399955134727395,0.806000448652726
941,1,0.19498765440647275,0.8050123455935271
942,1,0.19494378737524953,0.8050562126247505
943,1,0.1924837236473672,0.8075162763526329
944,1,0.19610668088163913,0.8038933191183608
945,1,0.19419678885168512,0.8058032111483149
946,1,0.1970566280720761,0.8029433719279238
947,1,0.19450664525535893,0.8054933547446412
948,1,0.1940663705831365,0.8059336294168634
949,1,0.19451727063255664,0.8054827293674434
950,1,0.1930454561628338,0.806954543837166
951,1,0.19497632121776648,0.8050236787822336
952,1,0.19753664144779273,0.8024633585522072
953,1,0.19661283556977754,0.8033871644302224
954,1,0.1978473670069248,0.8021526329930755
955,1,0.197319607532984,0.8026803924670158
956,1,0.19424474375419515,0.8057552562458049
957,1,0.19753139041612608,0.8024686095838739
958,1,0.19579082720581287,0.8042091727941869
959,1,0.19532741023941097,0.8046725897605889
960,1,0.1943347012131314,0.8056652987868687
961,1,0.19745188922891815,0.8025481107710817
962,1,0.19667738369119156,0.8033226163088084
963,1,0.1937335113100728,0.806266488689927
964,1,0.19248237457568834,0.8075176254243118
965,1,0.19209368853439396,0.807906311465606
966,1,0.19550876506626627,0.8044912349337338
967,1,0.19526437732009655,0.8047356226799034
968,1,0.1962298076991043,0.8037701923008956
969,1,0.19730880981636786,0.8026911901836323
970,1,0.19611946798197563,0.8038805320180243
971,1,0.19731948436231583,0.8026805156376842
972,1,0.1933163135956522,0.8066836864043477
973,1,0.1953027067383178,0.8046972932616823
974,1,0.195598283501811,0.8044017164981888
975,1,0.19600713703443268,0.8039928629655673
976,1,0.19620743804225488,0.8037925619577451
977,1,0.19677926097862297,0.803220739021377
978,1,0.19790670851069342,0.8020932914893064
979,1,0.1968790575579813,0.8031209424420187
980,1,0.19762887667527052,0.8023711233247294
981,1,0.1953868612809385,0.8046131387190615
982,1,0.19463386907090646,0.8053661309290936
983,1,0.19251973239222736,0.8074802676077727
984,1,0.19534922587908543,0.8046507741209146
985,1,0.19447815362016363,0.8055218463798364
986,1,0.19547954514594212,0.804520454854058
987,1,0.1919107731529354,0.8080892268470645
988,1,0.19763083601583809,0.8023691639841617
989,1,0.1954835587583262,0.8045164412416737
990,1,0.19414523230064412,0.8058547676993559
991,1,0.19386322876240691,0.806136771237593
992,1,0.19557964350860532,0.8044203564913944
993,1,0.19340128655238426,0.8065987134476158
994,1,0.19449835807539412,0.805501641924606
995,1,0.1969796727088798,0.8030203272911202
996,1,0.19733049930935112,0.8026695006906488
997,1,0.19621099719019633,0.8037890028098037
998,1,0.1968853402124827,0.8031146597875173
999,1,0.19374209330305212,0.8062579066969479
1000,1,0.19256826892176204,0.807431731078238
1001,1,0.19501708095956238,0.8049829190404376
1002,1,0.1944508388315676,0.8055491611684324
1003,1,0.19834022752888006,0.8016597724711199
1004,1,0.19729259476438324,0.8027074052356168
1005,1,0.1949767150360017,0.8050232849639982
1006,1,0.1952705146072443,0.8047294853927556
1007,1,0.1948177062165149,0.8051822937834853
1008,1,0.19438403354173822,0.8056159664582617
1009,1,0.1952523952552187,0.8047476047447812
1010,1,0.1993884780124789,0.8006115219875213
1011,1,0.19460815311063895,0.8053918468893609
1012,1,0.19451254011937563,0.8054874598806243
1013,1,0.19760296443478942,0.8023970355652106
1014,1,0.19491083546755927,0.8050891645324407
1015,1,0.19514932802512625,0.8048506719748737
1016,1,0.19726692705079096,0.802733072949209
1017,1,0.19646205270522185,0.8035379472947781
1018,1,0.19353791749791321,0.8064620825020867
1019,1,0.1944156741357931,0.8055843258642069
1020,1,0.19663100334498843,0.8033689966550115
1021,1,0.19613577932215592,0.8038642206778439
1022,1,0.1937186772286141,0.8062813227713859
1023,1,0.19754480460138868,0.8024551953986112
1024,1,0.19644258409956866,0.8035574159004313
1025,1,0.1978758918354114,0.8021241081645885
1026,1,0.1947198765983224,0.8052801234016774
1027,1,0.19768986236294311,0.8023101376370567
1028,1,0.1976714890548517,0.8023285109451482
1029,1,0.19442565693549096,0.8055743430645089
1030,1,0.19332110066972125,0.8066788993302787
1031,1,0.19779225959834373,0.8022077404016562
1032,1,0.19734544275926078,0.8026545572407391
1033,1,0.19369678352432546,0.8063032164756747
1034,1,0.19319535362562618,0.8068046463743738
1035,1,0.19379509464406425,0.8062049053559359
1036,1,0.1928489447788196,0.8071510552211804
1037,1,0.19719742230456355,0.8028025776954364
1038,1,0.19394628639748143,0.8060537136025184
1039,1,0.1965967061741508,0.8034032938258491
1040,1,0.19357797774100405,0.806422022258996
1041,1,0.1970709417421336,0.8029290582578664
1042,1,0.19474019248366353,0.8052598075163362
1043,1,0.19423324314457574,0.8057667568554242
1044,1,0.19580438229744712,0.8041956177025528
1045,1,0.19342591550741586,0.8065740844925839
1046,1,0.18753586338114214,0.8124641366188581
1047,1,0.19780312442052478,0.8021968755794753
1048,1,0.193389658967836,0.806610341032164
1049,1,0.1971829865450458,0.802817013454954
1050,1,0.1981671133734236,0.8018328866265765
1051,1,0.19786617695379644,0.8021338230462035
1052,1,0.19493341641299544,0.8050665835870043
1053,1,0.19298722473992933,0.8070127752600706
1054,1,0.19303512957942767,0.8069648704205724
1055,1,0.196143943168049,0.8038560568319509
1056,1,0.1994353651863568,0.8005646348136433
1057,1,0.1967437847369755,0.8032562152630245
1058,1,0.19772855584379548,0.8022714441562044
1059,1,0.19428174479656862,0.8057182552034314
1060,1,0.19681361791456298,0.8031863820854369
1061,1,0.19774115825429925,0.8022588417457006
1062,1,0.19742803131039427,0.8025719686896057
1063,1,0.19621412222555726,0.8037858777744425
1064,1,0.19468917453024565,0.8053108254697543
1065,1,0.19308976613664766,0.8069102338633524
1066,1,0.1937691771896722,0.8062308228103277
1067,1,0.19784151674756253,0.8021584832524372
1068,1,0.1943461194824252,0.8056538805175746
1069,1,0.1970993547580136,0.8029006452419865
1070,1,0.19749424854518213,0.8025057514548177
1071,1,0.19773586250986946,0.8022641374901303
1072,1,0.19422329811759692,0.805776701882403
1073,1,0.19280645947746353,0.8071935405225366
1074,1,0.19613642670986814,0.8038635732901318
1075,1,0.19269654497970462,0.8073034550202955
1076,1,0.19493326813601755,0.8050667318639823
1077,1,0.1994067046162143,0.8005932953837858
1078,1,0.19474125039624562,0.8052587496037542
1079,1,0.1963887461086573,0.8036112538913429
1080,1,0.19591003667223122,0.8040899633277686
1081,1,0.19499696923894763,0.8050030307610523
1082,1,0.1953457024297444,0.8046542975702555
1083,1,0.19768737444305712,0.8023126255569428
1084,1,0.19759830318685837,0.8024016968131414
1085,1,0.19497894763654716,0.8050210523634528
1086,1,0.19400231623644695,0.805997683763553
1087,1,0.19417304313670608,0.8058269568632939
1088,1,0.19290456096729236,0.8070954390327078
1089,1,0.1928361969365912,0.807163803063409
1090,1,0.1964003138330527,0.8035996861669472
1091,1,0.19532479086091198,0.8046752091390881
1092,1,0.19724175325382456,0.8027582467461756
1093,1,0.19443318151562336,0.8055668184843766
1094,1,0.1977323593720622,0.8022676406279377
1095,1,0.197648719307901,0.8023512806920989
1096,1,0.19687905389365862,0.8031209461063415
1097,1,0.19354006099696264,0.8064599390030371
1098,1,0.19418051829808003,0.8058194817019201
1099,1,0.19723125790259224,0.8027687420974077
1100,1,0.19579652919667026,0.8042034708033297
1101,1,0.19488458194923114,0.8051154180507689
1102,1,0.19675986784891203,0.8032401321510878
1103,1,0.19422376596689386,0.8057762340331059
1104,1,0.19436026740514953,0.8056397325948506
1105,1,0.19281585786708172,0.8071841421329182
1106,1,0.19327121598025623,0.8067287840197437
1107,1,0.1961038647231327,0.8038961352768673
1108,1,0.1940691174734893,0.8059308825265108
1109,1,0.19438105005862083,0.8056189499413791
1110,1,0.19515150583040838,0.8048484941695915
1111,1,0.19695719092705902,0.8030428090729409
1112,1,0.19426999110003623,0.8057300088999637
1113,1,0.1946069152899871,0.8053930847100128
1114,1,0.19519291967077393,0.804807080329226
1115,1,0.1977683731032152,0.8022316268967847
1116,1,0.1953194256197268,0.8046805743802732
1117,1,0.1929681952934655,0.8070318047065346
1118,1,0.1948539282620963,0.8051460717379036
1119,1,0.19733941904939672,0.8026605809506032
1120,1,0.19246520412709114,0.807534795872909
1121,1,0.19542362695066245,0.8045763730493375
1122,1,0.19362719816913984,0.8063728018308602
1123,1,0.19775123609571016,0.8022487639042897
1124,1,0.19460563874179138,0.8053943612582086
1125,1,0.197797519677796,0.802202480322204
1126,1,0.19787957267297776,0.8021204273270222
1127,1,0.19790372598385164,0.8020962740161484
1128,1,0.19520255614903698,0.8047974438509629
1129,1,0.1953629504956719,0.804637049504328
1130,1,0.19733817316087507,0.8026618268391248
1131,1,0.195597673197392,0.8044023268026077
1132,1,0.1977756410649401,0.8022243589350598
1133,1,0.19628534317395124,0.8037146568260487
1134,1,0.19333863021135217,0.8066613697886478
1135,1,0.193576901845334,0.806423098154666
1136,1,0.19391904765478593,0.8060809523452142
1137,1,0.19654448355942455,0.8034555164405752
1138,1,0.19677794387223085,0.8032220561277692
1139,1,0.19284382958832,0.80715617041168
1140,1,0.19781953632426758,0.8021804636757324
1141,1,0.19445277507377012,0.8055472249262298
1142,1,0.19529809800268408,0.804701901997316
1143,1,0.19772509962236398,0.8022749003776358
1144,1,0.19510208350197633,0.8048979164980237
1145,1,0.1965157671524361,0.8034842328475638
1146,1,0.19792251907877736,0.8020774809212226
1147,1,0.19556304034119484,0.804436959658805
1148,1,0.19604430500742004,0.8039556949925798
1149,1,0.1965184783194705,0.8034815216805296
1150,1,0.1931956544138119,0.8068043455861881
1151,1,0.19294718388312665,0.8070528161168735
1152,1,0.1975420109492295,0.8024579890507704
1153,1,0.19432349530649637,0.8056765046935036
1154,1,0.19452573973703385,0.8054742602629661
1155,1,0.1957068802809166,0.8042931197190836
1156,1,0.1976953573116901,0.8023046426883097
1157,1,0.19486036215529562,0.8051396378447043
1158,1,0.1950698250430146,0.8049301749569855
1159,1,0.19408837629450368,0.8059116237054965
1160,1,0.19764504987858947,0.8023549501214104
1161,1,0.1975896206389945,0.8024103793610052
1162,1,0.19792755588564198,0.802072444114358
1163,1,0.1941148418967705,0.8058851581032295
1164,1,0.1969285884697402,0.8030714115302595
1165,1,0.1955622477399487,0.8044377522600513
1166,1,0.1954042294012802,0.8045957705987197
1167,1,0.1947608564482611,0.8052391435517388
1168,1,0.19594473557530678,0.8040552644246931
1169,1,0.19790713864275267,0.8020928613572472
1170,1,0.19453468591800444,0.8054653140819955
1171,1,0.19400149661258576,0.8059985033874142
1172,1,0.18398834713010653,0.8160116528698934
1173,1,0.19768881779934966,0.8023111822006502
1174,1,0.19206486405168843,0.8079351359483116
1175,1,0.19334170577378856,0.8066582942262116
1176,1,0.19740359360737558,0.8025964063926244
1177,1,0.19442208350161558,0.8055779164983845
1178,1,0.1965735527842538,0.8034264472157462
1179,1,0.19680107926552437,0.8031989207344756
1180,1,0.19251662808818068,0.8074833719118193
1181,1,0.19573032938242027,0.8042696706175795
1182,1,0.1945507450886388,0.8054492549113611
1183,1,0.19324072547710233,0.8067592745228976
1184,1,0.19778984438010996,0.8022101556198897
1185,1,0.19747328284733395,0.8025267171526659
1186,1,0.19664744840620982,0.8033525515937902
1187,1,0.1960892153021403,0.8039107846978595
1188,1,0.19321388026506878,0.8067861197349313
1189,1,0.19433005320995803,0.8056699467900421
1190,1,0.1933764527218625,0.8066235472781376
1191,1,0.19427079807104158,0.8057292019289581
1192,1,0.19777627941402756,0.8022237205859722
1193,1,0.19614041274736502,0.8038595872526348
1194,1,0.19630605974529453,0.8036939402547055
1195,1,0.1970499179937319,0.8029500820062679
1196,1,0.19422354558813665,0.8057764544118633
1197,1,0.19502279185219934,0.8049772081478007
1198,1,0.19767800592430218,0.8023219940756977
1199,1,0.19457080123009945,0.8054291987699005
1200,1,0.19570431826859633,0.8042956817314035
1201,1,0.1947539109171547,0.8052460890828452
1202,1,0.19607384059782074,0.8039261594021792
1203,1,0.1938273321016047,0.8061726678983954
1204,1,0.19264311228432543,0.8073568877156747
1205,1,0.19480702754817095,0.8051929724518292
1206,1,0.1939098825526775,0.8060901174473225
1207,1,0.19671215094365485,0.803287849056345
1208,1,0.19784944979472358,0.8021505502052764
1209,1,0.19439223566523758,0.8056077643347624
1210,1,0.19420575107196963,0.8057942489280302
1211,1,0.19759547473604605,0.8024045252639539
1212,1,0.1946796709340115,0.8053203290659885
1213,1,0.19436497810709336,0.8056350218929065
1214,1,0.19500711811745242,0.8049928818825475
1215,1,0.1974562700822021,0.8025437299177979
1216,1,0.19686878571396502,0.8031312142860351
1217,1,0.19385341208853593,0.8061465879114641
1218,1,0.19536770861820268,0.8046322913817973
1219,1,0.194047333887187,0.8059526661128131
1220,1,0.1947409200572569,0.8052590799427429
1221,1,0.19507257980722764,0.8049274201927723
1222,1,0.19450212220799284,0.8054978777920073
1223,1,0.19697653371404888,0.8030234662859511
1224,1,0.19500096213381868,0.8049990378661812
1225,1,0.1976993912166368,0.8023006087833633
1226,1,0.1944694031847843,0.8055305968152157
1227,1,0.19770156869328276,0.8022984313067172
1228,1,0.19580179001804163,0.8041982099819582
1229,1,0.1977171130855476,0.8022828869144523
1230,1,0.19253406892777342,0.8074659310722266
1231,1,0.19593157425493696,0.8040684257450629
1232,1,0.19724912825143764,0.8027508717485622
1233,1,0.19769230554365697,0.802307694456343
1234,1,0.19767018288752242,0.8023298171124775
1235,1,0.19277386838735053,0.8072261316126494
1236,1,0.19786927719060188,0.8021307228093981
1237,1,0.1927561094522928,0.8072438905477071
1238,1,0.19628411954607472,0.8037158804539251
1239,1,0.1953129561864563,0.8046870438135436
1240,1,0.19282221144058748,0.8071777885594125
1241,1,0.19714324219417362,0.8028567578058263
1242,1,0.19382635551542188,0.8061736444845782
1243,1,0.19457712231897714,0.8054228776810227
1244,1,0.1995006309294768,0.8004993690705231
1245,1,0.1946079655657458,0.8053920344342542
1246,1,0.19740771577896407,0.8025922842210358
1247,1,0.19501894687883753,0.8049810531211626
1248,1,0.19721946707667812,0.8027805329233217
1249,1,0.19518189409509326,0.8048181059049065
1250,1,0.1976596712878694,0.8023403287121305
1251,1,0.19455993820405232,0.8054400617959476
1252,1,0.1966684628054471,0.8033315371945529
1253,1,0.19775994524521717,0.8022400547547827
1254,1,0.1977166026448805,0.8022833973551196
1255,1,0.19532005287273974,0.8046799471272603
1256,1,0.19739250468305936,0.8026074953169406
1257,1,0.19279893972899342,0.8072010602710067
1258,1,0.1955043502761372,0.8044956497238627
1259,1,0.19485560768156035,0.8051443923184396
1260,1,0.1974242700053447,0.8025757299946552
1261,1,0.1958120129186347,0.8041879870813652
1262,1,0.19689655195491867,0.8031034480450814
1263,1,0.1944329034930509,0.805567096506949
1264,1,0.19437740229270567,0.8056225977072943
1265,1,0.19724782269404195,0.8027521773059579
1266,1,0.19420507017010227,0.8057949298298979
1267,1,0.19372132688974958,0.8062786731102506
1268,1,0.19396087901742137,0.8060391209825786
1269,1,0.19494765071626433,0.8050523492837357
1270,1,0.1929259153718111,0.8070740846281887
1271,1,0.1947625451041597,0.8052374548958401
1272,1,0.1977444607506779,0.802255539249322
1273,1,0.1949921608340738,0.8050078391659262
1274,1,0.19744653840634757,0.8025534615936524
1275,1,0.19486950177466184,0.8051304982253382
1276,1,0.19525770606918438,0.8047422939308155
1277,1,0.1942600950267233,0.8057399049732765
1278,1,0.19721101292658552,0.8027889870734144
1279,1,0.19684157114466255,0.8031584288553374
1280,1,0.1946617422316162,0.8053382577683837
1281,1,0.19584552595858554,0.8041544740414144
1282,1,0.1973225659470818,0.8026774340529181
1283,1,0.1949493345768091,0.805050665423191
1284,1,0.19725420259777532,0.8027457974022247
1285,1,0.19702071504002455,0.8029792849599755
1286,1,0.19719023603668612,0.8028097639633138
1287,1,0.19683067886615854,0.8031693211338414
1288,1,0.19583924558507088,0.804160754414929
1289,1,0.19324352385440122,0.8067564761455989
1290,1,0.19380827807210962,0.8061917219278903
1291,1,0.19566481121551088,0.8043351887844891
1292,1,0.19789421949680525,0.8021057805031946
1293,1,0.19499827739687134,0.8050017226031286
1294,1,0.19668131934715274,0.8033186806528472
1295,1,0.19573562920741172,0.8042643707925882
1296,1,0.19739631467505028,0.8026036853249495
1297,1,0.19470084622138098,0.8052991537786192
1298,1,0.1955189951875232,0.8044810048124766
1299,1,0.19782230545177634,0.8021776945482235
1300,1,0.19393056632169797,0.8060694336783019
1301,1,0.19914351515362858,0.8008564848463712
1302,1,0.1988753881850277,0.8011246118149723
1303,1,0.19677145217520126,0.8032285478247987
1304,1,0.19385729787036868,0.8061427021296312
1305,1,0.1948499399521622,0.8051500600478377
1306,1,0.19495825600883793,0.8050417439911624
1307,1,0.19438383530926256,0.8056161646907374
1308,1,0.19389777691576268,0.8061022230842374
1309,1,0.19504908216603675,0.8049509178339633
1310,1,0.1959345620533485,0.8040654379466515
1311,1,0.19677096737253175,0.8032290326274681
1312,1,0.19445250254541208,0.8055474974545881
1313,1,0.19757620384878222,0.8024237961512176
1314,1,0.1962925169621784,0.8037074830378217
1315,1,0.19546592371031352,0.8045340762896863
1316,1,0.19521724707588728,0.8047827529241125
1317,1,0.19775517404198628,0.8022448259580136
1318,1,0.19763546154733866,0.8023645384526612
1319,1,0.1952994471749049,0.8047005528250951
1320,1,0.1947198127263424,0.8052801872736577
1321,1,0.19582377180924565,0.8041762281907543
1322,1,0.19766108648739325,0.8023389135126067
1323,1,0.19757110811923578,0.8024288918807642
1324,1,0.1935412983570282,0.806458701642972
1325,1,0.1962207229210761,0.8037792770789238
1326,1,0.1956602567149308,0.8043397432850691
1327,1,0.19581615415565015,0.8041838458443497
1328,1,0.1977416343177688,0.8022583656822313
1329,1,0.19474535766043308,0.8052546423395668
1330,1,0.19356566038567075,0.8064343396143292
1331,1,0.19472287222087242,0.8052771277791276
1332,1,0.19587749249702,0.8041225075029799
1333,1,0.19754113578459673,0.8024588642154031
1334,1,0.19533378168052135,0.8046662183194787
1335,1,0.19795972029581232,0.8020402797041875
1336,1,0.19490989780436035,0.8050901021956397
1337,1,0.19526215681446035,0.8047378431855396
1338,1,0.19445077333473404,0.8055492266652658
1339,1,0.19759822363244858,0.8024017763675513
1340,1,0.1974050596606176,0.8025949403393822
1341,1,0.1945042048046258,0.8054957951953743
1342,1,0.19501769188513518,0.8049823081148648
1343,1,0.1943917370877435,0.8056082629122565
1344,1,0.1956629199179706,0.8043370800820293
1345,1,0.19372488165786286,0.806275118342137
1346,1,0.19400982259921914,0.8059901774007807
1347,1,0.19664633069268547,0.8033536693073146
1348,1,0.19577469393200472,0.8042253060679952
1349,1,0.19784867293097594,0.8021513270690239
1350,1,0.19599570655496582,0.8040042934450341
1351,1,0.1931071972936186,0.8068928027063814
1352,1,0.1971437225016981,0.8028562774983019
1353,1,0.19649138445796557,0.8035086155420345
1354,1,0.19559970865044396,0.8044002913495559
1355,1,0.19751889323483426,0.8024811067651656
1356,1,0.1976322093985586,0.8023677906014413
1357,1,0.19680259985706602,0.8031974001429338
1358,1,0.1972071921946048,0.8027928078053952
1359,1,0.19376936597707886,0.8062306340229212
1360,1,0.19688802607339356,0.8031119739266064
1361,1,0.19478889570073638,0.8052111042992636
1362,1,0.1953336345501168,0.8046663654498831
1363,1,0.19438599097055276,0.8056140090294474
1364,1,0.19629102152271174,0.8037089784772883
1365,1,0.19578183511010344,0.8042181648898966
1366,1,0.19685910177768268,0.8031408982223173
1367,1,0.1943056956034767,0.8056943043965233
1368,1,0.19514909369416572,0.804850906305834
1369,1,0.19489372661137533,0.8051062733886247
1370,1,0.19479581055083547,0.8052041894491646
1371,1,0.1957588280424975,0.8042411719575024
1372,1,0.19560048396285148,0.8043995160371484
1373,1,0.1939155326078476,0.8060844673921522
1374,1,0.19723621483554651,0.8027637851644535
1375,1,0.19775766556477214,0.8022423344352276
1376,1,0.19706638267576468,0.8029336173242353
1377,1,0.19520678419917337,0.8047932158008265
1378,1,0.19558616365930276,0.8044138363406972
1379,1,0.19418140783177618,0.8058185921682239
1380,1,0.1977391506042149,0.802260849395785
1381,1,0.19535319235500292,0.8046468076449969
1382,1,0.19763774352126479,0.802362256478735
1383,1,0.19750784116096262,0.8024921588390372
1384,1,0.19414771706598338,0.8058522829340165
1385,1,0.195112948850848,0.804887051149152
1386,1,0.1962618545489986,0.8037381454510013
1387,1,0.19483513999999622,0.8051648600000039
1388,1,0.19364146290926026,0.8063585370907397
1389,1,0.19354768867530003,0.8064523113246999
1390,1,0.19772673550974962,0.8022732644902503
1391,1,0.1944824961849568,0.8055175038150433
1392,1,0.1978553267366034,0.8021446732633966
1393,1,0.19443358670139405,0.805566413298606
1394,1,0.19627376907888672,0.8037262309211132
1395,1,0.19748366316082766,0.8025163368391723
1396,1,0.19470120127590754,0.8052987987240924
1397,1,0.1946664627179376,0.8053335372820623
1398,1,0.1970404747342938,0.8029595252657062
1399,1,0.197541902622624,0.8024580973773761
1400,1,0.19786612790729668,0.8021338720927036
1401,1,0.1948831515516713,0.8051168484483286
1402,1,0.19736453935249335,0.8026354606475066
1403,1,0.19498381026949496,0.8050161897305049
1404,1,0.1951887567900691,0.8048112432099309
1405,1,0.19666522949761558,0.8033347705023844
1406,1,0.19597246203806332,0.8040275379619366
1407,1,0.19265054223945705,0.807349457760543
1408,1,0.19581054271444112,0.8041894572855588
1409,1,0.19615391619292097,0.8038460838070789
1410,1,0.19658780422881642,0.8034121957711836
1411,1,0.19498648946367747,0.8050135105363226
1412,1,0.19362951478472817,0.806370485215272
1413,1,0.19721448615049195,0.8027855138495079
1414,1,0.19783244160361516,0.8021675583963848
1415,1,0.19458671256687876,0.8054132874331211
1416,1,0.19345543652491687,0.806544563475083
1417,1,0.19710188311124574,0.8028981168887542
1418,1,0.19447402945469952,0.8055259705453004
1419,1,0.19287272895143406,0.8071272710485659
1420,1,0.19587123243049753,0.8041287675695024
1421,1,0.19386792075361786,0.8061320792463823
1422,1,0.19755075565725028,0.8024492443427496
1423,1,0.1946767382591253,0.8053232617408745
1424,1,0.19377687580555641,0.8062231241944436
1425,1,0.19509325475736267,0.8049067452426373
1426,1,0.1989704559611925,0.8010295440388076
1427,1,0.19556600794596132,0.8044339920540386
1428,1,0.19640466287676514,0.8035953371232347
1429,1,0.1938049522444401,0.80619504775556
1430,1,0.19431815291474183,0.8056818470852581
1431,1,0.19367082453440976,0.8063291754655904
1432,1,0.1936954809284579,0.8063045190715423
1433,1,0.19431643158786477,0.8056835684121353
1434,1,0.19367557893563392,0.806324421064366
1435,1,0.19646754038625974,0.8035324596137402
1436,1,0.19349557252720392,0.8065044274727964
1437,1,0.19473027685287755,0.8052697231471223
1438,1,0.1972758943859664,0.8027241056140335
1439,1,0.19656402630865505,0.803435973691345
1440,1,0.19418997283591505,0.805810027164085
1441,1,0.19725215250760986,0.8027478474923899
1442,1,0.1930808986948685,0.8069191013051314
1443,1,0.19548510131843874,0.8045148986815611
1444,1,0.1955647470844643,0.8044352529155356
1445,1,0.19785642802340134,0.8021435719765986
1446,1,0.19493996291935783,0.805060037080642
1447,1,0.19406927291438886,0.8059307270856111
1448,1,0.1940616056472006,0.8059383943527996
1449,1,0.19391526361477926,0.8060847363852206
1450,1,0.19779614714471133,0.8022038528552885
1451,1,0.1951331426299086,0.8048668573700913
1452,1,0.19779647781891563,0.8022035221810843
1453,1,0.19339468450632055,0.8066053154936794
1454,1,0.1943507130430502,0.8056492869569499
1455,1,0.1944970214208251,0.805502978579175
1456,1,0.19419638271592926,0.8058036172840707
1457,1,0.19687411506187386,0.8031258849381262
1458,1,0.1934393953720245,0.8065606046279754
1459,1,0.19601690996888416,0.8039830900311158
1460,1,0.19704656611807078,0.8029534338819293
1461,1,0.1964145713106094,0.8035854286893906
1462,1,0.1924718210353021,0.8075281789646978
1463,1,0.19684866696775413,0.8031513330322457
1464,1,0.19661886736982026,0.8033811326301796
1465,1,0.19375291669427624,0.8062470833057238
1466,1,0.1977640158551611,0.8022359841448388
1467,1,0.19122863070064042,0.8087713692993598
1468,1,0.19587216313979763,0.8041278368602022
1469,1,0.1933577244103945,0.8066422755896057
1470,1,0.19591589734692832,0.8040841026530717
1471,1,0.19708328678680523,0.8029167132131947
1472,1,0.19727167257174383,0.8027283274282562
1473,1,0.19326250046019297,0.8067374995398071
1474,1,0.19343069256315454,0.8065693074368454
1475,1,0.193834420096127,0.8061655799038728
1476,1,0.19189373051531342,0.8081062694846866
1477,1,0.1930989116133594,0.8069010883866404
1478,1,0.1827475584835456,0.8172524415164542
1479,1,0.19783310338006888,0.8021668966199311
1480,1,0.19787234915576085,0.8021276508442391
1481,1,0.19898700576555212,0.8010129942344479
1482,1,0.19771450564698326,0.8022854943530167
1483,1,0.1939723806235948,0.8060276193764053
1484,1,0.1955686096381742,0.8044313903618256
1485,1,0.19668495910719064,0.8033150408928093
1486,1,0.1931368590725391,0.806863140927461
1487,1,0.19610801833867103,0.8038919816613289
1488,1,0.19500308343729336,0.8049969165627069
1489,1,0.19566049503693903,0.8043395049630611
1490,1,0.19382632503933803,0.8061736749606621
1491,1,0.19599202318279704,0.8040079768172029
1492,1,0.1971295093265784,0.8028704906734218
1493,1,0.19493413069882157,0.8050658693011785
1494,1,0.19680972484597023,0.8031902751540295
1495,1,0.1964092084591102,0.8035907915408897
1496,1,0.1936278063551257,0.8063721936448743
1497,1,0.19630683124137488,0.8036931687586251
1498,1,0.19761169716007335,0.8023883028399267
1499,1,0.19668350257787887,0.8033164974221212
1500,1,0.19707414799599085,0.8029258520040091
1501,1,0.19419915565066295,0.805800844349337
1502,1,0.1940708818299152,0.8059291181700848
1503,1,0.19697914461077257,0.8030208553892274
1504,1,0.1974577016799385,0.8025422983200615
1505,1,0.19377556161173928,0.8062244383882607
1506,1,0.19294933624764216,0.8070506637523579
1507,1,0.1963005980923426,0.8036994019076575
1508,1,0.19411803387068974,0.8058819661293102
1509,1,0.19248103848397732,0.8075189615160226
1510,1,0.1962138648247825,0.8037861351752176
1511,1,0.1939139501793024,0.8060860498206976
1512,1,0.19511908040457177,0.8048809195954283
1513,1,0.1940386196923176,0.8059613803076824
1514,1,0.1940046300436965,0.8059953699563035
1515,1,0.1963909790994136,0.8036090209005863
1516,1,0.19788834766702762,0.8021116523329722
1517,1,0.19792023901279537,0.8020797609872045
1518,1,0.19252996246652807,0.807470037533472
1519,1,0.1974176810411982,0.8025823189588015
1520,1,0.19463377670375373,0.8053662232962461
1521,1,0.19535216993838841,0.8046478300616113
1522,1,0.1943118534914184,0.8056881465085816
1523,1,0.19782123786219827,0.8021787621378017
1524,1,0.19702008191719175,0.802979918082808
1525,1,0.19480913920277215,0.805190860797228
1526,1,0.19582166285437502,0.8041783371456248
1527,1,0.19523742929545662,0.8047625707045432
1528,1,0.19502588381198832,0.8049741161880117
1529,1,0.19653292722653667,0.8034670727734632
1530,1,0.19766934453686943,0.8023306554631304
1531,1,0.19788265132109845,0.8021173486789015
1532,1,0.19461390809297918,0.8053860919070207
1533,1,0.19582614530047784,0.804173854699522
1534,1,0.1924280423616938,0.8075719576383061
1535,1,0.19755914156112575,0.8024408584388742
1536,1,0.19482780057674898,0.805172199423251
1537,1,0.1974386150554744,0.8025613849445256
1538,1,0.1967906581490746,0.8032093418509254
1539,1,0.1976415107126018,0.8023584892873983
1540,1,0.1925343866555813,0.8074656133444187
1541,1,0.19745114939496838,0.8025488506050316
1542,1,0.19562214061607955,0.8043778593839201
1543,1,0.19502316587021315,0.8049768341297868
1544,1,0.19516350069161964,0.8048364993083801
1545,1,0.19433820856309145,0.8056617914369084
1546,1,0.19433986985346485,0.8056601301465351
1547,1,0.1957773551637622,0.8042226448362377
1548,1,0.1975652768222218,0.8024347231777782
1549,1,0.1931268817881163,0.8068731182118837
1550,1,0.19513348384105605,0.8048665161589439
1551,1,0.1950108332702348,0.8049891667297653
1552,1,0.19430844532411323,0.8056915546758869
1553,1,0.19790289833877922,0.8020971016612206
1554,1,0.19491882014638778,0.8050811798536122
1555,1,0.19822360360722757,0.8017763963927724
1556,1,0.19678199998777032,0.8032180000122295
1557,1,0.19749143513793999,0.80250856486206
1558,1,0.1936419954406715,0.8063580045593286
1559,1,0.1939013057514613,0.8060986942485387
1560,1,0.19359446418347148,0.8064055358165285
1561,1,0.19741508533423416,0.8025849146657655
1562,1,0.19355718526501742,0.8064428147349826
1563,1,0.1978151774139128,0.8021848225860871
1564,1,0.19345009464271593,0.8065499053572841
1565,1,0.19416654037465272,0.8058334596253471
1566,1,0.19264735629463997,0.80735264370536
1567,1,0.19609035935704694,0.8039096406429531
1568,1,0.19588407307885886,0.8041159269211411
1569,1,0.19391960433225147,0.8060803956677487
1570,1,0.19780496871047845,0.8021950312895214
1571,1,0.19459745802133535,0.8054025419786646
1572,1,0.19485068746682266,0.8051493125331775
1573,1,0.19336917966385805,0.806630820336142
1574,1,0.1964942002162528,0.8035057997837471
1575,1,0.19714465407939508,0.8028553459206048
1576,1,0.19417376848967322,0.8058262315103267
1577,1,0.19712820234067907,0.8028717976593208
1578,1,0.19327698948622332,0.8067230105137767
1579,1,0.19637479864678903,0.803625201353211
1580,1,0.19738438832396615,0.8026156116760339
1581,1,0.19767886186028133,0.8023211381397187
1582,1,0.19534285724412265,0.8046571427558774
1583,1,0.19580637661445777,0.8041936233855422
1584,1,0.1955548466217048,0.8044451533782955
1585,1,0.19733960551075153,0.8026603944892484
1586,1,0.19689892810203125,0.8031010718979686
1587,1,0.1947683961162515,0.8052316038837486
1588,1,0.1959893147768538,0.804010685223146
1589,1,0.1948031545426166,0.8051968454573833
1590,1,0.1922959556085459,0.807704044391454
1591,1,0.19770540480970383,0.802294595190296
1592,1,0.19703339751503654,0.8029666024849632
1593,1,0.1940895966660157,0.8059104033339842
1594,1,0.1959143799594611,0.804085620040539
1595,1,0.19750948746037206,0.802490512539628
1596,1,0.1954726504306213,0.8045273495693788
1597,1,0.1964445713908273,0.8035554286091726
1598,1,0.19395811122181672,0.8060418887781831
1599,1,0.19250770695977915,0.807492293040221
1600,1,0.19533092649422895,0.8046690735057711
1601,1,0.19627873065574053,0.8037212693442595
1602,1,0.1949164127197749,0.8050835872802249
1603,1,0.197791321400072,0.8022086785999278
1604,1,0.19629002538823975,0.8037099746117601
1605,1,0.19412872242907434,0.8058712775709255
1606,1,0.19465625093907532,0.8053437490609247
1607,1,0.19682227793271748,0.8031777220672824
1608,1,0.19376294804255945,0.8062370519574407
1609,1,0.19361884028725207,0.8063811597127479
1610,1,0.196603368763189,0.8033966312368109
1611,1,0.19507003065392697,0.8049299693460729
1612,1,0.19517740423980973,0.8048225957601902
1613,1,0.1949493082418386,0.8050506917581612
1614,1,0.19747880071844756,0.8025211992815524
1615,1,0.1950969300716603,0.8049030699283397
1616,1,0.1975358785523343,0.8024641214476658
1617,1,0.19794320133568463,0.8020567986643155
1618,1,0.1949180935144809,0.8050819064855192
1619,1,0.19643829557492568,0.8035617044250742
1620,1,0.19761280767805048,0.8023871923219493
1621,1,0.19382602229685203,0.8061739777031478
1622,1,0.19471981300540786,0.8052801869945923
1623,1,0.19684949809738725,0.8031505019026126
